Feature,Importance,Mean_SHAP
CCL4L1,0.0032684017130770204,0.0015041346477255829
ZFP36L2,0.002822834246120238,-0.0002273040839709057
CCL4,0.0027015710038571605,0.00033188839409339834
CSRNP1,0.0026774419795282047,0.0007201124616542189
SPON2,0.002433600338195277,0.00044947022702879197
MOCS3,0.002378854180492794,0.00011443346113226389
CCL4L2,0.002047140013356423,0.0006870778147744293
AURKB,0.001987867727304452,0.0008234463759067686
CCL3L1,0.001796582510586359,-0.0001940854257042282
DHFR,0.00179152590863167,0.00037007802143019803
IGHV3-72,0.0017807804662297363,-0.0004554308249295426
DPH2,0.001771109097213075,-0.00033030091323707895
CENPO,0.0017234402507668972,-0.00011773183611198541
DPEP2,0.00170247914233213,0.00039579223141906214
EPRS1,0.0017020005400755899,0.0004918338233003911
CRELD1,0.0016897727658478216,0.00020877870912304448
FCGR2B,0.0016700141477147296,-0.00011781456067214906
SYTL3,0.001641080608616368,0.0007726335064424567
TMIGD2,0.0015897444912961135,5.316742682808208e-05
ZNF319,0.0015424159391819417,0.00030342678514361357
DNASE1L1,0.0015349778179748793,0.0002947980056657325
KIF22,0.0014848255212670542,-0.0003669358818095876
PDXK,0.0014474472837212723,-0.0004263422713277602
SRSF5,0.001445101817477109,0.00047745254277384573
GATD3,0.0014366225288077986,0.0001886458414174514
HBS1L,0.0014090485292791604,5.8026634971297794e-05
COG6,0.0014057339699041244,0.0003791228067116016
HSD17B12,0.0013862305983004435,9.155850373251384e-05
MOSMO,0.0013743320495872902,0.000477177552443238
PSMB9,0.0013733395540073128,-0.00056390682282731
GMPS,0.001355773007942427,0.00027786218985076193
ZNF22-AS1,0.0013522019300564996,0.0004689714154793397
MAFF,0.0013248911819550417,-8.67417229367222e-05
PWP2,0.0013152684494304064,0.00020111118103840233
POC1A,0.0013051712471444262,0.0004906509017824956
CLINT1,0.0012976208196927787,0.0004062173020344384
ZDHHC12,0.0012826884814920202,0.000540036794331301
KSR1,0.0012712027395956438,6.856481354318738e-05
TTC38,0.0012622196151045129,6.268079027802492e-05
CENPP,0.0012500366251452187,0.000230692183167415
NCAPH,0.0012254153821443735,0.0004725010520381383
UBE2L6,0.001193197155340677,-1.615581521913507e-05
ACTN4,0.0011911046980569238,-0.0001270766522681387
MKI67,0.0011871510142189873,0.00032355291630903533
METTL18,0.0011656358485736568,0.00023188717525147648
SIKE1,0.0011644192683962508,-0.00034615473813460817
DOK7,0.0011543669324214029,0.00010416666810774178
GPR18,0.0011497586744891573,-0.00013900615835914554
RBSN,0.0011483750059551137,-0.0001338247236345543
GIPC1,0.0011479025946217962,0.00014388017951959362
RDH14,0.001133040401324328,-0.0003884907113718585
RAB37,0.0011269875308348696,0.0005701773141288061
ITM2A,0.0011254887324833108,0.00023379598309404822
ING3,0.0011097084451162542,0.0003050467560237651
MTCH1,0.0011011289325541574,9.14539526359139e-05
MZT2A,0.0010984761027534496,3.525604548650795e-05
S100B,0.0010972533003901915,0.0002049056180073873
ATR,0.0010959516738901778,0.0006218790690475385
CYTH1,0.0010943368665822903,0.0002413014142207007
RMND1,0.0010906954864307041,0.0005661720803019039
WDR76,0.0010873328562889814,8.266943586975993e-05
CHEK1,0.00108018791064801,0.00021383404847603274
CNEP1R1,0.0010795232162601396,0.0001366826291429042
OR7E140P,0.001068947914920216,0.0003709632654396767
ANAPC7,0.0010652251269415095,0.0004273277052065171
CPSF6,0.0010635198637864815,-0.00022837525401550916
CWC27,0.0010620360587906322,-2.373568345273614e-06
GCNA,0.0010619050018246632,-3.946231510576892e-05
RBL1,0.0010598952385461344,0.0005332767090876728
STRN,0.0010582492974321389,0.00019738472274771006
ZC3H12A,0.0010577634870900545,5.895038241281185e-06
PPP3CB,0.0010549092334980663,-0.00016644872460876416
LINC00892,0.0010462064952934148,2.8866819879294448e-05
C19orf48,0.0010412732326087692,-0.00027976422184103713
ZNF32,0.001034871859474956,0.00018124245161834631
PRR14L,0.001034257265152547,5.365717784981585e-05
ALAS1,0.0010269766959002233,-2.927561839719308e-05
ZNF654,0.001026807183351843,-0.00014086381031136634
IGHV3-69-1,0.001021328181931897,-0.00022217386646990707
TMEM175,0.001016835848617204,0.0004243339488885249
NFKBIA,0.001015582155183061,0.00033655375330474856
HBG1,0.0010149247342930378,0.00024390092534785245
NSMCE3,0.0010062498246169963,-0.00029195660400906467
SNN,0.0010036669134702108,-0.0001287976690011888
TMEM176B,0.0010019181607479628,-1.4034435853135479e-05
TDRD9,0.000994072690363256,0.00011362375380061102
EIF2B2,0.0009922034681881808,0.00022582727925500926
LOC124904613,0.0009879890230310652,0.00038279416549087615
MAGI2-AS3,0.0009845607996770772,7.142121508659104e-05
COPZ2,0.0009793133542524144,-0.00018132578525984348
DUSP7,0.0009773207499465105,0.00039023633614370854
TUBA1B,0.0009665286401364413,-0.00010346763320639622
SERPING1,0.0009651290889489105,-0.00012046178469296512
EXOC3L1,0.0009636221279705064,-8.118367355921463e-05
FSD1,0.000961200335420814,4.802737840621961e-05
RIPK2,0.0009600480308120782,0.0002466207587138577
CLIC3,0.000951101922334811,0.00011323433252748681
RGS14,0.0009497114312021022,1.033052301382884e-05
CKS2,0.0009483517827992158,5.4322481505588696e-05
KLF13,0.0009476147575807044,0.00023531371149901635
GTF2A1,0.0009470394978139579,0.00011148096050307608
CERCAM,0.0009467697690924544,0.00015591108529953562
PLEK,0.0009429497526512084,0.00029717899464774773
PPP1R15A,0.0009428906831869541,0.0003157942556803445
TRIM69,0.0009427960957404946,0.00011297952371940056
KCTD17,0.0009425369322379667,0.0002536953678602172
ASH1L-AS1,0.0009413087415290674,0.00018271126755028716
NCOA2,0.0009405150446152169,0.0001882829762489536
PLK3,0.0009375871747078441,-0.00013346975705173008
DNAJC21,0.0009369506498983995,-0.00011017652093159904
RGS2,0.0009367565783253795,0.00016547186706127774
TRAPPC6B,0.0009364880148324516,1.4123314157737968e-05
DYNLT3,0.0009358895599027499,2.465231361699526e-05
ANPEP,0.000934068187343684,-0.0002706318283516025
CAMSAP2,0.0009336643926950711,-4.3845713057071374e-05
NOP9,0.0009272034340885296,0.00017390884068906417
TRIOBP,0.0009264393241597116,-2.415028721511394e-06
GCC1,0.0009254127407203066,8.029086405453023e-05
EGR3,0.0009251919100438073,0.00037333535270156395
FAF1,0.0009212865736488252,0.0003785481559276988
PRR11,0.0009212179178641908,-6.988554252308046e-05
CMTM4,0.0009184053854464431,8.562820973701953e-05
HLA-DMA,0.0009172671892558187,-0.00040497171141478397
BDH2,0.0009169661588395594,-0.00015709947089418943
FSD1L,0.0009138793263829328,-0.00025951971289929585
MTHFD2L,0.0009138783919436527,0.00020092106811814669
PRDM5,0.0009126056119314812,0.00030839484149840034
GPNMB,0.0009117585117961335,0.00013237169880570034
IL27,0.0009057206301654444,-0.00032837966871617955
IARS1,0.0009044040460704258,0.0002035682811865317
CPSF3,0.0009041975098160253,0.00016091232979752683
LGALS8,0.0009033766696293127,9.590852869138442e-05
MTX1P1,0.0009025747805233542,-0.00019485327602647033
BRI3BP,0.0009014412967619533,-0.00025365790151389843
MARCKSL1,0.000900965177572966,0.0002890539153102835
ADAM8,0.0008985571217109825,5.83089465162107e-05
SPATA20,0.0008967031912723909,0.0001808649078091724
CIP2A,0.0008936355354174477,4.6447929317083964e-05
NFS1,0.0008930175874977046,0.000189414560569728
CLEC12B,0.0008923378229128603,-0.0003668067112072531
ZNG1F,0.000891496572368572,0.00026705131242652473
RGP1,0.0008877816136174845,0.0002885941437775553
MS4A2,0.0008862115868610358,0.00012408991483931964
XPNPEP3,0.0008852758843984119,9.357989824289623e-05
RPS6KA1,0.0008820055275827065,8.225621225175809e-05
GZMM,0.0008810377965989805,0.00011528533670593247
TCF4,0.000875317307784351,3.000302707171409e-05
TMEM109,0.000870421219060737,-0.00013148062378761608
CIPC,0.0008696951004498219,-0.00013501148380460758
ALG10,0.0008691986744576477,0.00045921301360884635
CBX8,0.0008676976073940437,0.0003146570439406398
FOXN3-AS1,0.000867336582442623,-0.00017489736783213736
AQR,0.0008630799045332746,-0.0001584725457161036
TGFBR1,0.0008608756226454943,-0.00010303979529468311
ZCCHC8,0.0008584272934368145,0.00018142015417923403
CSTF2,0.0008540925686406424,0.0001257928025733871
PPP3CC,0.0008469082065180526,0.00010721969431087358
DCAF10,0.0008406705540968493,0.00013784984538980785
KCTD5,0.0008377133707072776,3.6052659954850845e-05
RAB3GAP1,0.0008371486086706115,-8.08010538495244e-05
PLA2G4C,0.0008370650169816821,0.0001263147656790064
TCP1,0.0008359820010169955,3.0079516727085702e-05
CD40,0.0008352149984992316,9.773709920715364e-05
SLC1A7,0.0008348499508004893,0.00022169016939669489
TRIM65,0.000832365845515281,-0.00017180846942738967
CERS4,0.0008268480553219714,-5.742321986754654e-05
ZNF460,0.0008243399109493557,6.598853303374454e-05
RIOX1,0.000823264823412351,0.00011648494777344296
PLPP7,0.0008210801058764106,0.00017540187630645304
NDUFS1,0.000819380054050212,0.00031746942969590713
TTC9,0.000814334228950273,-4.1517038946518186e-05
BCAT1,0.0008112978638151255,-1.7412440363937954e-05
NBAS,0.0008093248835623118,0.0003089642125210222
FGD3,0.0008069440330342501,1.9450283542483968e-05
KLF2,0.000805060498481916,1.7668662642947926e-05
PPM1D,0.0008044862635853936,-0.00010291687680338596
RPS6KA2,0.0007995653158659433,0.0003053539425269405
RRM1,0.0007992499033614288,0.00011865506923490646
EZH2,0.0007975699683623306,0.0003407467257383033
TAF9,0.0007975520752028515,0.00015090216724255418
IRF1,0.0007957036726587876,7.174187612097446e-05
HMGB3,0.0007901786639324884,-0.00042851053356778577
FRA10AC1,0.0007887978757494387,0.0005383501537660841
ANXA2R-AS1,0.0007875553329589452,0.000118092865027206
ATAD3C,0.0007855294081412876,-0.00012128103287769455
DDX5,0.0007824555676225459,7.619507296685395e-05
UPF3A,0.0007810151696944139,6.425902697182035e-05
MSH3,0.0007806026984239013,7.08990897603082e-05
TAOK3,0.000779413453262998,-3.202802284042248e-05
SPAG16,0.0007787695589051995,0.0003294517661705261
PSD,0.000778130101556427,0.00010810898757366568
XPOT,0.0007765869932970488,0.00013302487304822904
SMC3,0.0007753860230742259,0.00019867371668124033
ABO,0.0007745262960343641,3.327402911770361e-05
TM7SF3,0.0007744177230258437,-0.0001188880901552274
SLC35A4,0.0007743477667038627,2.4866307854194867e-05
WDR6,0.0007733839942769019,-0.0001261599195025819
NEIL1,0.0007720671365784651,3.3628216468846006e-05
PLBD2,0.0007718735171363865,-5.06169032145714e-05
TBKBP1,0.0007711558897004493,0.00027733526149349464
FOXK2,0.0007668035472983142,0.0004002015708757002
STUB1,0.0007653992139502373,-5.125244682072681e-05
ABCG1,0.0007619353267924059,7.728171056545032e-05
CEP128,0.0007577826162447652,-0.00014201441922993417
CREB3,0.0007574882521366441,-0.00011631136808983642
CDKN1B,0.000756944733101108,6.417190180867078e-05
RNU4ATAC,0.0007566915219049772,8.425101366299005e-05
TUBB,0.0007564449207178819,0.00023437518637293924
PSME3IP1,0.0007564328033096306,0.00023612565083809656
ERMARD,0.0007535711644520319,0.00010546688520529414
NAXE,0.0007509245129138077,-3.0727460546902005e-05
DLEU2,0.0007482553402485635,-3.4366064028615806e-05
DDX56,0.0007480490066596348,-0.0002784071012349038
PCOLCE,0.0007456943652146682,0.00026800492069563347
PITPNM1,0.0007455445458176682,-0.0001536901501291921
RPS10P15,0.0007443823550926307,-0.00036638542164148653
VIPAS39,0.0007435835519272248,0.00019649276270220582
CLN6,0.0007430222683186647,-0.0002737212550793401
PPIP5K1,0.0007398560129165787,7.48045689364397e-05
TSSK6,0.0007389093391402179,-7.000723165636722e-05
TOR4A,0.000737541203480599,-0.00010810146688515113
UBE3C,0.000736935055868643,-3.200815336194271e-05
TSPAN3,0.0007329240121809798,8.327768091872269e-06
HMGN1,0.0007326264445953357,8.588600774309518e-07
FOXP1,0.0007311273090848458,0.00012014077548832777
NAALADL1,0.0007302145496496362,7.415838397025917e-05
H3C8,0.0007278659222075667,0.0002401972065616618
ORC6,0.000724326407464389,0.0003156170452104048
ADORA2B,0.0007221013583335707,-0.00020884556400475876
D2HGDH,0.0007219962547020734,0.0001863932172361246
KDM3B,0.000721061775479793,3.2469670998439155e-05
LOC102724023,0.0007196937139978133,0.00016091466422205392
PMS2CL,0.0007183372534884701,0.00026837014278449574
TRBV5-6,0.0007173642262658211,-0.00017027837556643477
CD79B,0.0007168850077662139,-0.0003052037857316983
SCN5A,0.000716145482636942,0.00010515525688790412
ORM2,0.0007149932595451928,1.1903746847305502e-05
ACCS,0.0007148494467665053,3.189996506683496e-05
R3HCC1L,0.0007146179519869884,-3.4696531415127073e-05
CDCA8,0.0007145960031174592,0.00014489844288139282
TMEM131,0.0007135319757954771,0.00020983542382798184
C11orf21,0.0007117928932745932,0.0001643859358600449
RPAP1,0.0007106262900453126,0.00026183023889068756
H4C14,0.0007098142677384911,1.0155199381435797e-05
COQ3,0.0007088744517052731,0.0002693005726703026
CDCA2,0.0007080910611902364,8.398381209156266e-05
STAT6,0.0007078002438411235,4.175458495223515e-05
ACVR2B,0.0007075958192835466,0.0003238072811187294
S100A4,0.0007047537796251218,6.348819126832451e-06
INTS10,0.0007028883561321974,-0.00019375115122860167
ID3,0.0007011768672674577,-7.257222826366345e-05
IFIT5,0.0007007830504445421,2.4072490855591795e-06
BTG1,0.0006995630511691036,0.00013657955870169117
COA7,0.0006969805000154446,0.00022425148065860105
C2orf68,0.0006956550222375643,-0.00013257277760815733
C6orf62,0.0006955113226947262,0.00015538518077723426
FGFR1,0.0006944594961482925,0.0003022524246292447
MGC16275,0.0006929269556151026,0.0001570231039130087
MTCO1P40,0.0006907637767161948,-0.0004698185194714402
RSRP1,0.0006864165418426606,0.0001123477353783096
IL3RA,0.0006851807973366114,5.8757851338472775e-05
ACER3,0.0006824012823647622,0.00016896139275672365
RNF130,0.0006791532587778155,9.769635850517655e-05
ZNF519,0.000679022911537165,-0.00011938856292532791
LILRB2,0.0006762827651949196,0.00011123453413859181
GAMT,0.0006759849081154865,0.00013979697406565146
IFITM1,0.0006756592124303885,-5.034887691322896e-05
GCLC,0.0006754209991744093,0.00016154924234659308
MAST3,0.0006741287281216013,0.0001420032182131282
GSTCD,0.000672924010143571,-4.52882263869959e-05
PILRA,0.0006676438241359579,0.00017530183677076064
LRRC61,0.0006658057703465525,0.00022480466578357586
WDR86,0.0006655645494001846,4.190051469089484e-05
APOL1,0.000665311146039019,-0.0001595633648882378
NIBAN3,0.0006641788635279902,0.00016060694067025449
MED24,0.0006639748468474292,0.00025535361236567666
RANGAP1,0.0006637666990851642,0.00010218088098552336
PPP6R3,0.0006622791078351075,0.0001534531318355002
ABCA3,0.0006571443863446525,-6.920990141755054e-05
TRERF1,0.0006568940360152511,0.00017374084665348763
CTU2,0.0006561247042103652,-2.9084924435527474e-05
HSPA5P1,0.0006524867354310217,1.0782734256906142e-05
SRSF2,0.0006505054466632418,-8.117165126602634e-05
TSKS,0.0006489365029478531,3.9239823561367114e-05
TIMM21,0.000647998517611125,0.00010522292550921301
DUSP6,0.0006472464801840554,0.0003805967449693411
MRPS12,0.0006454148390935453,-0.00025546810703356865
FBXO5,0.0006448761779129533,0.00020129726615843903
TBC1D14,0.0006444476939796694,-7.226751663129479e-06
TMEM87B,0.0006427103432396135,0.00020648513777307516
STAG1,0.0006425800193662257,-1.2689275904559524e-05
TTK,0.0006382842649087764,6.0582797784184096e-05
TMEM119,0.0006372300032827442,-0.00012741337529585762
TMEM129,0.0006347049409003712,-6.500169651939183e-06
ZNF768,0.0006330561712689669,-0.0001927063439628018
TP53INP2,0.0006327407392674375,0.00025016917017121106
TRAV19,0.0006324921594007645,-7.109477086172808e-05
VPS25,0.0006300541458655942,-1.24079084622612e-05
CAVIN3,0.0006290309014893595,0.00012894127990038985
UPF3B,0.0006286964200365662,-5.189918716289026e-05
RAVER2,0.0006282763276510428,0.00012682016154469777
PRF1,0.0006274623852898088,6.177351312510924e-05
OBI1,0.0006256573268008078,-6.328662070727036e-05
TAFA2,0.0006241810328932564,0.0002082906868363877
DCUN1D1,0.0006238567994841892,0.00010741636203945759
XRRA1,0.0006233296686252847,-1.1097178055785952e-05
PAXX,0.0006227467928853946,0.00015496504552115704
CHAF1A,0.0006208510771809729,0.00030441451352255383
ZNF778,0.0006206541570511631,-0.00011227149578241646
TNK2,0.0006184346150145595,0.00014386403221713578
NONO,0.0006171837090564464,-0.00015054942704511486
AGAP2,0.0006125103135306654,-8.856077746495361e-05
APBA3,0.0006112882316165849,5.546743208018908e-05
NDST2,0.0006112099987305482,6.343908610233564e-05
HOTAIRM1,0.0006096273272779693,-3.355475857677948e-05
BRIP1,0.0006078771658786608,4.466746132394472e-05
SH3TC1,0.0006060201364615743,-0.0002126499101807435
TOGARAM2,0.0006058136897937588,3.150700560084104e-05
SMCR8,0.000603245024701237,0.0001020133060227505
NAAA,0.0006016466611020306,-9.887710293871775e-05
DHCR7,0.0006001727327151072,-4.1901503088634714e-05
CHURC1,0.0005980002956128199,-9.076830118627841e-05
ACTR1B,0.000597269586574468,0.0001490967887821999
ZNF396,0.0005963333404578631,-4.2804154025876565e-05
CDC25A,0.000596091102529344,0.00036680533245601855
PRTN3,0.0005949256347756804,-1.9345616811172473e-05
GPR55,0.0005909584931762939,0.00011885887531113054
PLCXD1,0.0005906430247988118,-0.0002791384636456322
TRAV12-3,0.0005888598338241138,-0.0001727559038833181
ATP2B1-AS1,0.0005879904462465205,-4.620980022581251e-05
RAD54L,0.0005872496978931418,-0.0001403206340400687
ABCB7,0.0005816862935980935,-2.8310003611002686e-05
ABCA2,0.0005785694483526664,-0.0003335819325660513
LINC00665,0.0005782052456287135,-0.00019517997043290184
CHCHD6,0.0005765810999138859,-2.6012908228564822e-05
BIVM,0.000576096556957539,-6.253902926671932e-05
AP3M1,0.0005751373951376873,0.000220466858473515
POLR3B,0.000574530265980631,0.00019786173264281585
ENO1,0.0005734178213742711,-3.386003405304992e-05
KCTD2,0.0005733573552901447,0.00012388751457487106
GRAMD1C,0.0005709970613124693,6.747191302782448e-05
LMBR1,0.0005696862238877136,0.00012654161938686472
SLC38A5,0.0005691114566432138,2.3963177577714463e-05
ARHGAP31,0.0005679598532079256,0.00018970704183773126
PHLDA1,0.0005661609303405284,0.00015544989301992515
CHFR,0.0005656621904705631,6.918932995165128e-05
USP45,0.0005621920203266967,0.00021263505187318093
MATN1-AS1,0.00056048280039777,-7.59511210048189e-05
TMEM181,0.0005597004718869781,-7.839949375434505e-05
CXCL2,0.0005595148354834149,-6.617584450733744e-05
CAPN15,0.0005593088114219071,5.694977518928592e-05
ERCC3,0.0005583659863362879,-0.00023604106874501588
MINDY3,0.0005582978692344858,9.439557341485573e-05
LINC02328,0.0005577581745516444,-4.3471546473306335e-05
SRSF3,0.0005566562947306043,-0.0002917898272669921
L3MBTL2,0.0005548418183512836,4.352009176252854e-05
SIPA1L2,0.0005545892793305631,1.2822326029643563e-05
EGR2,0.0005540542931826976,1.4588694476013302e-05
TLR5,0.0005540314847986423,-1.00371729434179e-05
GIMAP4,0.0005534715908679477,0.00010500213959551995
AMPD2,0.0005504096859446318,0.00023149542968474337
DCAF6,0.0005503385639140197,-0.00010421213696984856
JDP2,0.000550299331120949,3.78830299031595e-05
SNORD15B,0.0005490655053861188,0.0004147658528138685
RANBP9,0.0005482531885120279,0.00029734552046798606
CDK2AP2,0.0005472403464923215,-0.00015371323491936696
SNPH,0.0005455401858573699,4.289584210237459e-06
SERPINB9,0.0005446571433875778,-7.547536708020475e-05
UBIAD1,0.0005442533790051449,3.822851574757177e-05
CCDC127,0.0005433913217941621,0.00038681154011739957
SMG1P4,0.0005421058385626794,-7.903206777273898e-05
LINC02762,0.0005417921465304854,5.457633595761115e-05
SSTR3,0.000539749635334313,0.00014753343377737774
ZC3H4,0.000539576148598162,-0.0001486248740124319
PARD6A,0.0005391698897045675,9.2837459066961e-05
MANEA,0.0005384181911384516,0.00014873515285808715
SLC18A2-AS1,0.00053789465694624,0.00010297169070489942
ABTB1,0.0005374277859585466,8.284361942781646e-05
FBXL18,0.0005353085955359877,0.00021648432610008524
PLA2G6,0.0005334110452733983,-0.00014038676884812307
KLHL11,0.0005331848310134303,6.398683667781558e-06
TYMS,0.0005327604773991963,-3.653601427686337e-05
BABAM2,0.0005325416458988046,0.00014043692279998795
UHRF1,0.0005320390472990634,-3.209165670874644e-05
TRIM8,0.0005304305756203998,2.7022568071091415e-05
MFSD2A,0.0005262328830602731,0.0001687792705176549
ABHD18,0.0005254538454564958,-0.00014264450036018223
UBQLN1-AS1,0.0005232704147250751,0.00014491826954568778
MPZL1,0.0005231694003338095,5.1879863726887785e-05
ZNF595,0.0005230870339117176,0.00013315421397117869
ZBTB32,0.0005230708590322664,-0.0003028003004805175
PDCD1,0.0005229855557640526,-8.110590059897784e-05
RPS3AP20,0.0005198545592703594,0.00020684598367087906
FAM131B,0.0005196179759891607,0.00036012970427524397
CDC45,0.0005193144656390239,0.00024393309520934187
ZNG1A,0.0005192099440130915,0.0001231822477277336
NMUR1,0.0005170588151695682,0.0002059572589946755
BCR,0.0005150927660872877,-0.00022256716311950216
RAB27B,0.000513937614313726,0.0001944061793260343
TATDN2,0.000513879388192607,-0.00010026222685879544
HERC2P3,0.0005138253066865337,0.000152353271621226
ZNF682,0.0005127489937577273,-0.00010910485447194787
WARS1,0.000512184813663617,-9.886558004678858e-05
HDAC11,0.0005111372283663024,-2.4956406266411374e-05
FBF1,0.0005104110924388395,0.000172315955682726
AMD1,0.000509953883100969,0.00017131625615079597
IDNK,0.0005098950325515089,-0.00020098638516307315
RAB20,0.0005096927373863943,0.00043047118818921435
CORO7,0.0005095932333206737,-0.00015689410337880292
CENPL,0.0005090345633906967,0.00010104802393745307
MED20,0.0005089082295574926,-0.00017982353482137562
PPP2R5D,0.0005085950842896431,-0.00023818916785528084
MAMDC4,0.0005080878625238428,-0.00011823997094865483
MYBL2,0.0005080004453400388,2.8672376742661904e-05
MAGEH1,0.0005072027416529175,-5.1011239902698716e-05
TNFAIP8L2-SCNM1,0.0005070579603495493,-0.0001185162170444572
FAS,0.000506664585035232,-0.00021108362871367543
ENGASE,0.0005064948523893591,-6.702117151248758e-05
NCOA6,0.0005057877896973427,4.8965527524670596e-05
PCBP4,0.0005050182685271479,0.0001305392723600358
LRRC28,0.0005047128209717116,-0.00011937748817313338
ZFYVE19,0.0005045040160989921,-5.521222692702126e-05
PTPRA,0.0005044832899917455,0.00010252062345638087
RNF19B,0.0005042694245322712,0.00035990704996028257
KPNA1,0.0005029142027980131,-8.59535109833679e-05
TRIM4,0.0005017474385187619,-7.784681046085553e-06
MGAT1,0.0005013612325412502,0.00021925030159854796
PPP1R12C,0.000501122902547146,-5.189914528611295e-05
LPAR1,0.000500691257674133,4.469375402236551e-05
TNFRSF14,0.0004998798616070951,-0.00018333646831502633
PDGFRB,0.0004996939910438952,6.52714641245197e-05
BANP,0.0004992730068713123,0.0001359575809906131
PAFAH2,0.0004983135731099263,0.000120189929614391
INTS15,0.0004979238316781579,-7.199193964109983e-05
CENPW,0.0004978889143499782,0.0002595502858931202
HAUS2,0.0004957247823939671,4.88283304616354e-05
DTX2,0.0004942152949295598,3.8406369244447583e-05
ODAD3,0.0004938355462409985,0.00010926668914779143
HCAR2,0.0004926585885598305,0.0002713563953842413
ELF1,0.0004914211132208913,2.883859199153179e-05
SLC16A10,0.0004913462337794666,5.445995689633827e-05
ZWINT,0.0004912702975636182,9.871213854236986e-05
ANGEL1,0.0004907892047419715,-0.00014622553871692533
AGAP9,0.0004907659226841415,-0.0001030900868149065
DNAJC7,0.0004893995429995263,0.00020042488196790327
PI4KA,0.0004883979709454955,-0.000266075251796132
MTMR8,0.00048703849388223694,-3.2062557743323605e-05
SNAPC2,0.00048605048512294954,3.10443284157503e-05
PDCD2L,0.0004858104587391757,9.383547446527603e-05
TMEM43,0.00048573929616658584,-0.00013964940419641385
SMC2,0.0004844497200002101,-0.00014251465638453955
SNRPN,0.00048218471240435066,-0.00010245202836993443
SMIM10,0.0004814166120820667,0.00027470461550559177
INPP5K,0.0004810808378583416,8.36669320454822e-05
DGCR2,0.0004810075876421173,0.00015168213324952544
SPTBN5,0.0004804906201689521,9.94285119250485e-05
DENND5A,0.00047994880091275106,-3.0897686200997662e-06
PPP4R3A,0.0004789888004651958,0.00016754278793146412
HGF,0.00047880524161245157,4.139494847078955e-05
ADCY10P1,0.0004780367210117191,-8.59610621868424e-06
PPIE,0.00047611203785720424,0.0001742464102508298
TMEM92,0.0004760505413928504,0.00015460446751312262
TMEM243,0.0004745938822166412,0.00025220326042664715
GPR132,0.0004736778091624573,6.91171759057849e-05
GPSM3,0.0004732682196735224,7.929890044400483e-05
VMA21,0.0004731242265435713,2.122041188929118e-05
AOC1,0.00047230354606096926,4.394422473600547e-07
SUZ12,0.0004705352603564235,0.00017570445581669355
NINL,0.00046997127859045617,-2.8035287242791095e-05
GNG8,0.00046926265353241695,-8.873419299099274e-05
IFITM2,0.00046922944344689703,2.1931023914242704e-05
CHST13,0.0004690436538542976,0.00014927239970484934
ASCL2,0.0004682722037229929,-0.0002098567435051252
HECW2,0.0004668040841753037,7.124972702533115e-05
SCARF1,0.00046659434111765856,-0.0001351472149472386
ILKAP,0.00046578006518878374,0.00010457319197609095
ARFIP2,0.00046533509681924223,-0.00027847804237549794
ICAM1,0.0004648692434059238,-0.00017844718417127841
XIST,0.0004641966921053438,-1.2804990026281106e-05
SIAH2,0.0004636954974445271,-3.4431653053422994e-05
LINC02904,0.00046262501808556065,-2.171858364875763e-05
CISD1,0.00046227378285274777,0.00017682522934759062
IQCB1,0.00046215009512573356,2.894370843100877e-05
GSTA4,0.0004619178271516933,1.9787080507178803e-05
SLAMF1,0.0004616050711946191,-2.703236694780343e-05
SSR4,0.00046136618141134856,4.7259601194595154e-05
MIDN,0.00046035470022644183,0.00010546486556236361
ZNF212,0.0004603296852234768,1.2525074619583903e-05
RPL5P4,0.00045957572621417077,-0.00016793186620100452
C17orf80,0.00045950277775458646,-4.584876291682452e-05
CNOT6,0.0004592933421072541,-0.0002837837952129624
FANCF,0.00045810503338910647,0.00024258531335747397
MED22,0.00045799361043314903,-4.013661705216915e-05
KIF1C,0.0004576569369206865,0.00025644185872685616
ERO1A,0.0004574717614347109,0.0003449407749152359
INPP5B,0.0004568177971666383,6.593040800176483e-05
TTC39A,0.0004564541333774888,0.00026906021029101285
KRT10,0.0004557024968048515,9.216402385801248e-05
OLA1,0.00045544856388429566,4.6747717246416466e-05
ZC3H7A,0.0004547249699604425,0.00014567691027570577
NCKAP1L,0.00045323409893758437,6.203624404208668e-05
APCDD1,0.0004522758376897518,-1.1049768500098465e-05
IGSF8,0.0004511433474868899,8.878046390526568e-05
H2BC14,0.00045090500018705434,9.114436178864497e-05
LOC100288637,0.0004506718875607803,0.00022265703528072552
PDSS1,0.0004502485180186329,-0.00013118073836475047
CCL2,0.000449984067313563,1.370271055833873e-05
FANCL,0.00044958932471237084,0.00012255892848633772
MRPS2,0.000449253831380666,0.0002536772799210235
SMARCAD1,0.00044902399360161467,9.847493100034877e-05
SDC2,0.00044893523917448927,-0.00014515585544048248
TMEM121,0.00044800345750051375,0.00031819551196976044
AK2,0.0004478866921484623,-0.0002514752229175204
SEC11A,0.0004471699519888729,2.2369995443070084e-05
BZW1,0.0004469279359991291,-9.968134631745951e-06
DPM2,0.00044589560780536054,0.0001051141496814555
SCAMP4,0.0004439079225240641,0.0001210255591399034
UBE2G1,0.00044362930825199865,9.260307067404022e-06
RPL7AP11,0.00044295391454830433,0.00017625070781532046
IRX3,0.00044197294941186684,1.0433727083819108e-05
EIF5A,0.00044168886817581686,-0.00025061343106118133
TP53INP1,0.0004412929972213671,0.00019313185182773008
CD24,0.0004410987621552965,0.00012762771379170153
PLA2G4A,0.00044030035219755624,-3.842047459778717e-05
PHF2,0.00044020333911911854,0.00014791004932157982
ND3,0.00043941246213696186,8.845710016303386e-05
SPR,0.0004393885849950627,-1.2190515586934913e-05
ZNF358,0.00043878404427423657,-0.0002024211605648494
ZSWIM7,0.00043817292699653863,-0.00018954994127718525
ZNF407-AS1,0.0004369869116457252,0.00017980920630125406
SELENOI,0.0004354416921649613,9.40788360028021e-05
RRM2,0.000434723559968119,0.00027154616787788814
KLHDC7B,0.0004344264039265538,-0.00015086647396792788
TNFAIP1,0.0004344097845129211,-9.857208578606132e-05
POU5F2,0.0004342935886422635,0.00017431587244650892
ABCC6,0.00043369111582288995,-1.672592428562727e-05
SLC16A11,0.00043342389306001234,-8.328528437488356e-05
CCDC13-AS2,0.000432397956610102,-0.00013027860979301903
IGHV3-73,0.0004314595700024047,-1.1274814889798988e-05
ARF3,0.0004310792730407244,-1.827976512028113e-05
ATP6V1E1,0.00042994964065794634,0.00023233274914745498
MTRF1,0.00042880120495793526,-7.107999234963045e-05
POLR2I,0.0004284696390588175,0.00028415868107754973
NRN1,0.00042830367671955013,7.408811440426812e-05
LANCL1,0.000427866590935625,0.00012096500166772503
TOLLIP,0.00042748299215419997,3.843989534771774e-05
LOC105369209,0.00042689216100556284,-0.0002559981795965549
ARG2,0.00042665712769056986,-0.00015606243154370493
ZNF765-ZNF761,0.00042536458879396515,-0.00014187235071379126
BRF2,0.00042422156517010577,0.0002802681711353341
FTSJ3,0.0004240639465646287,0.00017817069335859294
PUM1,0.00042341222217887823,-0.00010265850025184591
FANCI,0.0004229685991528038,0.0003394161853836328
NELFB,0.0004226793080867864,-6.823985004528073e-05
ANKRD20A11P,0.0004225680158658603,0.00024437506049439505
ZNF143,0.0004221386526148213,-7.560731468554123e-05
FBXL6,0.0004220282707490751,-4.279057200226276e-05
RPH3AL,0.00042162486851227734,-3.92521545107404e-06
NOTCH4,0.00042049356366624543,-4.437136537101905e-05
VPS11,0.0004183357555963522,0.00023869759793269878
GTF2E1,0.00041830851011997425,0.0002470789349795506
ITSN2,0.00041744448201936084,-0.00019694838318452877
GIMAP8,0.00041718786317701187,0.0002885019692087985
SURF4,0.0004167811328202039,-1.458167342943259e-05
PTRHD1,0.0004165170031645523,0.00019828887313641427
ECHDC1,0.0004163402148390726,0.000236129449588429
LINC02210,0.00041513268922192153,-0.0002355340861834853
LINC00937,0.00041489611445324776,-0.00024547197130500635
ZCCHC18,0.00041487974500144833,-0.0002479716024340771
ZNF587,0.0004132415197226742,6.059048538218128e-05
PHF19,0.00041321108893913164,-1.0347773174815966e-05
PSMG3,0.0004128202325928233,-0.0002805131014194856
XYLB,0.00041274848051438485,-4.977854585892687e-06
PPP1R16B,0.0004120006899357954,1.3492115742662806e-05
RRP1B,0.00041200000426897725,-4.112175669163651e-05
ENPP2,0.00041189291930611254,2.6974113968791e-05
FBXO45,0.00041118621822501994,-0.00019762918742722847
PIK3IP1,0.0004102610611613756,0.00026438646437809937
YEATS4,0.0004095723329913526,0.00018312134604059102
JMJD4,0.0004088980409004572,6.165753422833161e-06
DPF3,0.0004084961521122715,5.05938110281018e-05
RNF181,0.0004081153852577058,-7.084211552505137e-05
ARRDC3-AS1,0.0004077766751492161,-0.0002406497729097861
NCAPG2,0.0004067444831441777,-4.858435922918783e-05
CENPK,0.00040651960464827957,-0.00010978171162451374
IFT140,0.00040645211015230277,-0.00021094931303266851
CENPH,0.0004061650703258726,-6.624663875530335e-05
CLUHP3,0.00040509545641709873,-7.512960369302201e-05
SEC24D,0.00040493922155903213,-3.176066725314154e-05
VSIG10L,0.0004039740108845708,-0.00023759232924296062
RPL26P6,0.00040390459098696804,7.225788344950028e-05
IGHV4-55,0.00040171782686446416,-3.3272980571545034e-06
NDUFA2,0.0004007039896728713,-0.00018100962808658127
CLK3,0.000400592061471669,0.00018719318403131056
SAMD8,0.0003997973434131639,0.00032692116047134426
ABHD8,0.0003989861441875046,2.7230692175832274e-05
ZNF140,0.0003978245151186085,4.0501859576824884e-05
MFHAS1,0.00039729641766870057,-3.302106651387896e-05
SP1,0.0003971693737862586,2.7597444808636315e-05
TMPO,0.0003969458509645897,2.3097969391844448e-05
MCTS1,0.0003962458054339136,0.00010307006992230192
C3orf14,0.0003960319679124735,-8.995019776133067e-05
MAST4,0.00039598332701780995,-0.0002954736271166293
TMEM259,0.0003956614204663748,-9.223876995232777e-05
ATP6V1A,0.0003941279079976899,-0.000185047230627419
SYNM,0.0003939717222145184,-1.7899853654213316e-05
BAD,0.00039392271906704847,0.00017668694355098591
TM9SF3,0.0003938359331947452,-1.2405007106748477e-05
C12orf73,0.00039383133435391064,0.00011607156812895746
TOP1MT,0.000393468120556703,-1.7423686786198386e-05
NELFA,0.00039322900727508503,0.00020931142264998023
HACL1,0.00039271818627270946,0.00023639136140044204
CEP162,0.00039263086455408765,-5.826370692386328e-05
TMEM39A,0.00039261335332281175,-7.595304118833909e-05
TRGV4,0.000391549255844788,-0.00014861678616547323
NUDT1,0.000391328815293736,-0.00013041537934152178
ZNF674-AS1,0.0003906608574546275,0.00018665384315993649
COL4A3,0.0003903754352362709,4.079334137559095e-05
ZNF592,0.00038883647937576834,-0.00020487536433607515
TRBV30,0.00038754321495400285,-0.00013972616523989326
ITFG1,0.0003872632697748508,-0.00015547219531411374
UROD,0.000386865836906084,-0.00019969137180614162
ACLY,0.00038682832208875533,0.0001166944158212749
HPDL,0.00038589599389689575,2.1624228679651355e-05
MYC,0.0003857046068711875,6.65863930980498e-05
TAF4,0.000384287122473964,3.817403992415914e-05
NECAP2,0.0003839185907320644,3.475769906761223e-05
THG1L,0.0003838118688335291,0.0003461604839747281
CNTNAP2,0.0003822029322822464,0.00018060660234063642
ASS1P1,0.00038108811238749094,0.00012781870020176243
ENTPD7,0.00038068978832594513,0.00010735586936165171
MAD2L1,0.00038032302571312364,0.00023736579393470093
IVD,0.0003802603260005763,-0.00022189254891787262
CCDC102A,0.00037971401022548963,5.5022755447088385e-05
MLEC,0.00037938823666280126,0.00012497510930521927
UBFD1,0.00037910168006550425,0.00015801904718438077
UBAP1,0.0003785211111276887,4.979605457313734e-05
CSRP1,0.0003781901328492227,-6.278921251161269e-05
CD63-AS1,0.0003777616472501304,0.00016306457817106924
BMP8B,0.0003774325114023259,-0.0001468895818089215
LOC107987457,0.000377356874311536,-0.00022726664237715652
LANCL3,0.0003769191538388887,0.00011416921670307092
CLN5,0.0003767188916077402,3.9420153783427485e-05
PDE4A,0.00037519907510693125,-0.0001512491151898817
MAFK,0.00037439482648516574,-1.068927432997002e-05
INO80C,0.00037435487562920416,-8.754160353819999e-05
ACADVL,0.00037419827930790646,-0.00011476918538698022
TLN2,0.00037419740701471224,-9.215101294398443e-05
KDM4A,0.00037400173678120126,-0.00014602139741119055
IGKV6D-21,0.00037338241291936196,-9.390268183248802e-05
PAOX,0.0003730773632925147,-5.506441952104118e-05
PLEKHO1,0.000372537869237277,-0.00024317474729152301
PKN3,0.0003723538338775121,-4.7385534598553246e-05
RUNX3,0.0003718860806674214,0.00029693122477007653
CAMK2G,0.0003711392762863029,-0.00018350925686236218
NEXN,0.0003689043013744391,7.860952008245434e-05
LIPC,0.00036846245406358253,5.662028688576906e-05
C4orf46,0.00036843353986170074,-8.176301300542961e-06
LINC00641,0.000368378267786814,8.928995604637455e-05
GTF2I,0.0003681459930560241,2.38619069460249e-05
KIF11,0.00036783824114168084,0.0002029541902328823
SLC16A4,0.00036772152795397573,-7.184084219761313e-05
TMA16,0.0003676415043157093,0.0002571852233942186
SCRN3,0.0003672948564550186,0.0002502733826856978
ALKBH2,0.0003672612873251356,-4.801195075811695e-05
FAAP20,0.0003665996717389212,-0.00020916285219497728
RBBP6,0.0003664775322810954,-0.00011095125834580242
CCDC186,0.0003663810628990719,1.9492742743924317e-05
ANKS6,0.0003662711051349356,7.388176585415376e-05
LSS,0.0003662049917269741,7.359793524784444e-05
IL5RA,0.0003649961472651346,9.444071236786521e-05
NLE1,0.0003645866355149188,-9.517940922768267e-05
TAMALIN,0.00036445188960488483,3.1975278963969076e-05
ARHGAP25,0.00036341260491909504,0.00010780640360168527
IFT88,0.0003631033531148304,-7.017763844894561e-05
MALAT1,0.0003630730122214761,6.54764990668518e-06
CRTC3,0.0003611000004615854,-2.189428869807764e-05
FHIT,0.00036089980347608485,6.504348136004882e-06
ALDH2,0.0003603967109767404,-1.603158539654066e-05
ZDHHC7,0.00035860210515729923,3.5282199112854275e-05
TCF19,0.00035833353494635497,0.00018354953532132283
CHCHD2,0.0003576846385298192,-6.509318893221892e-05
DROSHA,0.0003571192381100037,-0.000145135981988492
OCRL,0.000357062895070644,0.00010431079244748786
PTGR3,0.00035571377969301655,2.7932503841513158e-05
CTBS,0.0003551617642902948,-4.488713454548737e-05
EHBP1L1,0.00035516047442019186,-0.0001253085259921855
MYL9,0.000355015066341981,-8.003953972446165e-05
TRAM2-AS1,0.00035452676986696247,7.528786883260467e-05
ZBED5-AS1,0.00035366937703987624,1.3330453236781118e-05
EIF4B,0.0003536199231223279,-5.912504161526255e-05
ZFP36,0.0003536186410447123,5.255585685797991e-05
GCC2,0.000353188983993514,-2.475867117200341e-07
C12orf76,0.0003527001688624544,6.563670298153466e-05
MOXD1,0.0003526355740391989,-0.00010416386198852498
RASSF7,0.0003526255486154782,0.0001839044822681543
HBA2,0.00035236941303771124,2.686131090619082e-05
BAG1,0.0003522142245658869,-1.538081547313232e-05
A2M-AS1,0.0003517659317453944,-0.00016489836111291243
PMAIP1,0.0003515827852739166,9.455246109381832e-05
CYB561,0.0003515563219961378,0.0001557541373089123
QTRT1,0.0003508548175183754,4.175824489620261e-05
SGO2,0.00035030276017264053,0.0002709644115160848
HSBP1L1,0.00035015474192762956,0.0003015968113499364
IKBKG,0.0003494837827877111,-0.00020452179196668666
ZNF561-AS1,0.0003486717461073431,1.702117149095697e-05
GPR155,0.00034847838197677133,-9.857475491051448e-05
TPD52,0.00034814342810061765,-0.00016828495357762581
TARS1,0.0003470514890456941,0.00015295898789306932
DCTN4,0.0003463328477098362,-3.522580291792667e-05
STK24,0.00034490759664925283,-0.00019550138232871556
EMD,0.00034484624762558583,8.531102910386906e-05
DDRGK1,0.00034450477517397273,-0.0001228492345116285
PGD,0.00034372924527812005,-0.00010194777170666232
HNRNPD-DT,0.00034347846998494065,0.0001030845023539099
PPP1R32,0.00034342515111119117,4.0894429140497225e-05
IQCN,0.00034324511844076533,-0.00015009262524674538
TRPV4,0.00034318569664664996,-1.971697906028532e-05
SKI,0.00034249084748648814,-3.5596708377498515e-05
TNFAIP8L1,0.00034241723283795483,-7.909628803163135e-05
ATP5PD,0.00034223182873056065,-9.89625320493287e-06
DZANK1,0.00034157238728025073,-8.225251074918703e-05
HLA-DOB,0.00034147678339742555,-6.404787638144198e-05
G0S2,0.00034142591071189985,0.0002722480900700772
PDZK1IP1,0.0003413610979165105,1.0638761921861997e-05
APH1A,0.00034102601721531,0.00015850890242078425
ARL3,0.0003409935238254188,-9.549048670312146e-06
ANO5,0.00034088847391606125,1.1594504965134255e-05
PAK2,0.0003405483910629758,-0.00014029301511424635
C1orf56,0.000340081171519052,0.00017310964237515528
RAB24,0.0003383069627604369,-9.624418426906101e-05
VPREB3,0.00033806310605181397,6.554460379402608e-05
PAK1IP1,0.00033804799848849,0.0002074517639902664
CLSTN3,0.00033619996550554674,-2.406303147560176e-05
DCTN6,0.00033518041966763964,-0.00015482502826607973
RNF208,0.0003323959363597118,-0.00010760198418522416
OGG1,0.00033209045525307775,-4.917925934946174e-05
NEFH,0.0003320727563463635,-0.00022591681206598563
TPRA1,0.00033190314024795847,8.619889275839105e-05
SMG8,0.0003318164668850538,0.0001767971502036625
CABP5,0.000330959140749022,0.00029493374128116367
PRDM11,0.00033069966085078187,5.6647381487450355e-05
METRN,0.00032976056640598826,-7.614822131540088e-05
HGS,0.00032860893554372103,-0.00011923379534096232
APOBEC3D,0.00032834291154047154,-0.00017547236394503476
ZFAT,0.000327813993872489,0.00017560167379397277
SMC6,0.00032778459730211875,9.501010852638832e-05
FAM219B,0.00032736423066993646,-0.000177287794375187
DOK6,0.0003271452543127927,9.139297256808604e-05
LOXHD1,0.0003270033853915132,0.0001520362396158824
MOSPD2,0.00032680839063353056,0.00012206162767134854
TES,0.0003266120101819897,-7.520876689233685e-05
MRPS5,0.00032606969234558105,-0.0001549586864388829
ICA1L,0.0003252738492448439,0.00015795962508600712
NEIL3,0.00032507839724878976,4.670484091864865e-05
IGLV1-51,0.0003249708789458793,0.00016280523880250796
NAT14,0.00032492293370156306,6.425031060064957e-05
PBX3,0.0003244651816968297,1.9762092814104505e-06
RPUSD2,0.0003244505970178615,0.0002556130632198556
TREML1,0.00032400164062127774,0.00016522832492928287
KDM5A,0.00032323309320747166,-1.6140527388366954e-05
STX8,0.00032315552918008456,-0.00017383786472752907
SLCO4A1,0.0003229471456837257,0.0002514569627863912
IMPDH1,0.0003227950499458986,-0.00021033302818717766
SIGMAR1,0.00032278123545628756,0.00014682185073076128
MGAT4B,0.0003223170785105094,-5.7621869322504454e-05
NUDT16L2P,0.0003223102851376596,-4.263799223872015e-05
DSE,0.0003221548281428601,-3.325067472172139e-06
SNX22,0.0003220092522985637,-8.455430450641204e-06
ALDH1B1,0.0003210124961534155,-3.3549254191719946e-05
U2AF1,0.00032092659143825836,-3.398527179662084e-05
FHIP2B,0.0003204564959605968,0.00016485331441740963
ZDHHC13,0.00032029323815229663,9.56455714066337e-05
YARS2,0.0003201735498881524,2.8638374262758954e-05
ALG6,0.00031928603873392287,8.948461218934087e-05
LINC00106,0.00031869238135441943,4.068091583689458e-06
CHD1-DT,0.00031842077172787104,-0.0001700957242096143
RAB11FIP3,0.0003169748440965355,-1.2434109052100805e-05
MED12L,0.00031662855403156136,0.00019000357126182168
IL1RL1,0.00031652614713437914,5.3972073037815705e-06
PCMTD1,0.00031649404209391024,5.4438327879020155e-05
TRBV7-9,0.00031645760086227185,0.00024408440629852064
ORAI1,0.0003161290012655629,6.557492576116352e-05
LINC02908,0.00031597536526941776,-5.15523370631117e-05
TMEM245,0.00031579167756109225,-2.0050139271741684e-05
IRF2BP2,0.00031538328760659883,0.00010964743992964325
PHF10,0.00031525384424578725,-7.897736042486018e-05
GZMH,0.0003149201231808209,0.0001513843572853625
CRYBG3,0.0003148600523475018,9.324809614155224e-05
NEDD4,0.00031481711835360215,-0.00012623873583475167
OXTR,0.0003148038807959815,-0.0002259182649159801
N4BP3,0.00031474758274756905,0.0001721901737887115
TRAPPC13,0.0003143961726603224,-5.4074101467412784e-05
AGGF1,0.00031397159693307563,-3.3180472503574114e-06
SCCPDH,0.000313679921772511,8.834603039082444e-05
RIMOC1,0.0003135196536799634,6.366897486764788e-05
SBNO1-AS1,0.00031302584564646884,3.2191685528429933e-06
RIDA,0.0003127678920147997,5.767173511694847e-05
APRT,0.00031236485586247505,-0.00021120423210273825
MBTPS1,0.0003122427491407633,0.00015273418698107368
TCEA3,0.00031177384785163726,0.00018335086887760158
TBC1D8,0.0003112298328447458,5.22187049499981e-05
CAMKK1,0.00031075526973041846,0.00015547102668033865
H2BC4,0.0003107396796281719,-8.127835824340641e-06
XKR8,0.00031072131411027476,-6.520133612485271e-05
PPP1R3F,0.0003107202995326051,0.00011497788127308076
RPS27L,0.00031066442271326933,-7.975823695925219e-05
MGAT3,0.0003099261929075239,0.00013002386486015512
NSUN3,0.0003093986981086972,0.00014443943275152846
MERTK,0.00030909500686376954,-3.474911385661894e-05
EIF3E,0.0003087937639272465,-0.00018362079352582836
RAB6B,0.0003087226460909594,-0.00018246494095640586
MDH2,0.00030840687310255033,7.225240487814362e-05
TTC5,0.00030840593612254,0.0001393868776511489
ISM1,0.0003078276077768978,2.2781118622903564e-05
PLXNC1,0.0003075780758303467,0.00013096246570649077
CLEC11A,0.00030735740343595263,-0.0001113476919093532
ITGB4,0.0003068975771237399,0.00017006732895148396
ZSCAN2,0.0003063878247302548,0.00024095343852102927
HCFC1R1,0.00030634381031881535,-5.7009124028034e-05
GTF2IP12,0.00030603334789277897,0.00010511319223998707
LEMD2,0.0003057577726171637,-0.0001584086833450799
KHK,0.0003046847036205851,0.00012235607533398564
ZNF414,0.00030416339069637237,-4.86803253421011e-05
MTND5P11,0.0003041116901182705,-4.8557316503719496e-05
TMEM53,0.0003040002319574062,-5.9381311592325305e-05
PPP1R10,0.00030383146508907154,0.0002555161125140841
HIRA,0.0003037625763834118,5.272793645940771e-05
ARMC2,0.0003032914725766132,6.96924562453637e-05
ARMC10,0.00030273828044038005,0.00011614165106047077
P2RY2,0.0003023541312683613,-0.0001618625719926297
CDV3,0.00030214662392702657,-5.7124874955599045e-05
NSD3,0.000302142065521598,-0.00013854399361687127
MMD,0.0003017049929070056,-3.5915313191355185e-05
CCDC9B,0.0003016083508476139,2.378490145104335e-05
SARNP,0.0003015694710610445,2.1033592770119404e-05
RCC1,0.0003008081631110129,1.2866458948356304e-05
LIPT2,0.00030069401543394026,-8.865626072231731e-05
ACSS2,0.0003002817454715454,9.568026176255666e-05
MROCKI,0.0003002363088524636,0.00018032966895117325
CHPF,0.00030013942309929035,5.159700025212386e-05
MCFD2,0.00029974907243467336,-3.4240696516189645e-05
BACE1,0.00029965728487728983,8.213696127969e-05
AKNA,0.00029940264206607814,-0.00025694848014279554
DDIAS,0.00029921921911704854,-0.00019395025542943243
ZNF549,0.00029914688407768977,-8.206734755765968e-05
CES2,0.0002988087538863622,2.7759404611419682e-05
TAB2,0.0002984807622218402,9.999378624637001e-06
TBRG1,0.00029844738500740944,1.738623112068905e-05
DRAXIN,0.0002984192718697048,-0.00012430277394486088
TFRC,0.0002982593497168982,-0.00025954440588495933
C8G,0.000298007547968716,0.0002174441108645111
MEGF6,0.0002977053617085605,-9.002902620825533e-05
SPX,0.0002975535926981132,0.00023044984616558294
DTWD2,0.0002974419312486664,2.5044030239773928e-05
MAFB,0.0002971205917185489,7.422585630769932e-05
CA8,0.000297104782453493,9.362598472905444e-06
CCT2,0.00029705295556565174,-3.2632092193504894e-05
LAMB3,0.0002968285156201322,6.924206937038307e-05
RRAGC,0.0002965190126172132,-0.0001632812108886356
TNKS1BP1,0.0002961107380423608,0.00010694693981556672
RGS6,0.00029581928293480764,-8.538054796601708e-05
IGHJ5,0.00029489283438981776,-0.00017304753996283894
LOC100652758,0.0002943847307996821,-0.00017017124750390474
GNA11,0.00029384267790031823,-7.630216911403524e-05
C4orf48,0.0002930879438249888,0.0001327371316239252
IGKV4-1,0.00029297689364259316,-0.00014962286802305803
DDX11L9,0.0002922934034728764,0.0001458019132083915
LYPLAL1,0.0002913790662186492,-8.06806227647911e-05
CDKAL1,0.000291348476295629,-0.0002505856731590141
RAPGEF2,0.00029046159241131585,0.00017161695340692148
RNA5SP283,0.0002898273380316643,4.111966425750706e-05
DENND3-AS1,0.0002896304414913857,0.0001272387882816103
PLPP6,0.0002893695991499365,0.00017036087903006072
NGLY1,0.00028919722084088615,-1.2680382235298742e-05
GDAP1,0.00028832366731420324,-7.086405742415524e-05
LINC00921,0.0002882661077892496,-0.0001133006683464919
CSKMT,0.0002879624112695548,1.4961834242069181e-05
ARL13B,0.0002875517853570093,2.993860010441835e-05
ZNF486,0.00028745358411222567,0.0001088361616294221
PER2,0.0002873524066006437,0.00020461197966658727
ABR,0.0002867544781191682,-2.6936119291864118e-05
KCTD20,0.0002866353759538662,9.069589135772824e-06
TRAPPC2,0.00028647805547291766,0.00016095067021245567
CFDP1,0.0002863149097649456,-9.939369173712219e-05
MMP24-AS1-EDEM2,0.00028625988681530795,7.313916305874257e-05
POLR3H,0.00028602952480116025,-2.5490341216134006e-06
DNAJA1,0.0002856598205827533,1.6084124313363755e-05
FBXL9P,0.00028546558137477747,6.4725492761466365e-06
ZFYVE21,0.0002853920334041858,8.177823871721851e-05
SLTM,0.00028448198434166314,5.642965180006922e-07
TFB2M,0.0002840224178732296,-8.508938553486397e-05
ISCU,0.0002839993003418487,-7.6233762028369e-06
TMEM60,0.0002838777019287691,0.00015264465576360548
FUT10,0.00028258183433803845,0.0001340815607933037
TSGA10,0.0002823856327310997,3.634102241376983e-05
NRSN2,0.00028222691277492184,7.736282499567506e-05
ZNF14,0.00028035592556805767,-6.44369275240194e-05
HBEGF,0.00028025264933522484,0.00023784975717689754
MBD1,0.00028024459929012466,0.00020107339624293526
RBM12B,0.000280118302694974,-9.413057734680732e-05
UNC119,0.00028001591574672134,0.0002111508644489658
EIF2AK3,0.0002799914609257091,-0.0001833094292369161
WDR48,0.00027973294983496625,-0.0001918745603120976
ZNF675,0.00027951347846097294,-0.00016371505065904468
CEP57,0.0002792115962211586,3.2414380429448474e-05
ZNF195,0.0002783022551138421,-5.961028175068111e-07
PNKD,0.0002782650558406841,-0.00011484881456621576
SLC16A5,0.0002782353149028514,5.883424864280734e-05
TSC22D3,0.00027786404937263403,0.00016201622675173942
ZMYM2,0.00027786028000783045,3.4996873134019766e-07
PGM5,0.00027777260429240455,2.5982400408458607e-05
RNF139-DT,0.00027714929808314576,4.102551494834739e-06
IRF5,0.000276999462222538,-0.00020758336461889032
CD83,0.00027683722501261454,-4.825926045319087e-05
SOCS1,0.0002767100005691538,-9.336445735342925e-05
ZC3HAV1,0.0002766502822972357,-6.829235234895633e-06
HLX,0.0002766427640195301,2.3866103597345652e-05
PRRC1,0.00027635395940476593,0.00022177803072632286
CXorf38,0.0002758229571068194,2.6612073418800867e-05
OXSR1,0.00027580095667811746,-2.18000984147422e-05
LAMA5,0.0002749490172534821,5.686525137358634e-05
LOC124905134,0.00027477126044629776,7.253120789399785e-05
MEI1,0.00027429029268737575,3.984296028872487e-05
FAM53B,0.0002742461436548335,-1.443065923449022e-06
XBP1,0.0002739584533003008,4.7400575412666205e-05
GRK3,0.00027346071690573367,-8.188059863123086e-05
STAP1,0.0002731147689287133,-0.00016344281534224603
PALLD,0.00027232012300583896,-0.0001466641020734595
BPGM,0.00027206635101890904,-3.4209607640416794e-05
GLCCI1,0.0002719018641939535,-1.6903313049357664e-05
GET1,0.00027176027112278136,0.00011357784407930904
CD48,0.00027170768213959843,0.0001451860098891702
SLC4A4,0.0002713520652916525,-2.1360356516388157e-05
RYK,0.0002712467254673878,0.00024400844095765587
PDE6B,0.00027091882676519654,6.469550979639751e-05
ST3GAL6,0.0002700051270239767,2.367804790280575e-05
UQCC1,0.00026988203141121184,0.0001651063799610727
YIPF6,0.0002697401036492349,0.00020544212450121835
MYBPC3,0.0002696113745259336,8.472468875470903e-05
TVP23C,0.0002694363846345448,-0.00017287183492166675
DCTN5,0.0002687426362773415,1.2721718714726768e-05
SLC25A33,0.0002686589512739765,4.881811654849883e-05
TRMT6,0.0002682467065328677,0.0001129731336919903
NUDT18,0.00026794822122544275,-0.00019614005416521813
SNHG29,0.00026734482213489915,7.219575782633428e-08
ARID4B,0.0002672580547766191,-7.449293915808716e-05
IFIT2,0.0002672247477189027,4.9317810312567556e-05
MRPS14,0.0002665778422337492,-0.0001662989896993595
UPK3A,0.00026657326221259174,9.922118199748497e-05
MCM3AP,0.0002664527100897621,-0.00010367730921748977
ANKRD36BP2,0.00026624936986569745,7.261751768078736e-05
PRDM2,0.00026600452080950015,0.00012438039901559284
DNAJC2,0.00026574850834062405,-6.524515284568006e-06
LZTFL1,0.00026561153991327773,0.0001453648766053384
SPNS2,0.0002655147744666466,4.4975743733216054e-05
MYL6B,0.000264865145556158,0.00020284897554436043
SUGP2,0.00026484489632329437,-0.0002272063191174059
ATXN7L2,0.00026470062349736136,-7.897038636168163e-05
TRAPPC12,0.00026437614672908784,-8.345947494020518e-05
HDAC6,0.00026415386305275707,5.1055374729912124e-05
DCTPP1,0.0002637833003643312,8.23619176338659e-05
CNPY3-GNMT,0.0002630610833734238,1.4148373883826804e-05
PPP2R3C,0.0002626489880382377,0.000102516682425065
ITPKC,0.0002624411878419863,5.3280106608251454e-05
LSM14B,0.0002623949298387946,-5.9634563406700754e-05
KCNQ5,0.000262384986337973,-4.662796415736003e-06
SYNGAP1,0.0002621695130596789,4.036271161960394e-05
HMGCL,0.00026162617270184934,-0.00015490326781034784
NDUFS5,0.00026161379972652323,0.0002228664074559414
CPT2,0.00026161131050870726,5.78458745571339e-05
S1PR5,0.00026151150828688716,-1.834919238372436e-05
TPRN,0.0002614994459986943,-3.702404251847188e-05
GRAMD4,0.00026134198267052883,8.857114327976731e-05
ARMC8,0.0002599244573894843,2.1779764884854238e-05
PLXNB3,0.0002599241285151012,9.42570318140172e-05
COLGALT1,0.00025970129752023624,-4.905635771085405e-05
PCYT1B,0.0002592616532967113,-0.0001620992555932156
AEBP1,0.00025915091951147123,-5.7121533523530365e-05
ENC1,0.0002591079447770337,-1.8120518151351265e-06
LZTR1,0.0002590851105136028,-1.5081618791858145e-05
STK26,0.0002589747949517316,-1.7995368447058256e-05
PIM2,0.0002585622570128545,-2.1205139951932674e-06
TRAV26-1,0.00025827698877618337,9.745498832633766e-05
BLM,0.0002574150550068138,-2.2260019801052078e-05
ITGA6,0.0002572368215349063,0.00018606881104528316
NTHL1,0.00025700854347712385,4.630970007273727e-06
SF3B6,0.0002564804373286688,-4.7136674692810644e-05
MINPP1,0.0002563857382091315,-0.00018232843429967407
RPN1,0.00025633956916817907,1.9869562220616297e-05
TOX,0.000256281354791199,2.8070611638330828e-05
DHRS1,0.0002561582602659873,-3.443337129297452e-05
MCF2L,0.00025567067470840866,0.00015119476362912004
DHRS4L2,0.0002556473090631541,8.779102881021043e-05
H1-10,0.00025522679190858347,-5.514474043539745e-05
VMAC,0.00025514782077039425,2.776635363230495e-05
SH3PXD2B,0.00025491428608981175,-0.0001308959869542187
MCOLN2,0.00025427024223990133,-3.757385619354963e-05
A1BG-AS1,0.0002542587198302933,-0.00012254299354053045
DCBLD1,0.00025338346862362144,0.00012806321418307133
DVL3,0.0002528890814894871,0.00013858613757193882
ZBTB45,0.00025266712492009845,-6.769604673646305e-06
RBM48,0.00025236667730735914,0.00013630455359469798
ATXN3,0.0002520894001857024,5.110871523033259e-05
SLC2A5,0.00025192338143834535,-5.602729261362391e-05
C15orf61,0.000251837631182229,-5.0858502396360834e-05
PCBP2,0.00025178927699548507,2.637089534683152e-05
CDH1,0.0002515808558592564,5.938176590658803e-05
IGHV4-39,0.0002510841344341945,3.559689691892108e-05
IL13RA1,0.00025107435940720826,-8.609868065307149e-05
UFSP2,0.00025060647663563304,8.432348216758322e-05
RPS6KA4,0.00025052913833163265,0.00011661336015993951
GRHPR,0.0002504140601035234,-0.00018685149071966326
PRSS23,0.00025029499405782577,0.0001694517587567993
BAX,0.0002502374789015366,-9.79164504790164e-05
OGFOD3,0.00024991156846704407,-0.00016446825506456035
TGM2,0.00024948901837374706,9.21596677319579e-05
PARP10,0.0002493125720359402,3.023186977220934e-05
ANGPTL6,0.0002489979297037426,-0.00016656337503686495
OXR1,0.0002488172409760134,0.00016990494228089742
KRT1,0.00024861241604126963,7.091549844618699e-05
POLE3,0.0002486113526438013,4.642901777009776e-06
TMEM260,0.0002484063427582577,-0.00024032153164037738
EID2,0.0002483219166442041,-8.01018230387814e-05
TPCN1,0.00024824725058052177,0.0002271726315244686
OMA1,0.00024819375989386,-6.960109680059761e-05
CWC25,0.00024797953082121484,9.72693110834538e-05
H2BC17,0.0002479753371670014,3.715225300488481e-05
HSPA1B,0.0002479052143065258,0.00013807661885916175
MAN1A1,0.0002468942184019066,-2.481454169154121e-06
ZNF394,0.00024670440300746533,-4.350033282649848e-05
NUDT16L1,0.0002461660057903398,-2.0478820348998224e-05
PSMC2,0.0002460033932181954,-8.030645919557538e-05
FBH1,0.00024597003552378815,0.00013397887890788496
ADCY3,0.0002459010595021944,3.48667665678721e-05
PPP1R18,0.0002451614591733473,4.928319821004766e-05
ATAT1,0.00024490549551424163,0.00018892953845441707
PASK,0.00024486088642541247,-0.0001305272103006428
ATP5F1A,0.00024485429207700426,3.974294400772344e-05
POLR1E,0.0002447577700652916,-3.3591979964612764e-05
COTL1,0.00024468583064735653,0.00016039672011994194
PSMD13,0.0002445221358158456,7.558045411234626e-05
HADHA,0.0002444490830026558,-6.617544676467596e-07
GPR35,0.00024362732066319736,4.949287089447809e-05
CFAP298,0.0002434631842189179,2.131016340780396e-05
DNTTIP2,0.00024278292149128698,0.00014980998265438764
GTF2IRD2,0.00024275997490612284,7.230452017709342e-05
TBC1D24,0.00024254223002212095,-0.0001193594097699853
TIMP1,0.0002424674923814547,-0.00020693636834418953
TM9SF4,0.0002422403906805845,6.467086452903516e-05
TRIM7,0.00024198448442267606,-7.645328618369032e-06
ZSWIM4,0.0002418275799791306,-5.498039927898391e-05
B3GALT6,0.00024159498671041238,0.000123013478229006
CANX,0.00024142583137355333,0.00014847755922598789
EMG1,0.00024123007541591976,0.00010678341679401988
RBFA,0.00024108131303217343,8.300664452925126e-05
LRRK1,0.00024104526727557397,-0.00021078924407040597
APOO,0.00024089987511231428,-0.00019876058021309524
RPL14,0.00024084551593938413,-0.00013826016232552582
GLDC,0.00024066649243228893,-0.00020024323635097944
MGST1,0.00024063932657943327,-1.8636208140151159e-06
HIF1A,0.00024020821070351461,0.00011452808502552782
CYBC1,0.0002401536872436979,-0.00011439618211465691
TWIST2,0.00023985769249848963,-0.00023985769249848963
CALM2,0.00023960620882950312,-9.017587294572776e-05
ARMC5,0.0002395977486245349,-2.658693283804101e-05
CDC27,0.00023939359590415438,0.00015620367679024586
LINC00299,0.00023937465722584746,-7.819709172820822e-06
EIF3J,0.00023898317451292192,4.766850509884576e-05
DIAPH3,0.0002384453164572569,0.00014926708708832689
KPNA2,0.00023839284118447538,6.300398548128125e-05
RNF169,0.00023835996766837737,0.0001296834628986219
ZRANB1,0.00023827198566094015,-8.9801521825003e-05
NEB,0.0002382027525399237,-5.566124594443821e-05
MGRN1,0.00023815141016540842,-1.9497199687846397e-05
DCTN1,0.00023812675182040516,-0.00010664171923690373
HMGXB3,0.00023804099574443349,-7.149904305716473e-05
NUP85,0.000237389101099119,7.710971590718219e-05
ITFG2,0.00023725012987878011,0.00010898914031295983
NOA1,0.00023700550069718427,7.03747458311353e-05
RALY,0.00023680903744924053,-0.00013930690827589908
NT5C3A,0.00023680829910293396,-4.2647858135237504e-05
FRMD4B,0.0002364743807947622,0.00012502538674676343
H4C12,0.0002364252095402608,-0.0001009826748675497
IGKV1D-17,0.00023630679231445028,1.1160256282180634e-05
ZNF879,0.00023626825922733982,9.338874710242873e-05
TAF7,0.00023571534678230337,3.766104126251024e-05
H2AC21,0.00023556506359390052,-2.3886014542897525e-06
C6orf120,0.00023545739661687173,-1.0339109604794173e-05
PACS2,0.000234950979467037,-0.00014398127028515323
N4BP2L2-IT2,0.00023488521503854822,7.210634128918646e-05
WDFY1,0.00023485935046870857,-5.794554630537158e-07
SIPA1,0.00023481281980197485,0.00016387867951323494
JPH4,0.00023467067077614746,9.812702510471279e-05
METTL13,0.0002342050579830467,0.00012215976063989723
ZNF689,0.00023414538532284536,-0.00010240453859659318
MRPL21,0.000233957132000325,-8.200343072375046e-05
RPS29,0.00023321756003708097,0.00012771731396163925
ACRBP,0.00023321678515889188,-5.287351617712508e-05
WNT7A,0.00023319301765941828,4.378889316401584e-05
TIMP3,0.00023234931670066002,0.00011541150665355472
LINC02693,0.00023232663915265055,-0.00019139371831464948
NDUFAF6,0.00023148210521242423,-0.000192848394672793
ZNF181,0.00023126534091725813,8.645362553000307e-05
NCR1,0.00023122413820108275,3.5732541395314054e-05
ABCD4,0.00023101868412180813,9.045211492728466e-05
TMED1,0.00023100411807716067,0.00018532967382764678
CCDC50,0.00023031490276029468,-6.235933068886944e-05
VPS33A,0.00023013467079244858,0.0001851545987255096
ANKRD40,0.00023001857477711088,4.292324092641007e-05
MCM9,0.00022981461335463602,0.00013506567772009908
NUDT15,0.00022952218702210452,-2.215139434653574e-05
RUFY3,0.00022924680109694676,-2.2835749589365853e-05
IGFLR1,0.00022911266114632983,-8.765570782658695e-05
MSR1,0.00022909657962976988,0.00013638342331981693
PAK1,0.00022905766600813586,4.430603823357474e-05
SRP14-DT,0.0002290404151328571,-8.014502232444261e-05
BRD3,0.00022858076140147996,-0.00016495606821008077
NAPSB,0.00022835743497444833,8.973762034042573e-05
LBHD1,0.00022804259628402524,0.000188689479230692
CLDN23,0.0002275208639306002,-0.00011641010663033265
CATSPER2P1,0.00022728550988856914,-3.148466484799198e-05
KEL,0.00022700097247641443,4.982982657056899e-05
PDE8A,0.00022652083760181353,-0.0001012058891624103
NMT1,0.0002264373266085523,-0.000160570287332161
C19orf54,0.0002264193566611513,5.628249898792825e-05
PTMS,0.00022632336715771524,-0.0001329071138214416
FKRP,0.00022624104657623678,-0.0001940501451619264
MMP8,0.00022616825031362032,5.352124648667891e-05
PDHX,0.00022606346478457647,0.00012022325001925613
TP53I11,0.0002260576362920913,-0.00010278914126367405
TAF2,0.00022562004358531212,-1.0790201489523522e-08
RPS20,0.0002255298489514101,-5.717527932277741e-05
SH3BP5L,0.00022530781252533245,-6.424184643028336e-05
FARSA,0.00022528695864079012,-6.200808796097292e-05
ST3GAL1,0.0002247365782306926,9.32243927198171e-05
DAPP1,0.00022470199461224006,4.733076884978741e-05
NDUFS7,0.00022455091618764198,0.00018923280112104733
SLC2A1,0.00022441759001554296,7.978982565746204e-05
LOC728554,0.0002243915756366834,1.0014404274331728e-05
TAOK1,0.0002242916613533602,-0.0001426289947508526
TMEM19,0.00022429067971819556,5.962821663118745e-05
ZNF428,0.00022423234963365673,2.790171826914049e-05
ERBB2,0.00022385763844693534,-4.241905592401314e-05
TOP3B,0.00022362645114746473,-0.0001943642026381609
TRBD1,0.0002235059393690754,-8.755679264552834e-05
ZNF573,0.0002233659221938683,-2.928442727974887e-05
CD27-AS1,0.0002230085157741497,-0.00018333602554563636
DCTN2,0.0002228507919723037,-0.00018039760703312372
HDAC5,0.0002226395056904542,-9.41448249347068e-05
ANKRD10,0.00022222047286276242,-9.049932116458752e-06
RAB11FIP1,0.0002222154518241168,-0.00011255661195083997
IGLV9-49,0.00022219460839379055,-0.0001748981784933632
TP53RK,0.00022170204995290897,0.0001258195599356484
FOSB,0.00022110042906039386,3.860913122788754e-05
TBCA,0.00022091535111059572,2.9695327467432747e-05
ACSL1,0.00022078887211266843,7.792173130595252e-05
ACVR1B,0.0002207654852798432,-0.00015575625055214934
HDGFL2,0.0002206297534108836,-2.820541283952465e-05
ACP6,0.00022009906933560295,-2.4861865632656178e-06
PXMP4,0.0002199994818195977,4.8840406929631023e-05
PABPC4,0.00021963490659239362,2.213687910394156e-05
DUSP12,0.00021958428743076822,0.00011423174435591826
TMEM30B,0.00021948236124216946,5.583842410067926e-07
SMIM29,0.0002193676360273284,-6.15093171208134e-05
ZNF256,0.0002192759270146708,3.9333850539214896e-05
C5orf22,0.0002183509653065995,-0.00013944699832690204
NUP153,0.00021788265531099996,1.9682035732833806e-06
FAN1,0.0002173865246589265,-8.066490929514433e-05
ITSN1,0.00021716909081182152,-5.6061872311835426e-05
ZSCAN9,0.00021698727594680916,5.090521499536435e-05
IGLV2-14,0.0002164694018134691,-9.295725821045826e-05
LETMD1,0.00021639106688974678,-5.5198401168943634e-05
SSH2,0.00021637006822410883,-0.00010886566525309618
CFP,0.00021628917746498665,8.892811129079978e-06
TTC1,0.00021628826235699973,0.00010374160428111967
IGLC2,0.00021624097284149207,0.00017231626385961796
GATAD2B,0.00021614326889899389,-1.0790656732599526e-06
TMX4,0.0002159215116315247,2.464975839696511e-06
ZNF777,0.00021580939793337334,-0.00013558874569435505
AKR7A2,0.00021547010423962525,2.3386749335749676e-05
LILRB3,0.00021530851812448986,-9.600102280975389e-05
UPRT,0.00021520762036134105,-0.00017821293810537416
MND1,0.0002150032445941394,0.00014197113882601672
DNAJC27-AS1,0.00021497910017548343,1.2988999761182783e-05
AKR1E2,0.00021474743971589566,-2.8231938000189563e-05
YAE1,0.00021462138509909407,0.00011550883530667095
KRT72,0.00021460526090178505,-1.5967307421200372e-05
SLAIN1,0.00021446065860786484,5.312887948222174e-05
RAD18,0.0002143888989888219,6.166560102802344e-05
PRKAR1A,0.00021384661597471396,-0.00011084764308953767
MBLAC2,0.00021367381016200272,-6.177218563598497e-05
PSAT1,0.00021318077694424688,-4.351065476214206e-05
CCHCR1,0.00021306632238478983,7.192073111075027e-05
MIR22HG,0.00021302788884281686,7.201725446076367e-05
HRAS,0.0002130171694536792,-0.00015158636011118712
FER1L4,0.00021287475026494993,-3.839372472025027e-05
ZNF133,0.00021285451685830228,-0.00011803688357786789
COL18A1,0.00021282101279216202,-0.00011759165853304523
EMILIN1,0.00021249160697511747,5.987990385407252e-05
TAPBPL,0.0002123995728314198,-0.00017189947437457723
SHMT1,0.00021225376822486342,-8.491994210807592e-05
SEMA6C,0.00021205998448703542,-0.0001381226020857849
SLF2,0.00021201396358843172,-1.919366369325015e-05
GGH,0.00021197940196794924,2.0390347444479488e-05
TRPM4,0.00021193992346212745,0.0001292697615206899
CYTH3,0.0002119230698110512,-2.110118181829801e-05
RALBP1,0.00021161852541281922,3.4030020670907095e-05
PIGL,0.00021115030040639327,-0.00011779067764681392
CFAP45,0.00021073228048550043,0.00010307585673376737
ACSS1,0.00021055024202496305,6.882113767024747e-05
SEC11C,0.00021023518915369455,-5.151452828217295e-05
COX10-DT,0.00021013405609448914,1.3429629210484837e-05
FAM220A,0.0002100644632962901,8.392983527956848e-05
NHSL2,0.00020998074207237256,-0.00013915469866658035
DEFA8P,0.0002099139271818656,0.00014014807013476194
NOCT,0.00020971783568729036,-6.539223554893928e-05
MARCKS,0.00020957352927511073,8.313731425122557e-05
FBXL12,0.00020950350127279513,2.6229680888958387e-05
TMEM250,0.00020931750182429237,0.00010221810025913634
KHDRBS1,0.0002091758156083601,-0.00011850283294114719
ASPHD2,0.00020898800709330195,-0.00015793767238210605
KDM8,0.00020889295607403927,-5.860148841744005e-05
RBM15B,0.00020882670887697574,4.2172116539806805e-05
IDH3B,0.0002087016104274093,4.05932981137237e-05
TLR10,0.00020863659034898476,-0.000115195301754499
DDX3Y,0.00020863517820921476,-0.0001743201817932255
NUP50-DT,0.00020819097351036563,-2.800497985216605e-05
GPR153,0.0002081776571368753,2.3215351012621164e-05
MMP24OS,0.00020794151667247713,-3.0951545490279393e-05
PDE3A,0.0002078346988394801,-9.298367693762747e-05
MAN2B2,0.00020776068920312432,0.0001595744789155254
KRT10-AS1,0.00020742845189047226,-0.00011931712885887982
PSMF1,0.00020734814910721247,-0.0001725883567427261
ESPN,0.0002072742100490519,0.00011458443391240506
ZSWIM9,0.00020722615214359286,-8.191103697046548e-05
PM20D2,0.00020719846347883446,0.0001725779717758022
PDGFD,0.00020715974896989335,-5.674721623051138e-05
RNF144B,0.000206912478126136,-3.307844898446654e-05
FNBP4,0.00020674296765697925,-9.685169851656704e-05
DYRK4,0.00020637204471698082,3.576592156589829e-05
RNASE2,0.00020627238639316382,4.183560349763362e-05
RAD23A,0.00020614181095805843,-2.9007876724277976e-05
TXNDC5,0.00020613341022776964,0.00018299425349273217
CLN3,0.00020611762325414463,-0.00011900544412245771
ELAC1,0.00020610193196419165,-5.924657798431356e-05
PFN1,0.0002060400821294328,1.0446237474877429e-05
JAML,0.00020602828845570932,-0.00017956058644040472
H4C3,0.00020599964380557307,0.00011949740039767823
TRBV19,0.00020512616212435775,6.788577639441247e-05
FOLR3,0.0002049485320886496,-3.9420686322218924e-05
SLC8B1,0.0002045244793230465,-8.586543191058007e-05
ANK1,0.00020447708099219507,-2.4618762559691116e-06
CCNYL1,0.00020422683124440762,6.495558483134644e-05
KCNK5,0.00020374836193620604,8.789494115305476e-05
ZNF175,0.00020279661910785297,6.893485081320015e-05
TRGV8,0.00020246539388336723,4.721178595798461e-05
CD8B2,0.00020236195981584963,-4.620751604342187e-05
MARCO,0.00020201457919639303,-1.7661733122721336e-05
LOC105372522,0.00020192042581462205,1.830620148195235e-05
DOHH,0.00020169644459529243,0.00012201474486133322
H1-4,0.00020163679379742825,-0.00014374864267503192
TMED3,0.00020159977200942016,0.00011125640494411986
HIGD2A,0.00020137999687793123,-7.021686161922712e-05
TTYH2,0.00020117363037168892,-0.00010195482407522396
RPL10AP6,0.0002009211017154095,0.0001310246826087216
NUB1,0.00020053749603857367,-0.00011260595829637647
PPM1N,0.00020023187956491918,5.468833173550576e-05
HNRNPKP4,0.00020008588812222013,-5.912609298088945e-05
BRMS1,0.00020006656153517726,-8.731711004257862e-05
APOBEC3B,0.00019982440758961644,0.0001251067100009817
ERAP2,0.0001997460683587524,3.693088399948286e-05
PLXND1,0.00019947136222959417,6.600173290510484e-05
FUT7,0.0001992507135442203,0.0001311564105902231
PRSS21,0.00019922518027585355,2.9943160095293984e-05
SNX18,0.00019922059323195033,-1.3366426215438909e-05
CFAP20,0.00019912798932558988,-0.00015793989959911336
HOXA9,0.00019904240314750043,3.1265046131479956e-05
SETD4,0.00019901016880896294,-1.4670125736617814e-06
IVNS1ABP,0.00019879922891830826,-7.298168318162551e-05
FAM167A,0.00019875938814383824,0.0001159066565907175
FICD,0.00019835569949871708,0.00010753885571718546
PIK3C2A,0.00019831402177139897,-8.253403533314654e-05
GOLGA5,0.0001982562480195949,4.331523255775169e-05
MICOS10-NBL1,0.00019821220418449783,-1.3176644277339372e-05
ZNF230,0.00019814783132900374,-0.00015807774962596063
ENPP5,0.00019814401644388,6.138846682923582e-05
TFG,0.0001980230449084441,0.00013210435437805578
MRPL35,0.00019739852425167576,0.00010186670604653873
ZNF626,0.00019729758874476085,-0.00013376385882277184
DNAJC5,0.0001971037404860935,3.8350641545367674e-06
SLC2A9,0.00019702504193354838,8.409141879751692e-05
FABP5,0.00019697252329476447,0.00010972466488034285
BISPR,0.000196318206096544,0.00011019243612215103
DDA1,0.00019593299000524457,-0.00015250253024748128
CACNA2D3,0.0001957849727930187,2.1782097924702813e-06
MYO1C,0.00019571886967845842,0.00017437931951000304
ABCC2,0.000195466746032339,-3.154198246317269e-05
ARMC1,0.000195408282336417,0.00013838119507798857
OR2W3,0.00019537317287326284,-3.848807663005246e-05
C17orf99,0.0001953271919799915,4.489711413590119e-05
B3GNT7,0.00019497661406007273,2.9906551552365694e-05
BCL6,0.00019486176192653443,5.68839218349712e-05
EEF1AKMT2,0.00019474360973564662,9.145357765531634e-05
CYP27A1,0.00019471807074818411,-1.440044205276274e-05
KIR2DL3,0.00019470211832138735,9.240907261121583e-05
SEC22B,0.00019458164039686142,3.95189968311348e-05
WDHD1,0.00019435415553410327,0.0001286613998630863
STX2,0.00019412482793886035,-1.7746750805356034e-05
SLC25A35,0.0001939474464829275,0.00015518694752844245
SLC25A17,0.00019375050965194437,7.239099863529133e-05
NGRN,0.00019357426979664625,6.448887883445372e-05
PPT2,0.00019342390963688296,5.96757558756256e-05
CPEB3,0.00019318043507597133,2.904997259571163e-05
HMGN3,0.0001928116157970177,0.00014995806737901738
PMPCA,0.00019264060780067483,-8.51150055224488e-05
BBS7,0.00019257915448338603,1.001405614543887e-06
GAR1,0.00019253440678201615,-0.00011838080692310005
UHMK1,0.00019203712203475786,5.436568728216477e-05
LRSAM1,0.0001920368697768662,1.9036475171962398e-05
FOXO1,0.00019202655088351644,0.00015148519392644622
ZFP1,0.00019201694442667823,2.523408006847668e-05
PIP4K2B,0.00019195609445718097,8.174657814254999e-06
SRSF11,0.00019186907806200622,0.00011146002370157908
ZNF517,0.000191738137944628,6.0861886439264045e-05
MRM1,0.00019170677084711743,0.00015139765955288364
NDUFS4,0.00019134123736819483,9.76630469779116e-05
PPP2R1B,0.00019130059178908628,0.0001543851658008975
UBQLN2,0.00019123657755756786,-0.00015077170335546332
C6orf136,0.00019103046806195255,-6.497424088925133e-06
OASL,0.0001906040957765095,-8.157022152965361e-05
PHRF1,0.00019045575486581213,-2.7338809512922215e-05
TOM1L2,0.00019042506219063557,-0.0001270037469010592
GRPEL2,0.00019012754888733877,-0.00012063171646387597
LOC105371967,0.00019010862469012006,9.512199941705077e-05
SYP,0.00018996389395983609,-9.12957734315575e-05
SEC22A,0.00018983279128619837,-3.649789001605883e-05
CYBRD1,0.00018982279028268868,0.00010809625570626995
GMPPB,0.0001897871253396491,8.944314359448987e-05
RINL,0.00018976642127666184,-0.00016641370508680144
IGHV4-59,0.00018972572448219238,-8.764292297731372e-05
RSBN1L,0.00018965517241379318,0.00012590553462764426
TLE2,0.0001894319677563976,6.65130309802643e-05
ZNF845,0.00018938792019545177,5.364891093528302e-05
C9orf78,0.0001893158244503225,0.00010508146191888856
PLPP3,0.00018911588970826418,1.2428477839882256e-05
ATP13A3,0.00018894466077184276,-2.417123314528174e-06
TSPOAP1-AS1,0.00018886454348666655,-4.654491020595312e-05
SNRK,0.000188760647775897,-0.00013999698446125764
GTF2H5,0.00018866932748105405,-0.00014104103702236714
RIMS3,0.0001885139205817463,-1.6938673087332116e-05
CNKSR1,0.00018848201266310487,7.601912113426721e-05
IGLV7-43,0.00018838785026457382,-7.810760518383416e-05
ZNF93,0.00018816746092535026,-4.5083138273958125e-06
MKRN1,0.00018807199512992247,0.00011853251282644226
CD200,0.00018782220107200524,8.945473940454329e-05
CARS1,0.00018748927282440282,8.286826038206361e-05
B3GNTL1,0.00018734661453200768,3.221451257785169e-05
ZNF837,0.00018709644848491206,9.005357578376026e-05
LRRFIP2,0.00018679097226049086,-6.2972909358056e-05
FAM157A,0.00018665134517339887,-8.645869661928609e-05
ANAPC13,0.00018657615257440448,1.1424309084785048e-05
TBC1D7,0.00018648369964466218,-9.721195553325293e-05
NDUFA13,0.00018636975565564852,-3.058671098391941e-05
RRAS2,0.0001862688462072496,-0.00010529027854928583
CDK14,0.0001862485367519199,3.1489669704295644e-05
SIGLEC16,0.00018609990570818392,-7.809231877223674e-07
CEBPA,0.0001860211569568103,0.0001146651286219744
TRBV25-1,0.00018586678363108718,7.46692895419545e-05
TG,0.00018552600535564592,0.0001194388762256248
CASP3,0.00018510493478020965,1.4077436353150387e-05
MED23,0.00018504772358817593,0.00016519368187587602
GPR160,0.0001848333267519541,-0.0001344929470950095
REST,0.00018475924852699705,-6.296484110885732e-05
HSD17B11,0.00018465173903800904,0.00012790586201140555
ERCC1,0.00018429295080593379,9.765776042217659e-05
CLN8-AS1,0.00018409020098733252,5.9407868845606344e-05
CALHM6,0.00018391844937947039,0.00011958693107734049
EMC6,0.00018359573714543282,0.00010915676615473775
SBF1,0.0001835017349502754,-9.372087526025267e-05
RTL5,0.00018347790437688854,6.395249752917576e-05
PRKAR1B-AS1,0.0001830141098263422,7.472918055117279e-05
PPCDC,0.00018299050398535362,-6.194089625002017e-05
NRP2,0.00018253787580089915,8.14408835489954e-05
RBM42,0.00018239127405985303,0.00011026940030947858
SNORA73B,0.00018196079645372516,9.069702485442722e-05
PGS1,0.00018194276693606743,-0.00014038889638209057
NBPF12,0.0001817753198501284,0.0001391668827190475
TPSAB1,0.0001817553170693565,-2.7743137484879006e-05
ERMAP,0.00018155392958477386,-7.007112562269026e-05
PCNX1,0.00018150428735675718,-9.218065814081527e-05
THUMPD3-AS1,0.00018142945508656407,3.4383222119708496e-05
DDX11L10,0.0001814182662918868,5.20197621042793e-05
CBX3P2,0.00018134442149437223,-8.142344826473742e-05
PGPEP1,0.00018122113778495678,4.894676210943756e-05
RPS3A,0.0001810955131477878,-1.5785904246756217e-05
ZNF639,0.0001810877050040206,2.58963032917667e-05
PACSIN1,0.0001810057086910473,-1.693280625251852e-05
LINC02910,0.00018096126482047527,9.394695919091898e-05
BECN1,0.00018083851231941137,5.007632970013892e-05
RPUSD3,0.00018073080926236685,0.00013475928149185904
TBCC,0.00018049652024903286,-1.0490637673837753e-05
HACE1,0.0001804870932960809,-5.513090541339168e-05
PDK4,0.0001799705053411266,-1.1527220990677795e-05
POLR2G,0.0001799565552997543,-0.0001305456852436492
MED25,0.0001799127459031143,-1.394032647982852e-05
PIGBOS1,0.00017979007136512202,0.00013243270601157964
C17orf100,0.00017968247721055855,-2.3197044578053322e-06
DCAF11,0.00017940170694876582,2.2902339325200613e-05
MEG3,0.00017932746180493691,-0.00011617889570232737
CCND3,0.0001792063775447485,2.2328585481505e-05
PDLIM7,0.0001790799952674499,2.7343345640273248e-05
EXOSC4,0.00017907930210840604,-5.257536075143303e-06
CRACR2A,0.00017894450546828797,6.090715988918522e-05
NBPF9,0.00017892960685989733,2.511725332220046e-05
IGKV1D-13,0.00017874706417284904,-7.658212015951388e-05
WARS2-AS1,0.00017841366109961774,-0.00013186638220739837
NEU1,0.0001784048452135542,-3.437815425217908e-05
RNH1,0.00017839938898238237,-5.358158393347671e-05
EXOC6B,0.00017832965604184817,-4.1507905631073234e-05
ATXN1,0.0001783052945889807,-5.939639883130608e-06
LRRFIP1,0.00017826020050906157,-8.53596850711547e-05
C2orf42,0.00017818165000122932,-5.430741572038703e-05
IMMP1L,0.00017817461517002328,4.2988183818507666e-05
S1PR2,0.00017814952409690536,0.00012747762967244838
SKAP1,0.0001780645141992811,-2.57188345277368e-05
RABEPK,0.00017805749200055333,1.2348447621259734e-05
CPLANE2,0.00017782872517129808,4.436169849453867e-05
ABRAXAS1,0.0001777775590173628,-4.2944354472999795e-05
UCK2,0.00017763467239228164,5.838935258187005e-05
UACA,0.00017750482242396016,-7.307476332387673e-05
DPP3,0.00017736257806206263,-4.4134263952260976e-05
CGRRF1,0.0001772509896275509,-1.6022455564197846e-05
RXRA,0.00017713423866964748,-2.8114444178470953e-05
OTUD5,0.0001770223274577673,-7.249587335672067e-05
BPNT1,0.00017700471556498368,5.219265887297682e-05
ALYREF,0.00017668161717460597,4.8142945334055645e-05
GRIK1-AS2,0.00017650340404984965,5.0098615212618114e-05
ATP6V0C,0.00017635873849289278,-1.1639657319286417e-05
ARHGAP11A,0.00017621330146873533,-0.0001511027040580811
CLEC4G,0.0001760922257961613,8.269730641444174e-05
SLC43A1,0.00017589802933550737,6.720530061596356e-05
RAD51AP1,0.00017584603728488827,-9.417423548302874e-06
PPP2R1A,0.00017582222596274945,-3.348081315439158e-05
HERC2P7,0.0001756304465093174,2.7274566327349596e-05
DMTF1,0.00017559657962801985,0.00013049424750743215
RABEP2,0.00017543546234605913,-4.186866446802626e-05
ENDOV,0.00017523470827987336,-3.648866081744943e-05
NAPRT,0.00017506209002641178,-8.350666932753381e-05
TMOD1,0.00017494417517497618,8.986560351642761e-05
METTL2B,0.0001749407967084885,-0.00012263839048862928
LRPPRC,0.00017481191476189924,1.3975076756270291e-05
SLC25A12,0.0001747184282104467,-1.4872614716619044e-05
SPATA6,0.00017457830418102975,0.00013877216841907302
FBN2,0.00017427923819430375,-6.463366732269756e-05
ENTR1,0.0001741453952782492,0.00010804628242461809
AKAP8L,0.00017409886705018558,-0.00013898142052598555
RAB11B,0.00017375173776636364,-1.4886552798904682e-05
CHMP4A,0.00017367933465138005,0.00011461482353645441
RCN1,0.00017364385449772796,8.942151644280285e-05
SPIRE1,0.00017321169212204137,0.00010478287947007526
PCYOX1L,0.00017303145690060755,4.656977183248586e-05
IGHG4,0.0001726883412279707,8.837659782444518e-05
TRGC1,0.00017266427637395532,6.728350557781171e-05
FAM76A,0.00017264610274746018,7.659425432398141e-05
LIAS,0.00017246786465799775,0.0001570017463297792
BRD1,0.00017246624331755884,0.0001349147428554119
RASGRF2,0.00017245604809934377,7.030940030743528e-05
IGHV3-43,0.00017241695537695837,-8.710883119606504e-05
GBA2,0.00017241427465495437,-0.00013042943809031462
GPR89A,0.00017210972802624195,8.548581917060482e-05
NIPAL2,0.0001720598247673333,-1.8020078821562653e-05
EIF2AK4,0.00017197776675872178,-7.165668324747832e-05
NABP2,0.00017194111774984506,8.508644010355191e-05
SLC11A1,0.00017182048564886551,2.820181879181794e-05
NSUN5P1,0.00017177007010096447,0.00013440588176622182
ABCA1,0.0001716476683603733,6.912266439984289e-05
C20orf27,0.00017161441269137874,-7.764106388853285e-05
PIK3CB,0.00017155901899044534,-6.397984465884263e-05
SOCS5,0.00017146307624332896,2.014507159125747e-05
UTP20,0.00017143290182016358,-0.00011779501615760397
INPP5D,0.00017116632892800622,0.0001050471780970877
UBE3D,0.0001710092898953465,5.835243317351567e-05
LNCAROD,0.00017100058588395296,0.00010235552423686292
NIPSNAP2,0.00017071856552890334,2.801333884537188e-05
KLHL36,0.00017068074861711067,6.25863249133527e-05
RNPS1,0.00017050393421034669,3.3517697368457426e-05
POLB,0.00017043468601766004,3.429161958725216e-05
TSSK4,0.0001703693542947641,4.802926801707362e-05
NEK1,0.00017024455788144504,7.301793022799938e-05
ZNF544,0.00017014005928938468,0.00013108895678402312
IGHV4-30-2,0.00017008193327842626,5.270289845167515e-05
RPSAP12,0.00016968694478836473,3.794037642922026e-05
PLAGL2,0.0001696655122051143,4.287856847139179e-05
SLC9A3R2,0.00016966115673712834,-7.227995724636215e-05
HASPIN,0.00016963254264615272,-2.4470114431482466e-05
CD8A,0.0001692692792761422,-7.214994275268187e-05
ZFAND6,0.00016921802820745154,-4.811949428558143e-05
SNX13,0.00016898081509293783,-6.334043085801605e-06
CDC7,0.000168692038348559,5.99967269915096e-05
RNF187,0.00016857995308806325,2.4455643094165897e-05
MIEF2,0.00016844408254610866,0.00012863505209801635
IDO1,0.00016838263327523836,-4.620947523424947e-05
CLPX,0.00016819879379040975,-0.0001236059419798433
LOC105377067,0.00016803073388907145,-1.5052355098376758e-05
CPAMD8,0.0001680217156403791,-0.0001680217156403791
GGNBP2,0.00016715961248031303,0.0001197872498942235
MRPL48,0.00016698242895907497,0.00012611130223514125
USP38,0.00016693163169869164,-1.7534479607864774e-05
ZZZ3,0.0001669156192331379,7.465116975424102e-05
MARCHF8,0.00016679142203217305,3.6710273096354185e-05
FBXL5,0.00016665910157873568,3.096050892641816e-05
ZNF235,0.0001664947078546053,5.15071517636934e-05
MAPK1,0.0001664288015691219,5.349535070320235e-05
DAZAP1,0.00016613541968511553,0.00011113573218333993
QTRT2,0.00016612590407800814,5.453116462216054e-05
RASGRP1,0.00016594797532388085,8.019946484340862e-05
LOC728488,0.00016586763524139826,-4.5350331112536374e-05
ZEB1-AS1,0.0001658528972158634,-0.00012628245110470708
RPL41,0.00016579923204386926,0.00013337385981685557
RAF1,0.00016553137193906658,-7.16266683085905e-05
BTBD10,0.00016552715727139545,1.881067292617439e-05
RSPRY1,0.00016543807595749034,-4.253297121920615e-05
FCHSD2,0.0001653740431406212,9.304656040657846e-06
HID1,0.00016516076395485768,8.579978805083056e-05
CYP17A1-AS1,0.0001645686865796705,6.215123944466815e-05
BCL2L1,0.000164443702395898,-2.9049439285190715e-05
NDUFA3,0.00016432449756229042,-5.4258485153331843e-05
FAHD2B,0.0001641541178871996,3.145592259031121e-05
GTF2F2,0.00016387403659031175,3.5129376313668034e-05
LATS1,0.0001637898171587364,-0.0001441687956000743
HNRNPA0,0.00016374459027120334,0.00012346664429560762
TIMELESS,0.00016373512355122557,0.00013340274335423745
RRN3P3,0.0001636574274705303,0.00011588856307863501
PLCXD2,0.0001636519096446807,-8.694100749797726e-06
CRLF3,0.00016338046324920494,2.457462595710776e-05
F8,0.00016328475599605588,2.9441727476931784e-05
SLC40A1,0.00016300267233330113,-8.987840346866718e-05
IGHV4-28,0.0001628232663573679,7.207432789003616e-06
F13A1,0.00016275902037556935,0.00013412891565056453
GGTA1,0.00016264666786254726,6.137052522158288e-05
GRN,0.0001622120796852515,-0.00013576921886585794
HSH2D,0.00016206265867844383,3.961013197676987e-05
ELOVL6,0.0001618808835089881,1.3178891341846318e-05
SCYL3,0.00016176762785101448,-7.345103317136438e-05
MEN1,0.0001615028280587546,-8.514432681223866e-05
TMEM209,0.00016141930349164964,-7.5869057021863e-05
CCDC82,0.00016113372786895398,4.35277466977053e-05
GAS5,0.00016111102638272486,2.0840358728690078e-05
ZDHHC16,0.00016098167018277476,-8.980258644228928e-05
EOMES,0.0001609112227266387,-7.711586550328942e-05
ASRGL1,0.00016077252171063476,3.786480022652721e-05
DERL3,0.00016057686616884658,0.00010473268216179072
TMEM184C,0.00016031928595960638,1.7709348939795555e-05
SLC49A3,0.00016025475913914057,3.3708178231504794e-05
ACAT2,0.00016017748155200162,-9.85459279092539e-05
LINC02987,0.00016017241982298953,-0.000121030894135058
PADI2,0.00016009615251567913,-9.215213959473427e-05
RWDD4,0.00015993694550933305,9.79721192897114e-05
RAB4A,0.0001598718346002911,1.8612150425276135e-05
ANKRD49,0.0001598586638417994,0.00010354770276424501
ZNF746,0.00015974938826105156,-2.8246917889412735e-05
NAA80,0.00015971922689937156,4.790322174433482e-05
TNXB,0.00015945036315993824,2.9331964269858234e-05
MCPH1,0.0001592667718428368,4.896594653186939e-06
FADS2,0.00015891524115341465,-7.92693806236404e-05
POLR2F,0.0001588450438893393,8.075680835658594e-05
TRIM37,0.00015866986863001127,-0.00012579472235617342
ARHGAP10,0.00015843041077616199,0.00011024412865650857
FAM174B,0.00015818292543954583,4.37909743830155e-06
SPNS3,0.0001580324110554351,-2.961975406550334e-05
LRRCC1,0.00015780338316680428,0.00012723357755192334
SUOX,0.00015760978425508914,-0.00010642105077227894
MRPS17,0.00015757166487279377,3.407764607275143e-05
TMEM198B,0.00015754699729109327,0.00011234487575378971
TRIM14,0.00015740869433383307,0.00011828127255431927
MYO6,0.00015735288720324295,7.6806584510436e-05
MED31,0.00015728751120311395,-9.402082521837517e-05
NFKBIE,0.00015710175718265193,1.874470565499545e-05
MTLN,0.00015708399101844466,6.048109336394851e-05
CDKN2AIPNL,0.00015704189720584886,0.00010158266750903048
ZCCHC17,0.00015703928799189562,8.949082997151972e-07
STBD1,0.00015703269439320115,-3.83392080349094e-05
HACD3,0.0001569329360297734,-2.1736836395238773e-05
GMPPA,0.00015665293036887573,6.981674677582375e-05
ARHGAP17,0.00015639816291226132,-4.927379737015829e-05
ARPIN,0.00015599627630775222,0.00011278990763332856
MAPK3,0.00015588031885642881,5.903065290038471e-05
SPRED2,0.0001557443939939145,6.293939494493861e-05
TGM3,0.00015572308277108865,6.829947660851598e-06
SLC35B2,0.00015565420179412,0.0001283681048681458
FMO5,0.00015529217929265978,9.565512257809685e-05
FIZ1,0.00015520083224403723,3.63993113682239e-05
COX5B,0.00015515879899172583,-4.44893746267319e-05
SPINK2,0.00015485090060846928,-7.018538277465536e-05
ZNF217,0.0001548315925691622,1.2505349820194598e-05
NAB1,0.00015479818283149424,-0.00014047968224038847
MRPL40,0.00015439777160880055,4.262342417788568e-05
RANGRF,0.00015420563134768106,3.1043081370842086e-05
CROT,0.00015399802437015016,7.297564481314557e-05
ZBTB11-AS1,0.00015338988419077602,0.00015338988419077602
CDC16,0.00015244913796718366,-1.954933241755897e-05
PSD4,0.00015241668965776273,-4.720480398222937e-05
THAP9-AS1,0.0001522599577566125,2.1651179627007404e-05
CYTH2,0.00015210717122260005,-2.6227154005229726e-05
C1orf198,0.00015210587117334262,7.34051094379352e-05
CPED1,0.0001520922106797458,-1.624845318816829e-05
INTS6-AS1,0.00015188504492142299,9.346380810301864e-06
IL1R1,0.000151669600657939,-6.180643298030577e-05
KCNJ2-AS1,0.00015160142432144513,-0.00012397073805837564
NOMO1,0.00015141921842736034,0.00011978504872011168
MYH3,0.00015117005321711488,-7.310495638229749e-05
LGALS2,0.00015116513341665477,7.637102211138722e-05
CMTM7,0.00015093829919160824,-2.235891474750898e-05
PCNX4,0.00015091725474585525,-0.0001042520369345927
DYNLL1,0.00015074508845021195,-0.00012501021385393055
VPS54,0.00015072848766157647,9.505344694355309e-05
PABPC1,0.000150494337392978,0.0001017792274095607
RNF144A,0.0001502243968568989,-0.00011670226622114751
LPAR6,0.00014997911905325823,0.00010137532997084244
TTC26,0.00014995206980367656,-3.2998386090802766e-05
ZNF69,0.00014994577577105516,4.3159867519530257e-05
LMF1,0.00014993619727176756,-2.7924404456491982e-05
EMP1,0.00014968915964729397,-9.750694572179501e-05
RIPOR3,0.00014942588831378027,6.219669925809286e-05
CHI3L2,0.00014927543216901144,-6.293702645697959e-06
SRD5A1,0.00014873668032172816,8.092550848273828e-05
NEBL,0.00014867855320571056,-3.3257288222314895e-05
TGFBRAP1,0.00014859272735775328,-8.607091214978667e-05
BLZF1,0.00014856147973739918,-6.11155043842009e-05
C1QC,0.00014837960143799877,8.57602536266881e-05
CC2D2A,0.00014823774438539708,-0.0001030741750772075
ZNF254,0.0001482256539496276,6.455143274346911e-05
MTERF4,0.00014818050834267032,1.0226950661287692e-05
MTERF1,0.00014814176424820857,-6.757025247041578e-05
RPL21P75,0.0001480849369465705,0.0001033636576888438
MKRN2,0.00014807235887466226,2.241369330549165e-05
SLC6A6,0.00014790154026312323,0.00011403470439850331
PSMG3-AS1,0.00014781178130514013,1.3432085956306628e-05
KIF2A,0.0001477780351376065,-4.8054414528914806e-05
FKBP1A,0.00014777329018906467,3.264602686050682e-05
G3BP1,0.0001476030580188989,-4.9410988140583683e-05
DDX21,0.0001471600940097391,3.1733790259398795e-05
MRPL24,0.00014709625862503002,0.00010437571297578853
EDC4,0.00014700516221814394,-8.575077540594782e-05
DSTN,0.00014699367280809891,6.602973860724056e-05
UTP6,0.0001466799654111541,-0.0001466799654111541
ZNF337,0.0001464384975226087,0.000108609717619504
NUP50,0.00014622339450942864,-9.815185015375579e-05
IDH2,0.00014612011555528002,0.00010021876434595018
RAB10,0.0001460743508056647,-2.7317342937698417e-05
PAQR3,0.00014595798924737393,5.266415339099582e-05
LEPROT,0.0001458966859494887,-2.1879203919836266e-05
CFL1,0.00014579172417947524,4.1666277189407506e-05
CHCHD7,0.00014559657321509597,3.4637551363340896e-05
GLB1,0.00014558660357275152,-3.228562668361656e-06
CD72,0.00014542506692044087,-3.431075327689463e-05
LSM12,0.00014518795293111584,1.6722080092865133e-06
USP39,0.0001450049928895383,-5.6049297390903805e-05
PPDPF,0.0001442127847495395,0.00010372548980151005
SCUBE1,0.00014406161424985496,-9.823183078210922e-05
CEBPG,0.00014400893210838217,9.931385976360133e-07
UBXN8,0.0001439531843982224,-9.013581726956148e-05
COQ8A,0.00014378973625530687,-2.4715135502039964e-05
TONSL,0.00014370709632830796,1.0078418174920117e-05
CREB5,0.00014360850385351505,-7.9532208267306e-05
IL10,0.00014358080832472313,-4.7165091219350866e-05
ME3,0.00014333129862918032,-8.81898756263572e-06
HNRNPUL1,0.00014326251931649474,7.072034690295305e-05
KIF20A,0.00014300420040302194,-5.1337707693353355e-05
C2orf69,0.00014279756110381574,0.00011076557944845615
TFAP2E,0.00014275655572818505,0.0001172137715647113
ETV3,0.0001425559846770555,3.802324474197134e-05
PAM,0.00014251597199418852,0.00010770102280509908
HERC2P9,0.00014249699709255548,-9.235659425257156e-05
ACOT7,0.00014249139942079073,0.00011920372865299447
CSGALNACT2,0.0001424046954476527,3.363384409812979e-05
GTDC1,0.00014216324135379594,7.416271648542307e-05
ALPL,0.00014175452687089767,-7.012294953430294e-05
SLC26A6,0.00014165480979597142,-7.396731470119278e-05
CACNB1,0.00014162507945780791,-5.8092206271110095e-05
KLHDC3,0.00014148128225985025,-6.563712692980455e-05
ANAPC16,0.0001414472900645166,8.974583198385428e-05
PIGF,0.00014136358751975597,0.00014136358751975597
LILRB1,0.00014134196845157107,3.3845050477306944e-05
CSNK1D,0.0001413090667527937,3.081891961017986e-05
ADARB2,0.00014119595414938734,-5.087604758040518e-06
PTGES,0.00014117662469723287,-3.7940397836236745e-05
ATP2B4,0.00014116580453151412,-5.291716942420896e-05
SOX15,0.00014114658268890202,0.0001074479902657901
GALC,0.00014104445812824273,-3.691553438880316e-05
FGFR1OP2,0.0001410180634222652,3.670689746696487e-05
HCLS1,0.00014095571295345854,-8.997585181393665e-05
CSPP1,0.00014092201785417005,-3.0797106165941588e-06
TMEM64,0.00014077813315404453,0.00011636969537769035
SEPHS1,0.00014064198565232178,8.672568978602697e-05
PLCL1,0.00014060433230200222,-2.4743912715736723e-05
EXO5,0.00014059934600706996,7.01979407634312e-05
LAP3,0.00014056740793594235,-4.047301518839819e-05
MFN2,0.00014052321614309727,-2.580125660216265e-05
LOC100134368,0.0001401840885566359,6.270544018816289e-05
NRF1,0.0001401645378243101,-3.890930182720975e-05
RPL37A,0.00014014196201118863,4.030150621279935e-05
ZC3H12D,0.00013991853932012217,-6.089506872553397e-05
SH2D3A,0.00013969783315625106,-0.0001024592269637851
CCDC191,0.0001396576424818351,7.058783477046499e-06
HTRA2,0.00013961458919127157,0.00011336434532924509
PLP2,0.0001393854935143501,6.647883538830485e-05
LIG1,0.00013912340025683985,3.644825460711284e-05
PIGW,0.00013907373268675125,-0.00010073009782082389
TSPY26P,0.00013906700785504036,-8.735250998886334e-05
RSU1,0.00013894710929836365,-8.705406730119022e-07
TK2,0.0001388865545174553,4.4275528961673574e-05
ZNF45,0.0001388438789554985,-1.9804626627866436e-05
GPALPP1,0.00013881509301112992,-6.088720209791422e-05
PF4V1,0.0001387513934844333,-2.8582597238651504e-05
SCN9A,0.0001386280342322833,-6.118812119933076e-05
EHBP1,0.00013831578383645055,4.8767393304287104e-05
PYGB,0.0001382467825165594,-3.656201247479137e-05
RRP15,0.00013814925116627203,-9.3848518533235e-05
LINC00910,0.00013813240207695914,9.245967606039233e-06
PET100,0.00013799800243720532,7.94872145901205e-05
RUBCNL,0.00013792588524425535,-5.934350296930646e-05
RAB32,0.00013792366437824925,-4.25650255800193e-05
NUTM2A-AS1,0.0001377478689925151,-3.665745565275882e-05
PSMG2,0.00013768157326787684,5.751719589496082e-05
EPC2,0.0001376413787999499,-5.287984235569765e-05
FARS2,0.0001375446094689802,-3.769831359291015e-05
LAS1L,0.0001375412810549492,-2.200481002537061e-05
RIPOR1,0.00013739537784193822,-2.9176803376764337e-05
ISG20,0.00013734440043827023,5.2598333108319527e-05
TBX21,0.00013728866809135915,-5.811229570818347e-07
ATP6V1F,0.00013707685310174352,9.428833267164799e-05
FAM53C,0.00013706644720303416,-2.0916484669950404e-06
TIGD3,0.0001368298356851845,7.988609163241329e-05
WTAP,0.00013682259167445562,-8.321781519781229e-05
STAT5A,0.00013678637585659142,9.288500900134934e-05
SIGLEC10,0.0001364746156429432,8.415472766744703e-05
TP53I3,0.00013642254438287252,9.740121847562973e-05
FBXO28,0.00013631980084639962,8.543500689818918e-05
PCMT1,0.00013626031486524168,-6.410952473806062e-06
COG5,0.00013620944134255314,9.990445691835366e-05
BUD23,0.00013620757828578756,3.0845699251435e-05
EOGT,0.0001361233507035533,0.00010611134590163252
GAS2L3,0.00013587828133185362,4.369017458638825e-05
ATP7A,0.00013583853358837322,-6.177585733654636e-05
PGGT1B,0.00013575592178899403,-6.522220135175976e-05
CDK1,0.0001356125172362715,9.008936089876654e-05
PLCB2,0.00013552072705604718,1.373518978367425e-05
LOXL3,0.00013525710841595033,8.455776939674457e-05
CCND2,0.00013514852434329182,6.109194987817175e-05
SDCBP2,0.00013496550019255103,8.897962879671586e-05
H2BC26,0.00013481625678497165,5.394708669015155e-05
DAPK1,0.00013469443719974462,-9.305004666459099e-05
IFIT1,0.00013461515472923413,-6.731651795942305e-05
CRTAP,0.00013461496574370936,1.3967320204046116e-05
PLAU,0.00013451895800006554,1.4240774965695122e-05
FCHO2,0.0001344569788547272,5.363048053360476e-06
PDE12,0.00013441302355231892,-3.076263876168992e-05
BIRC2,0.00013435776661761887,6.283648830483086e-05
ZNF487,0.00013429661476911794,3.928409179595749e-05
AHCTF1,0.00013396340748659424,8.228466703608574e-05
DHRS12,0.00013390911920323678,1.5519745573836158e-05
SLC35A1,0.00013384296141247265,-7.10978606239946e-05
NAF1,0.00013352354786140119,0.00010537264882040812
PAIP2,0.00013340820658726214,-3.785569830593671e-05
CD74,0.00013340577630581706,0.00010038974223216094
EPHX1,0.00013329522878761303,4.294165217805938e-05
FADS3,0.00013324692044024613,2.2068939079708848e-05
PLEKHG3,0.00013313799438220776,3.619356763706669e-05
ACP1,0.00013303943014365073,3.443937932872207e-05
TMEM39B,0.00013290228360054242,-2.9092056562570666e-05
RPL17P6,0.00013280435685604535,6.245771039556567e-05
SCGB3A1,0.00013279369844154546,3.593087496183715e-05
BCAP31,0.00013274881971977646,0.0001110075739084133
ATP6,0.00013273111614609854,-1.7673413917407214e-05
GNGT2,0.00013256706147393146,4.3804603300590586e-05
C13orf46,0.000132560012652065,7.721135626784672e-05
RAD51-AS1,0.00013245251764305177,-3.750833829071825e-05
THAP3,0.00013242320592353373,-0.00010153163409458123
PTGER3,0.00013241234656309354,-5.1069640967432995e-05
LINC01176,0.00013222270367550888,2.6430399607153072e-05
MRPL38,0.00013215321145819523,-1.1545997876771016e-05
TOMM40L,0.0001320957737942245,4.638751482943076e-05
TIMM13,0.0001319907927660365,-9.180632350127226e-05
PYM1,0.00013197965967996395,0.00010999931581828139
ARHGEF9,0.00013185373828689193,1.896674316239285e-05
TET1,0.0001316630829752435,6.364185834945226e-06
CLCF1,0.00013165372582721934,4.464037199543337e-05
TRAV4,0.00013165085944684274,-5.637128608030342e-06
NEK9,0.00013158958803612122,2.7146262366723928e-05
PPIL3,0.00013153102548463545,1.0451059856383293e-05
ZNF841,0.00013138369188865607,2.8281955126195473e-05
BAG4,0.0001313332415360091,-9.461852649790325e-05
CCDC18,0.00013112156947846844,9.079358966516123e-05
MAX,0.00013107712724201104,-3.197576565941212e-05
DHPS,0.00013104561814934737,-2.4593886530569993e-05
TET3,0.00013104330784513514,-8.866401435060502e-05
MAP10,0.00013102938302135498,2.4236776378152736e-05
DUSP3,0.00013094533569212415,-8.151270717420957e-06
EAF1,0.00013047282501304415,4.8395627836930035e-05
DNAH10,0.00013008734188434305,-1.3326648708668648e-05
USPL1,0.0001299254533295649,-5.756027730250702e-05
GPR65,0.00012984571294205762,-7.258474867387979e-05
AP1B1,0.00012962879132950752,7.231240356373258e-05
REEP4,0.00012911794508934708,3.923323803644731e-05
VDAC3,0.00012904985595534618,-1.1970879420255438e-05
SPCS1,0.00012885805811482763,1.7630057086336254e-05
MRPL2,0.00012877418486423745,0.00010696927144235813
NR1D1,0.0001287412695820676,-4.846707622600185e-06
UNC13B,0.0001286617686646119,-8.451310851011076e-05
EIF2AK2,0.00012841221997446527,7.267181875435745e-05
HCK,0.00012823422824506474,-1.3672946244970419e-05
NEFL,0.00012815479975893584,8.109618352160752e-06
CAPZA2,0.00012814193265721968,-2.4032040127124777e-05
SYCP2,0.0001279335152144999,1.6113559400586047e-05
ZNF268,0.0001278507445482623,-8.931785183157515e-05
NAA38,0.00012751480910977016,-1.5732649179857424e-05
IGLC3,0.0001274310546931323,-3.180974136732624e-05
IL7,0.00012742802188796105,8.87307770548135e-05
CALD1,0.00012738787929495203,-4.8626958410404186e-05
TAF1A,0.00012735193324929584,4.2270957226071736e-05
UBAC2-AS1,0.0001273299112612961,5.8095205722348165e-05
PRDX3,0.00012730423206664356,4.54764817901186e-05
PI4K2A,0.00012730026793246517,1.2638697147317374e-05
TSPYL4,0.00012721282733823243,-3.390162451591086e-05
CSTF2T,0.0001271601301868891,5.1591334207340955e-05
KANTR,0.00012715056175557015,-3.34141494906213e-05
KCNAB2,0.0001271333647103524,-6.079277313891301e-05
PI4KB,0.00012710367760839704,9.318924591177057e-05
IGHV6-1,0.0001270462950004756,0.0001270462950004756
DOCK1,0.0001269538782789851,-4.922605705245729e-05
CCDC138,0.0001267572258744325,1.3314207079691688e-05
SLC29A2,0.00012661137902300742,-3.214548231967168e-05
GLS,0.0001264219800303512,7.665668506578702e-06
TRUB1,0.00012624915508773277,-9.429711126542894e-05
ATIC,0.00012623560787436975,-3.8871699469774745e-05
ITGAL,0.00012621336631342907,-6.730062651927214e-05
COPS7A,0.0001261597491007898,5.123969487220174e-05
TRIP10,0.00012602564017858304,8.517615781715808e-05
H2BC7,0.00012599998515802816,4.900069065011234e-05
EFCAB7,0.000125857715731331,3.3119539048701176e-05
SGK3,0.00012585543066120754,6.79963374917099e-05
FAM104B,0.0001256664868194019,-2.0726856917395367e-05
GALNT6,0.00012556766970272607,6.89535854283784e-05
IGFBP2,0.00012542662164341303,4.3949913100285116e-05
GCNT2,0.00012539757220192293,-4.703103922934862e-05
BMERB1,0.00012514260246168857,8.032517142145541e-05
HNRNPH1,0.00012513344315691425,4.214131025743275e-05
APOL3,0.0001250349137108516,3.268809991594996e-05
LINC00173,0.00012466086133174642,-1.0538139291342125e-05
ELF4,0.00012456051903164455,2.4008452151816264e-05
LINC01291,0.0001245475680693733,4.602427257620795e-05
LOC107987462,0.00012429505344448133,4.2301856363010046e-05
RPL24P8,0.00012427239202087077,2.1681496326526805e-05
NUP214,0.00012420190995241718,6.410465614319581e-05
IGKV3D-11,0.00012419575075879136,3.7624882314723796e-05
FKBP15,0.00012417179548003743,7.106427471128881e-05
TMEM97,0.0001241572474221241,0.0001162003916590881
KLHL5,0.00012405912902623803,4.2189668811330427e-05
NHLRC3,0.00012394159417536575,4.447934416950235e-05
LOC101927636,0.00012374691107920664,-1.8568102252996278e-05
CTTNBP2NL,0.0001235990316724172,3.0785628054979596e-05
EFCAB2,0.00012355079554492014,-8.640589759006213e-05
REC8,0.00012354882507860124,-2.5098515943460108e-05
COL9A2,0.0001233307788618448,3.9465676667357586e-05
NCOA5,0.00012326326877055044,5.706166972817911e-05
CPNE5,0.0001231517523620343,4.667446171571883e-05
NDUFA4,0.00012306997110525582,8.291458791482377e-05
GORASP2,0.00012284855875890923,8.542613055302766e-05
FCGR2A,0.00012282986572557543,-6.976350487225018e-05
FBXO33,0.00012277157288483092,8.960577315684704e-05
SAP30L,0.00012271549079401884,4.085595037615248e-05
ZFAND2A,0.00012247621552048004,7.936908374372985e-05
SRSF1,0.00012243764847779935,-8.324836744473867e-05
GALNT7,0.00012229705535993568,-1.1594745874664759e-05
HPSE,0.00012224875735996753,-2.9766128628037355e-05
YY1AP1,0.00012214703394157562,3.3864789397487596e-05
LAIR2,0.00012182305200025259,3.630368717756612e-05
LINC01089,0.00012176295424809018,4.597363963116625e-05
INTS1,0.00012168100486776991,-0.00011417306976680554
CEBPB,0.00012155707184737142,-0.00012155707184737142
ORC5,0.00012150036949163528,-4.0729966621425435e-05
RPLP1,0.00012148807139976128,-2.5714944033960065e-05
WRNIP1,0.00012143644838782782,-1.2853790982556077e-05
STRAP,0.00012139436947569475,2.100250811351189e-06
AP3S2,0.00012134272619573502,2.996972424888997e-05
ITPRIP,0.00012119291759885072,5.491319883765207e-05
TRDV1,0.00012097990048008096,3.4580627213969724e-05
CNTNAP3C,0.00012091352056363595,3.7915316606136585e-06
RGL3,0.00012082572525308659,0.00011225393326066117
SART3,0.00012057176686538845,3.610905177197936e-05
HDAC9,0.00012025910873455553,6.608915964433331e-05
LDAF1,0.00012008490748180816,1.0684666209153443e-05
PSMB8-AS1,0.00011986840329335906,2.4663297177541145e-05
INAFM2,0.00011983679853766764,-2.1523320845002683e-05
ECT2,0.00011981009570072505,-6.633629287173516e-05
EIF4A3,0.00011940054536403423,-5.446210314364477e-05
LOC124905321,0.00011914501342651481,-9.705748217194857e-05
SPPL2A,0.00011909097062664325,-0.00010893063443134515
MRTO4,0.00011880538548578611,-9.017607543714106e-05
TRAV38-2DV8,0.0001186836604819458,1.8999084840594137e-05
PBDC1,0.00011864632452092791,6.098193015899272e-05
NFYB,0.00011861294068862866,-7.331146613896212e-05
TICRR,0.00011850203054313169,2.828331442147181e-05
HMMR,0.00011849989770171687,-0.0001035254866277722
CAV1,0.00011843518647139933,-1.166223314061858e-05
ADAM28,0.00011811848142605958,8.189827319884966e-05
CEP152,0.00011802788969568674,-1.3361950459813936e-05
FRMD4A,0.00011790140683221102,7.813490665068015e-05
SMTN,0.00011778876212340065,-4.340635673481566e-05
PNMA1,0.00011777511224928489,0.00011777511224928489
NT5C2,0.00011777296062552822,-9.73593276358303e-06
WASH8P,0.00011734393450884077,-7.376375815200992e-06
HDAC4-AS1,0.00011709370546944297,6.0658819352730496e-06
ARL17B,0.00011705717394996789,-6.90886757775332e-05
C6orf89,0.00011702987208934984,-6.744371311259129e-05
ZNF30,0.00011701635680962441,-6.53589769807216e-05
TAX1BP1,0.000116970316114193,1.9041727436359917e-05
KCNMA1,0.00011694212130818459,-1.3922266350914792e-05
CUL9,0.00011685577177153912,5.701342594836237e-05
EPDR1,0.00011680859312054814,-6.853553071580086e-05
PSMB3,0.00011678275397004268,6.38290150895193e-05
MIR155HG,0.00011667973308274307,8.20036354538491e-05
PTP4A2,0.00011651065888577784,8.751189480315423e-06
SPAG7,0.0001164345452664289,9.966752459340477e-05
TRIM46,0.00011633245858603398,-1.5514571898889063e-05
ASGR1,0.00011601183707172918,-1.3789188257953715e-05
RNF8,0.0001159889243053544,7.708447363619776e-05
PHETA2,0.00011589587158990191,-8.372702845160691e-05
STON1,0.00011584933738756261,1.4168082230187068e-05
MTFP1,0.00011584089870518215,8.094977410626432e-05
MICB,0.00011561649788492253,-5.8765601784533545e-05
NDUFV2-AS1,0.00011550406538559995,7.539195572522411e-05
GEMIN4,0.00011510914710711879,8.86932934093178e-05
GRAMD2B,0.00011497523992629217,-4.979454190473003e-05
LYRM9,0.00011476448264573496,2.1428096362035537e-05
IKZF4,0.00011462008437448351,2.0125704982040015e-05
DBT,0.00011452503738257939,3.468419523394563e-05
CBFA2T2,0.00011419202098992304,-1.0935964533169183e-05
LOC102724428,0.00011409451740756679,1.132578887818903e-06
SPATC1L,0.00011370411338717626,2.8293777723290914e-05
FLNB,0.00011357464016606985,-1.8820001750627708e-05
ITGB1BP1,0.00011356356687405523,-6.887031045978246e-05
RPS17,0.00011349204642734509,7.035715728084711e-05
SNHG1,0.00011340009386071361,0.00011340009386071361
ZBTB3,0.0001133027700912372,9.043513815782722e-05
KIF15,0.00011279982764756528,-4.1500291719040463e-05
HSPA13,0.00011264424885725592,-1.912034412806888e-06
RHOBTB1,0.00011252242898901768,-6.350031254932718e-05
JAM3,0.00011210744026676001,7.117283385447511e-05
SH3BP5-AS1,0.00011177439642326477,-9.4219931251045e-06
SLAMF8,0.00011173729374702728,7.66292395119537e-06
PPRC1,0.00011161322115096686,-1.3594524419573751e-05
CTC-338M12.4,0.00011160357237842037,1.874651132971141e-05
BMF,0.00011151716448692343,-2.4254275033990352e-05
TIPARP,0.00011145959779986556,-2.580811069263221e-05
ACADSB,0.00011127771764060264,-2.821869855974349e-05
TMEM234,0.00011121068509042757,-1.0328672004222432e-05
CLEC4F,0.0001109579440553709,-3.3007389108673794e-05
EXOC3L2,0.00011087313354866499,2.349020596099107e-05
TMLHE,0.00011085618587915062,-6.212677417692571e-05
IFFO1,0.00011073089389703826,-5.55507363696358e-05
CETN2,0.0001106651629696768,-5.841187784753202e-05
STXBP2,0.00011052003621880638,-5.5700309859076106e-05
MTR,0.00011047130604949492,2.2874067706051823e-05
HHLA3,0.00011041667542467909,6.863961003502537e-05
ELP2,0.00011023622647680143,4.340609350550317e-05
ARPC1A,0.00011021972032762673,-7.340647204499953e-05
ABRAXAS2,0.00011018711726442642,-1.4783113025835712e-05
CCDC86,0.00011012320007005188,-5.906671684376898e-05
EEF1DP1,0.0001101212520006846,7.263191870164128e-05
RELL2,0.0001100489408474253,8.654160194594349e-05
PTPN22,0.00011000720612701772,1.2083326826594253e-05
FAM95C,0.00011000321868302664,-4.981344676679899e-05
PLEKHM2,0.00010991481083264657,-7.11914057183164e-05
MYNN,0.00010990997571154594,6.325894683927033e-05
LRRC14,0.00010978244404183175,-2.0141877276173258e-05
FLT3,0.0001097011998670296,-8.036788914012468e-05
CASP9,0.00010969769793928317,-8.421286597463605e-05
GOLGA8B,0.00010943414295616,3.86746358305235e-05
ND1,0.00010939717312212246,6.619632312695193e-05
FAM227B,0.00010929546277429287,5.956910214796136e-05
LIG4,0.00010908301926919446,-3.296269271189101e-05
THTPA,0.00010906930403984927,-1.5102295448507026e-05
PAQR7,0.00010903813832206193,-3.494498996316281e-05
MTX1,0.00010879178361887208,7.461023841074283e-05
CORO1C,0.00010872463315769255,5.4798301681046775e-05
IL15,0.00010867143055276936,-1.8424920808287944e-06
AGPAT5,0.00010852996958773966,2.4987803170022775e-05
IGF2R,0.00010838814576627838,1.8540769865771576e-06
ARHGEF17,0.00010836086575329215,2.9016877416806276e-05
OIP5,0.00010815953260172331,-3.064886432026395e-05
PTGS1,0.00010813489467844329,9.453858658151218e-06
MTMR2,0.00010811202278513243,-3.27192925962671e-05
MIDEAS,0.00010805247938338854,-4.4720832576632364e-05
PSMD2,0.00010785812457667482,-5.03694619830903e-05
LRRC23,0.00010769691385405308,3.3970460077185396e-05
RGS10,0.00010765810648192928,-3.684034341791314e-05
CDC37,0.00010729955057092355,1.7924437420330774e-05
LTBP2,0.00010726823591823947,1.4372636448034268e-05
SIRPG,0.00010723628951396855,-1.9751871429976154e-06
ARSK,0.00010720878533585588,-6.2455251738509e-05
SEC24C,0.00010715943397687888,-4.384194741906279e-05
FAM110A,0.00010696127284208562,6.269654890204697e-05
SOCS3,0.00010695324137808118,-5.087027229880079e-06
RYR2,0.00010688909397339954,2.233346775781113e-05
AGO3,0.00010674093915794968,-0.00010674093915794968
RBBP8,0.00010669417891076045,6.184931752795243e-05
RPS4Y1,0.00010646728968947195,3.4041310678160344e-05
SLC47A1,0.00010644853903367617,6.590098776897504e-05
CA2,0.00010637136178189288,5.569907876704956e-06
KAT2B,0.00010613327896972828,6.905385930109116e-05
HYLS1,0.00010604957203480342,-2.7370948754576293e-05
IGKV3-15,0.00010604011719630378,-5.760005151485878e-05
BTBD8,0.00010566792812762725,1.5500268582015478e-05
UBE2D2,0.0001055267254434376,-5.8930627426242376e-05
POLR1F,0.00010540679955034114,5.7193823971261324e-05
CLDN15,0.0001052769794685601,-2.7289640810086505e-05
CCDC97,0.00010488656110889485,-6.018568712515595e-05
TMEM276,0.0001047755734903582,4.0693533692744855e-05
GPRIN3,0.00010470137298583452,-3.705235353819506e-05
THBS4,0.00010468220473209673,-3.7588255546935135e-05
SYNJ2,0.00010466455049696869,9.115317918660251e-05
ANAPC1,0.0001045246033405472,1.6624263118723968e-05
PSEN2,0.00010439669216517807,8.221394589089672e-05
FAM162A,0.0001040293460689367,-5.6357164799139093e-05
XRCC4,0.00010386515538048759,-7.665573499006243e-06
C4BPA,0.0001038582097752376,-6.4286323851430315e-06
ZNF821,0.0001038184386177481,2.5140358656978895e-05
ZNF234,0.00010381363939878798,4.157585073009747e-06
STRIP1,0.00010375702087081811,8.036057747211e-05
DHRS13,0.00010352662949652424,-2.049269352733618e-05
KANSL1L,0.0001033885598128823,-5.8337500679495836e-05
PCDH1,0.00010317540529056351,6.466040134777825e-05
SMARCC2,0.00010314067298333993,6.021867144342737e-05
PPM1G,0.00010312106427582479,-2.600134097379067e-05
ZNF619,0.00010276965410134117,1.4269091842070062e-05
HMGN5,0.00010273561846602518,-4.947890764620298e-05
AMN,0.00010265489732065917,-7.433083950280581e-05
CORO2B,0.0001026023590598695,-3.666717794273266e-06
TBPL1,0.00010249682989957766,2.7422506621655332e-05
PSMC1,0.00010245308987910408,5.6623579673780476e-05
KATNAL1,0.00010244970627563443,6.933422813500715e-05
ZNF384,0.00010221012517697355,2.8955552009558096e-05
LRRC45,0.00010218691939250348,7.320981130789028e-05
RRAD,0.00010199556683916145,5.209065257836287e-05
SPHK2,0.00010199142759989112,-1.632113986836932e-05
PIGA,0.00010188885163232507,-4.719747522828196e-05
CACNA1F,0.00010185849449138557,-3.457940752451179e-05
NSF,0.00010169706858127355,3.840202645211909e-05
ERFE,0.00010162293757628439,-8.764477577865e-06
CMPK2,0.00010156317610488743,-3.2474063313463204e-05
LRBA,0.00010146101205864362,7.037513281174538e-05
VPS26C,0.00010145460032108414,1.0243418229736486e-05
RPS15,0.00010133594928185423,5.6004936649366975e-05
XPA,0.00010130104288319301,-4.07728399614809e-05
NFKBID,0.00010119417018198097,-5.796955772952731e-06
MCEMP1,0.00010107567218279993,-4.861692337988387e-05
ELK3,0.00010103363927689206,-5.469913111189728e-05
COPS6,0.00010092061741299228,3.9706916884454004e-05
STARD4,0.00010090228145876674,-5.055646163872962e-05
TEC,0.00010089930859842596,7.482285438390895e-05
RAB33B,0.00010089557149993229,-8.149700747662176e-05
MISP3,0.00010075367921463254,-1.098687907764989e-05
XCL2,0.00010061679441246874,-3.2302863189511666e-05
MAN1B1-DT,0.00010053731004622635,-4.624054213388217e-05
ZDBF2,0.00010038672659164548,7.500292510211274e-05
ZFAND1,0.00010028174236761692,-5.464350349087436e-05
PROS1,0.00010021198661384895,1.517797255330044e-05
CCDC57,0.00010020339508306567,-1.4819388358613757e-06
NOMO2,0.00010016793487510907,4.779076067202726e-06
PAQR9,0.0001001280107706244,6.37536338412433e-05
CLTA,0.00010002502782841265,6.830854993578445e-05
SEC14L2,9.995047595748465e-05,9.717528960995074e-06
AMN1,9.994734878400324e-05,6.90857817095737e-05
DUS4L,9.978439558000879e-05,-2.0673525801437973e-05
CCDC200,9.975881679735634e-05,-7.299157907677178e-05
LPCAT3,9.972129104089797e-05,5.787127809570358e-05
ASAP1-IT2,9.956181382648089e-05,6.156331060808682e-05
CALHM5,9.95110183649908e-05,-5.600968691534135e-05
TOB1,9.937433244162227e-05,-1.5708182323404136e-05
CPSF1,9.920254074028029e-05,6.407743571294149e-05
CDK5RAP1,9.919978399837643e-05,-1.73238291531131e-05
ZNF844,9.900451464012663e-05,7.4759192399129184e-06
MTDH,9.884045193162973e-05,-3.887975775045137e-05
SLC41A3,9.878251453429244e-05,5.6862522996806214e-05
SGO1,9.877590776825255e-05,2.8005873031027584e-05
NAPSA,9.876642711704679e-05,8.132197193001817e-05
MIEF1,9.86384459555145e-05,-3.988672403087979e-05
RCN3,9.855434999647769e-05,-5.957992782273195e-05
AK9,9.847834367473541e-05,-4.342046268733073e-05
NKG7,9.82884241750918e-05,6.6232430273245e-05
CDC42BPA,9.816462381707682e-05,6.794987752173534e-05
MAP4K5,9.808315077615083e-05,1.3256160447635826e-05
ARL6IP1,9.802040852076168e-05,3.7446080148828923e-06
SETD7,9.796031439786223e-05,5.187807157718305e-05
ZNF211,9.770895019367558e-05,1.0342362995229124e-05
CHIT1,9.767581274934224e-05,-4.9431430218821615e-05
OAZ2,9.765683819098293e-05,7.297976274762393e-05
TSR1,9.762425709914147e-05,-1.133686858051566e-05
ZCCHC24,9.761468846991562e-05,8.099764799076698e-06
NUS1,9.755615741400863e-05,-1.5849570990592925e-05
RN7SL4P,9.737986604819195e-05,3.877456473471396e-05
PPP1R7,9.732986425732473e-05,5.706573817266367e-05
SLC20A1,9.705043431161614e-05,-1.5957549882342175e-05
APPL1,9.663253441999187e-05,2.4749155405527297e-05
KPNA6,9.658217001085953e-05,-8.47854231341762e-05
CHID1,9.627289860713236e-05,-4.1262396176530633e-05
IL4I1,9.617820214596655e-05,3.12938567153458e-05
BBIP1,9.615704519355637e-05,-6.469318250927438e-06
C22orf39,9.607692262810737e-05,5.6310896238982166e-05
MARCHF3,9.604760574076505e-05,-9.604760574076505e-05
MAGIX,9.600633504897861e-05,-5.035010050600412e-05
VPS33B,9.591966426933042e-05,1.7803273552848487e-05
EVI5,9.581761954955744e-05,-2.1958849419184298e-05
AFF4,9.581630731132079e-05,-2.158734349119829e-05
MZT1,9.544359503905509e-05,-2.6706697456748785e-06
VEGFA,9.538848022967305e-05,1.818618501873512e-05
MAK16,9.538191215606283e-05,7.118574574515316e-05
PHF21A,9.495957402053738e-05,-5.6963312459158214e-05
POLR1B,9.485751718235108e-05,2.672920562067734e-05
GALT,9.446205258023866e-05,3.753181412190212e-06
KCNK13,9.438768501651533e-05,-1.010944939936045e-05
GNG2,9.432602368707837e-05,-4.687865741908047e-05
CCDC59,9.432128900403756e-05,5.383127677781617e-05
WASF3,9.426969349702688e-05,-1.215398478653357e-05
NDRG3,9.414903616462096e-05,5.40096893214943e-05
ECHDC2,9.381938455864014e-05,2.0427348294228646e-05
MED11,9.350868061145282e-05,-5.069267809294856e-05
TLE3,9.341483244222372e-05,-6.862748576328194e-05
MIX23,9.330081504207343e-05,-8.409214138477759e-05
SH2D1A,9.32629485461012e-05,-4.74795096436465e-05
PVALB,9.325790918114883e-05,-1.9447084711806843e-05
ATPAF2,9.317320885732909e-05,-4.669733130023602e-05
COX19,9.313499871867924e-05,-9.236552693013947e-05
EVI5L,9.298611459360667e-05,6.367388492961732e-05
RPS15A,9.291679217563138e-05,-4.3856031854657104e-05
COX18,9.286227655353701e-05,-4.820993117621775e-05
TNIP1,9.27986385930624e-05,5.0785104898829134e-05
MRE11,9.279376706759375e-05,1.404027320070474e-05
DYSF,9.2767626711982e-05,2.576506436470667e-05
TMPO-AS1,9.27632465620715e-05,5.670421449514437e-05
ANKHD1-EIF4EBP3,9.273857103088132e-05,5.004881689666438e-05
ADPGK-AS1,9.237272795457375e-05,5.305105392254569e-05
TMEM50A,9.217585192524677e-05,-7.193644977457003e-06
HECTD2,9.216638511812123e-05,3.7520092126246844e-05
LEPR,9.197193732260207e-05,4.430673263688428e-05
GNPTG,9.195283914674141e-05,4.454316606653805e-05
TBC1D7-LOC100130357,9.17004732927654e-05,5.499613638558875e-05
PROSER2,9.133206264199379e-05,-9.133206264199379e-05
SLC9A9,9.117110605417137e-05,6.733134452163153e-05
YKT6,9.116273292446723e-05,5.705333188182249e-05
MRPL19,9.115989455021621e-05,1.971391431773287e-05
ZNF346,9.107689075392622e-05,-2.4669593847499834e-05
ARPC2,9.105390415319175e-05,5.8778306695444796e-05
FAM91A1,9.104038830969586e-05,-5.084419160241731e-05
LYRM7,9.097768501968283e-05,4.979880647007308e-05
CRYBG2,9.088891905771271e-05,-2.0800225122440764e-05
SLC17A5,9.077132513286284e-05,3.0788609185692156e-05
ATF6,9.0757390119206e-05,4.50597449243878e-05
ARHGAP12,9.071591018852679e-05,8.315551926099575e-06
RTEL1-TNFRSF6B,9.066736951262302e-05,-1.481564605513107e-05
SNORA53,9.06279395958785e-05,4.656600176748835e-05
KDM7A,9.054650656736895e-05,-4.457182743852252e-06
PTBP2,9.040181529003402e-05,3.914691950011486e-05
KCNQ1,9.03185076424539e-05,4.2211488512584456e-05
MKLN1-AS,9.016657564091676e-05,3.923373566142365e-05
MRPL9,9.014620165468889e-05,7.548804962598081e-06
SYAP1,9.014382619859292e-05,-8.581447475970846e-06
SETD1B,9.01298018712112e-05,4.8432485740639585e-05
CMTM8,9.005199447025575e-05,-6.349670500050538e-05
PSMD6-AS2,8.993016909024592e-05,5.3722838502312924e-05
IFI27L1,8.989649741506021e-05,4.3918377915268315e-05
CTSH,8.985999038092178e-05,-4.7065856369258104e-05
RERE,8.958555400288196e-05,5.1739242533240094e-05
NUDT13,8.95267554949531e-05,2.249274404990141e-05
STRBP,8.940642556327947e-05,5.340253218776227e-05
POLD3,8.92358921683615e-05,-2.2444813177209228e-05
SSBP3,8.922348684122632e-05,7.829129227905946e-06
CRACDL,8.910909173082701e-05,-3.066463542696013e-05
LOC101928834,8.9082831755613e-05,2.35623706976266e-05
PTX3,8.88815780202447e-05,-1.1955906205635252e-05
JAG1,8.867580083702271e-05,3.384510262982334e-05
PPARG,8.864851928035791e-05,-8.444479796667462e-05
LOC105370969,8.861294033555244e-05,-4.044456210546235e-05
TTF2,8.84490183582027e-05,8.84490183582027e-05
SYTL4,8.839120823262433e-05,3.7436412514774115e-05
SNHG3,8.836067900558298e-05,5.400026481607282e-05
SRSF9,8.826813980169571e-05,6.16302090542449e-05
S1PR1,8.771751851534168e-05,2.2735104640551125e-05
YIPF5,8.763760452619644e-05,4.660633706777669e-05
TMEM126B,8.758521881135944e-05,5.703927485005617e-05
EDEM1,8.752571137250772e-05,3.511905334228316e-05
DAG1,8.747972748676901e-05,6.938475675666073e-05
TCERG1,8.73326503986733e-05,-1.7642478717243748e-05
IK,8.728491074177004e-05,6.009991742479273e-05
ABCB1,8.717280015454448e-05,-3.088208463462013e-05
PAX8-AS1,8.716142725499876e-05,-6.652826456293809e-07
ARMCX4,8.714123822290365e-05,4.8672352417706994e-05
TMEM59,8.701379803053232e-05,-4.245625017683836e-05
PRKAR2A,8.682777595297336e-05,1.014346271041214e-05
DESI2,8.677393297570088e-05,8.071778021018946e-05
ZNF18,8.660185079475192e-05,-4.8539628837608075e-05
BFSP1,8.621071347342693e-05,1.930957389136778e-05
ZNF766,8.600391952765108e-05,3.736168103014148e-05
NBDY,8.596141221571955e-05,5.92649745121702e-05
TNPO3,8.595676972109056e-05,-7.470375115221656e-05
AIF1,8.574583473930237e-05,-1.349155486753359e-05
ALG11,8.571993656932808e-05,-3.614992972244495e-05
TRGV3,8.54066114611409e-05,9.766279770727565e-06
RANBP3-DT,8.535571693986795e-05,5.3796294181867246e-05
FAM200B,8.509746791298913e-05,-2.6915311607466398e-05
ALAD,8.501545761419285e-05,-1.4822783883755123e-06
ZNF106,8.495421287378777e-05,-4.112276216176009e-06
ZCRB1,8.482800048603363e-05,-5.500210509620274e-05
IL21R,8.4713227952271e-05,-4.3268842334436055e-05
CTU1,8.468949096901543e-05,4.002289022797305e-05
TFEC,8.46840486040994e-05,-2.529253794035574e-06
PXDC1,8.455737286519927e-05,5.270747030569938e-05
WDR97,8.449088087714839e-05,6.974541144252209e-05
SLC16A1,8.447195434161903e-05,2.935678455005774e-05
GLIPR1,8.44588200852552e-05,4.320706156148681e-05
KBTBD8,8.4414572392596e-05,-3.722365141853273e-05
CD33,8.44079752152482e-05,8.44079752152482e-05
SOX6,8.418551919658181e-05,4.049427960560303e-05
LINC02432,8.41718711411075e-05,-1.2200439657072832e-05
FCRL1,8.401960073642996e-05,-1.715760409824462e-05
LINC00324,8.392161583569637e-05,3.926797004942245e-05
ATP5PF,8.38576149094738e-05,-5.5911245014890484e-05
MICU3,8.385631704381433e-05,-2.8429927852774737e-05
SLC25A39,8.383970108786831e-05,-4.126527879728141e-05
STON2,8.35191220029316e-05,-5.7940754137545425e-05
RASA3,8.329019687318229e-05,6.132240072169256e-06
MEFV,8.311901447073493e-05,4.6604989828712085e-06
UBR5,8.301376178217349e-05,-4.9735363180316676e-05
MRPS26,8.291298527824179e-05,-2.9462836765067927e-05
IL18BP,8.287147735860567e-05,-3.793205857693631e-05
PEX6,8.246414503203502e-05,-3.894670828575613e-05
LYST,8.243736777326757e-05,-4.960109842494925e-05
PPP1CB,8.182106912195832e-05,1.6968907245794537e-05
COG2,8.153632536033394e-05,4.7499681770270346e-05
DENND6A,8.15135347509159e-05,4.008082060144073e-05
MAP4K2,8.14525949634953e-05,3.823205898536587e-05
ZNF613,8.129406012133472e-05,4.327006315149949e-05
PNPLA8,8.127343650437233e-05,5.081725464362579e-06
GABPB1,8.122544052097478e-05,-3.279328871318842e-05
HCG11,8.10996716515474e-05,-5.2762962871291306e-05
GDPD1,8.107186965349844e-05,-7.006134108985464e-05
UBLCP1,8.103852203119756e-05,1.4596544186082717e-05
UBQLN4,8.102908462094674e-05,3.599592495487796e-05
FNTB,8.093171983060528e-05,5.578364335372041e-05
DACT1,8.090859690510972e-05,5.931491042220985e-05
NCDN,8.084572104841209e-05,-1.6614070191470693e-06
CMTR1,8.079897151905265e-05,-2.9445784601295077e-05
HMGCS1,8.051034006806124e-05,-5.4738912056576764e-05
DSN1,8.044662953426915e-05,3.584868717912727e-05
ANKRD22,8.036048507409463e-05,-3.0577965154094424e-05
TMEM33,8.029678592021251e-05,-2.2726832675343843e-05
RPS7P11,8.020960062654846e-05,3.3187560049748005e-05
RPS19P1,8.019368157480985e-05,3.8454158402778715e-05
RNPC3,8.017603593161401e-05,8.017603593161401e-05
DEK,8.009220647218578e-05,-3.401038316231829e-05
GLCE,7.964748519792335e-05,3.328434057861993e-05
ZNG1C,7.963007237573386e-05,-2.8927676831666003e-05
TRIM22,7.962549076153754e-05,3.995939622199159e-05
USP18,7.932338737222624e-05,4.186490667237453e-05
PSMD6,7.931787778347518e-05,-1.7948293357109107e-06
APOBR,7.930048609561643e-05,-2.3444353548507413e-05
AACS,7.91655101328274e-05,-7.229556381256331e-06
DCP1B,7.914409594322832e-05,5.804883109396929e-06
ZNF83,7.912142063137358e-05,-4.4952989962788095e-05
CENPU,7.909844972471748e-05,5.4017376426943694e-05
PUS7L,7.898352292624258e-05,4.436946132499239e-05
SYT11,7.883272906684785e-05,-2.1419388824746235e-06
IGKV2D-28,7.869022591696967e-05,4.590838417426306e-05
ORC1,7.853297551667552e-05,3.033874418795846e-05
LASP1,7.84048560557324e-05,3.920560958765959e-05
TULP3,7.826491003169691e-05,-2.916437568728317e-06
RIPK1,7.823858412868783e-05,1.0609514295622592e-05
NLN,7.822175989246564e-05,4.5943990167141026e-05
FXYD5,7.813952593090564e-05,1.0552443070131973e-05
ADI1,7.80597096409779e-05,7.065794833675621e-06
PLEKHA8,7.786516737961283e-05,4.204591098755459e-05
ZKSCAN5,7.785617755360778e-05,-3.625950549615522e-05
NUDT5,7.783025157737775e-05,5.3036679748604184e-05
RASA1,7.781935637132128e-05,7.189058902033636e-05
LRG1,7.776731618687652e-05,-2.991752762192456e-05
COG4,7.765872047236172e-05,7.434491275100081e-07
SEMA4C,7.757298581111596e-05,5.9799570687564894e-05
ARL6,7.754361397437637e-05,-4.261346359047504e-05
FNBP1L,7.75112116074613e-05,-3.4141674699191174e-05
LMO4,7.734653683835085e-05,3.84339634495386e-05
CEBPD,7.702671670475048e-05,4.0892177087499606e-05
CASP8,7.693401136043757e-05,3.5712579166547206e-05
SNORD104,7.681165954800088e-05,-5.02036191381615e-05
RPIA,7.675211421307562e-05,4.288204213145455e-05
PLIN3,7.673300269706809e-05,5.172228098223022e-06
APEH,7.667368863849005e-05,3.5308389954984544e-05
VPS37C,7.659452253331786e-05,-5.1933650355027914e-05
CD300A,7.656140330521843e-05,-6.959990330708748e-05
GTF3C5,7.65205855385569e-05,-2.1816030021350348e-05
FBXL19-AS1,7.644642210670016e-05,1.0939252704742663e-05
CTSB,7.63998127986827e-05,4.7034618445079155e-05
RPS13,7.631353358040132e-05,1.0672069795855433e-05
MPST,7.617106529635816e-05,4.027299285543761e-05
NIPSNAP1,7.615242114270172e-05,-3.510697736863169e-05
LONRF1,7.612889142686487e-05,3.588191146529555e-05
SEPTIN11,7.600644277279314e-05,5.4075661094434254e-05
PRDM8,7.592557642814812e-05,-4.296414926123706e-05
SLC22A23,7.582492965569577e-05,9.300375646849795e-06
BANK1,7.570078031844629e-05,-4.551078709426207e-05
CDIP1,7.541501061897725e-05,-1.6813877530578113e-06
VPS50,7.537791783007052e-05,-1.2642851283586825e-05
CCDC85B,7.536970726988115e-05,-2.4855312495368505e-05
PGAM5,7.535215025606819e-05,2.3763872892907443e-05
OR6N1,7.528511810506312e-05,-7.528511810506312e-05
SNAP47,7.522560499053937e-05,3.0892459447472867e-05
KIF9,7.515759262559848e-05,-2.511686537302927e-05
KCNE3,7.513925110273999e-05,5.3889371840690344e-05
AOAH,7.509825094702815e-05,5.808771363473848e-05
ALG9,7.49927741361739e-05,-2.0753262239461194e-05
ANKRD9,7.491515126307488e-05,5.7518588536972616e-05
EIF1B-AS1,7.48406370374798e-05,-4.4813129957322585e-05
CTNS,7.482778450582684e-05,-2.53819205699515e-05
INTS7,7.475098326427916e-05,-7.475098326427916e-05
SIN3B,7.461040475879804e-05,-3.2088051998375456e-05
PTRH2,7.428716120155303e-05,-7.98175799886497e-06
PITHD1,7.425296537952683e-05,4.776461240646715e-05
H2BC5,7.416387125753933e-05,3.25312826616161e-05
TANGO6,7.405757397878738e-05,2.4472559333493783e-05
NUDCD3,7.397802211521984e-05,1.3589764939475443e-05
EED,7.39769958836896e-05,3.126064079410935e-05
LINC00989,7.392029643623379e-05,3.610486305284914e-05
CIAO3,7.385702097095035e-05,-1.968387026872788e-05
CAMKMT,7.381023929367408e-05,2.9629093016516988e-05
PLS1,7.377520529313028e-05,-1.1510064472567665e-05
OVGP1,7.377508871621748e-05,-1.7285326714432694e-05
NBPF20,7.376079303681056e-05,-1.3973545189785986e-05
CASP1,7.359964514945629e-05,2.425260611705883e-05
SFXN3,7.343494676416535e-05,-3.957275780321481e-05
IL2RG,7.34340827609879e-05,3.8255057798147086e-05
VPS35,7.323431423651349e-05,2.5581013991690603e-05
ITPK1,7.3123630250221e-05,-2.902650519392714e-05
SDF2L1,7.311531434303148e-05,3.790913852543868e-05
SLC25A30,7.308112205378327e-05,-7.248638917266574e-07
KCTD3,7.304724375108626e-05,1.0696559079013354e-05
EID2B,7.2929554963748e-05,3.9914534073359184e-05
ZNF530,7.28734978698594e-05,5.551388366468423e-06
KANK2,7.268146949681122e-05,-6.951776255033378e-05
CHMP1B,7.26600985221675e-05,4.045411267955458e-05
PTEN,7.265749918806407e-05,2.9584804500396405e-05
TTC27,7.26206699055805e-05,5.566627063179891e-06
ARL6IP5,7.260852037659074e-05,-7.260852037659074e-05
SLC29A3,7.260420162341895e-05,-2.9779689070353552e-05
MRPS7,7.209163592766088e-05,-5.535852781531039e-05
FZR1,7.17725621377183e-05,2.8343896149815894e-05
CHDH,7.157879515152166e-05,3.5385656763769794e-05
REM2,7.156377507204835e-05,-1.2857875985040394e-05
SLC25A23,7.142940203418579e-05,-1.537501594366259e-05
PTPRF,7.131290238308988e-05,-1.409933337699322e-05
TXN,7.125146094539038e-05,-1.9000449647808395e-05
RPL29,7.120076919868365e-05,2.2317537011291185e-05
IBA57,7.101247409110602e-05,3.0183780662066697e-05
BATF2,7.083045979249452e-05,3.108651918648495e-05
RPS10P3,7.080218430260702e-05,7.080218430260702e-05
KANSL3,7.07433894955651e-05,-1.730086473340216e-05
MDM1,7.070400391939597e-05,-2.9459068673670097e-05
ARL10,7.014209042652175e-05,1.7968293268465513e-05
CD2,7.00065265065494e-05,-1.44410456257518e-05
JPX,6.994313866631344e-05,1.922836403803959e-05
ATAD3B,6.979159183231972e-05,-2.147767137211629e-05
HERC4,6.97439923946067e-05,-2.8371206554933144e-05
VWCE,6.974087276067423e-05,2.115844992887409e-05
KIR3DL2,6.97040310377024e-05,4.251473897349484e-05
GYPA,6.96652615237188e-05,-3.3494757035971144e-05
GDPD3,6.962314086688898e-05,-3.132234115750918e-05
PSRC1,6.934305552459712e-05,3.865982732615592e-05
SMIM15,6.930730431897225e-05,3.152207528482984e-05
CYP4V2,6.908866082286202e-05,6.908866082286202e-05
PHF7,6.890440230897844e-05,-5.457732846027235e-06
PGM3,6.872215580975351e-05,4.5291781748377685e-05
FBLN5,6.863196905707964e-05,1.4925252064358588e-05
CHRNA2,6.852013872946668e-05,6.852013872946668e-05
CREBRF,6.844566235297063e-05,-6.844566235297063e-05
RAPH1,6.839171020176087e-05,-1.1790355476851286e-05
NTAQ1,6.83875838210019e-05,-4.1754114613886016e-05
TRAF1,6.837828767372995e-05,2.699091439332364e-05
LOC101929107,6.817125185124318e-05,-6.817125185124318e-05
OLR1,6.789953052817705e-05,6.789953052817705e-05
TUBGCP6,6.765840327042958e-05,1.5692373511493146e-06
HSD11B1-AS1,6.758579659825941e-05,-4.884307351410493e-05
ADAM15,6.729377949783811e-05,-5.941051555375466e-05
CHMP3-AS1,6.72800581777748e-05,-3.182068609287172e-05
TMEM41B,6.7209372393748e-05,-4.203514461031104e-07
TTC39C-AS1,6.712625464936119e-05,1.754833888073973e-05
ANXA11,6.708267988663608e-05,5.351643941090395e-06
STRIP2,6.706343791788966e-05,-5.231832054172668e-05
GP9,6.704177029979737e-05,6.778512342338094e-06
MACROH2A1,6.66845188854642e-05,-6.66845188854642e-05
IPPK,6.635394220800435e-05,-5.220375212101487e-05
ZNF2,6.634166156090983e-05,-4.470883566844911e-05
PACRGL,6.62157334469055e-05,2.5739874123487734e-05
CCL3L3,6.611152889995243e-05,-5.0560448879181936e-05
TJAP1,6.604235620402126e-05,-3.81445739047656e-05
ACVRL1,6.590025722191123e-05,-5.965181652400726e-06
CCNJ,6.581318349513117e-05,-2.3132240872787988e-05
HTATSF1,6.564384141990057e-05,1.6884027700898192e-05
OPTN,6.555709215481372e-05,2.9131087905508145e-05
ADAMTS2,6.548645698525048e-05,-6.548645698525048e-05
ETFDH,6.546235262642126e-05,2.4416555955728328e-05
RUVBL1,6.532982693123864e-05,-2.6095428622617034e-05
DDHD1,6.528690322670714e-05,4.206396210430131e-05
RPL10P9,6.518020269862217e-05,-4.29895917223883e-05
THBD,6.467001810486155e-05,4.350239561921777e-05
LYZ,6.466740991699795e-05,-4.962723729252738e-05
FTH1P2,6.463432426921275e-05,6.001945150018176e-05
NPIPB5,6.450850812571613e-05,-2.514509697841243e-05
DENND3,6.437195737166146e-05,2.6710857446690893e-05
STK19,6.428401901211259e-05,-2.5138112280918946e-05
FCRL2,6.422029313042585e-05,2.7452582961513258e-05
IFT80,6.388443009677669e-05,-3.565525179479191e-05
UICLM,6.386000556335798e-05,-1.8823169439916358e-05
SNX20,6.381810683172607e-05,4.7310192624594226e-05
EXOSC3,6.380894360573005e-05,-3.396475626308583e-05
YTHDF1,6.367551253662745e-05,1.7372948357102525e-06
TRAV14DV4,6.359881752536991e-05,6.3466853120751486e-06
RPL3P7,6.358182416752395e-05,1.3741630843557823e-05
WDR37,6.356660988644917e-05,-3.277748780515207e-06
DNPEP,6.348793512525144e-05,-1.1005120962189174e-05
IL18RAP,6.344921864316966e-05,-3.347832529388146e-05
COPS8,6.34402467883705e-05,2.638878827393027e-05
SH2B1,6.339857746109249e-05,-1.1062766949805054e-05
GPR34,6.319939214510835e-05,4.706611891244365e-05
LPIN2,6.293304479107203e-05,2.184979786715155e-05
VIL1,6.292570317201713e-05,-7.649733289736228e-06
ILRUN,6.28778515547246e-05,-3.7116107134056788e-06
SOD2,6.287662327655275e-05,-3.146389123798584e-05
HDLBP,6.286542879933171e-05,-2.6888921568311576e-05
SMAP1,6.271734004487667e-05,-2.153293062718715e-05
LENG8,6.248361593604536e-05,-6.248361593604536e-05
WASF1,6.24269301806071e-05,5.646918690601101e-06
LINC02207,6.236592872747033e-05,4.5729025757312836e-05
IDH3G,6.229288901984416e-05,3.132340149187119e-05
IFIT3,6.224245097159163e-05,3.099882073675421e-05
LRRN1,6.19133206770605e-05,9.115023745038023e-06
OIP5-AS1,6.190302967997708e-05,2.885801763065917e-05
CLTC,6.174283313016954e-05,-1.4919170655133051e-05
CDC42BPB,6.168758064777221e-05,5.5551343233754844e-05
NIBAN2,6.167994595938152e-05,-1.877993130497618e-05
SLC27A4,6.159323256913124e-05,6.008084886955194e-06
CBX3,6.135467771060264e-05,7.800048507981867e-06
VPS8,6.133476345287192e-05,6.133476345287192e-05
ZNF836,6.131211563990024e-05,2.216772430494999e-05
KDM7A-DT,6.124060363819193e-05,-1.6460729989865815e-05
CDS2,6.121000904848195e-05,-6.049990797464635e-06
TOR1B,6.112715583567378e-05,1.7208231312466873e-05
PDLIM5,6.1027573966881385e-05,4.082206763256442e-05
PEX3,6.093838444593045e-05,-3.8281572679078063e-05
FUCA2,6.07504042824677e-05,5.568595917202308e-05
DLST,6.0601719888392785e-05,-2.990036155082328e-05
M6PR,6.0424446448662764e-05,1.7749381036871122e-05
BST2,6.0224712034056477e-05,-6.0224712034056477e-05
TRAF3,6.006581197154556e-05,-2.8347399847104792e-05
EMC9,5.9856153230485725e-05,4.2947605704680545e-05
ARFIP1,5.9775923272676576e-05,-5.9775923272676576e-05
MFSD12,5.9736738370175296e-05,7.60063313173454e-06
MATCAP1,5.973188069570003e-05,2.123296945893044e-05
NT5C,5.95697372931593e-05,-2.871763986189473e-05
SYTL1,5.945660320322259e-05,4.1191366073888094e-05
ZNF484,5.905212006272035e-05,1.4502577877026886e-05
CD1D,5.901684289430857e-05,-2.7351663162939898e-06
C5orf15,5.8883873384490034e-05,2.579390591420115e-06
MED29,5.8744843306825106e-05,-3.774221369764127e-06
DNAJC25,5.846935186853673e-05,1.1598007518090962e-06
QPCTL,5.839887470009848e-05,-7.575164042108302e-06
MTND5P2,5.8176181077328e-05,7.976034552569784e-06
PRMT2,5.81279449370001e-05,-1.1468268452063492e-05
PRPSAP1,5.7850627110317515e-05,-3.642297166440605e-05
H4C8,5.778874326034571e-05,1.0184246112238005e-05
KIF23,5.7601301465132574e-05,3.975415519097596e-06
STIM2,5.7512517114733366e-05,2.9706439812254873e-05
PLAAT4,5.74487271953305e-05,1.7124011300252703e-05
GNAQ,5.715529058285092e-05,-5.715529058285092e-05
RASGEF1B,5.6808335509954904e-05,-4.40653642159686e-05
PPIEL,5.6623899663121815e-05,5.6623899663121815e-05
LNPK,5.653952740505564e-05,8.203254667002944e-06
TMEM147,5.645783225856008e-05,5.645783225856008e-05
VIM-AS1,5.6406315685155596e-05,1.7961411351856328e-05
SINHCAF,5.627643659150434e-05,4.582431794823902e-05
NCOR1,5.6172834460010595e-05,1.412424947374142e-05
TAF9B,5.614751916337397e-05,1.4886787036391975e-05
KLRG1,5.610580579531682e-05,-1.371943606653277e-05
ARF5,5.610290093048711e-05,4.9341575710744045e-05
LARP1B,5.604400639536503e-05,1.9239656765639736e-05
LTV1,5.5940645788601403e-05,-1.3337602843811152e-05
CUL7,5.541052271467562e-05,5.342327692913017e-05
BUB1B,5.531334515877514e-05,-2.1679201846277753e-05
DIP2B,5.5153932498815814e-05,-4.0264972209270554e-05
FEM1A,5.504313943390541e-05,3.6019328153298285e-05
AP4M1,5.499513691589817e-05,2.017418285726556e-05
CYBB,5.49461404622032e-05,-2.3491246707986918e-05
PLEKHH3,5.4884930378685055e-05,-1.113966457726466e-05
CDC42BPG,5.454886345296889e-05,-4.330639773609212e-05
KMT2D,5.454213449611912e-05,-5.454213449611912e-05
RETREG2,5.4517330644693266e-05,5.240416383680848e-06
SLC1A5,5.447752805498083e-05,1.0139163550074237e-06
B3GNT9,5.446172900239127e-05,8.859735197652072e-06
B4GALT7,5.438394478143047e-05,1.6668771656205893e-05
ZNF35,5.427513979266164e-05,-2.695924495122497e-06
PHLDB3,5.426357312515297e-05,-5.426357312515297e-05
ODF2,5.4128188907620084e-05,8.562651804528064e-06
PELO,5.4113480892957056e-05,5.049664411477145e-05
OLFML2A,5.400389778876763e-05,-1.0038762112311423e-05
KLHL7,5.3946349488401125e-05,-1.627681112995393e-05
RIPK2-DT,5.377762031382905e-05,-4.203889278302629e-06
DNASE1,5.357881328108709e-05,1.0311094494177918e-05
LPP,5.3439467428701466e-05,7.411565220423193e-06
CA5B,5.3371248791903665e-05,1.490252128470983e-05
IFI35,5.3329513203968665e-05,5.3329513203968665e-05
CCDC90B,5.305037056772075e-05,2.273368255910592e-05
LSR,5.287570064974129e-05,-5.6900223655817036e-06
HVCN1,5.2858142473046105e-05,-7.536463792087662e-06
LDHD,5.269064839653297e-05,1.2665714970419401e-05
NDUFAF5,5.264174635371389e-05,5.264174635371389e-05
SLC25A10,5.2617879376161185e-05,1.3106041219700668e-05
STAM,5.2525992626776866e-05,-4.196544103416682e-06
CNOT6L,5.242089295319828e-05,-4.15900164397885e-06
TMSB4XP4,5.223332156837328e-05,1.8280260452456854e-05
CTSZ,5.216502662967204e-05,7.16705502422666e-06
DOCK8-AS1,5.199035068223608e-05,6.020304548402709e-06
CLP1,5.1981441862024924e-05,-5.1981441862024924e-05
KDSR,5.1911238541203796e-05,2.4802633966217624e-05
KIZ,5.1845040183517655e-05,7.074624472808827e-06
CCR6,5.184169364083514e-05,-3.139673404780251e-05
RABL2B,5.168699317541962e-05,-7.861450411559242e-06
NDUFB6,5.162441732759523e-05,-3.968030379457017e-05
FLCN,5.152939715274956e-05,-1.1367081876204331e-05
STX16-NPEPL1,5.139067077765211e-05,6.816911047880202e-06
FAM86B3P,5.128088869682504e-05,-4.2657749286138244e-05
PHETA1,5.121685746679287e-05,1.895732159212909e-05
RAB3D,5.109271336685199e-05,1.838899059018722e-05
MUTYH,5.088906768992395e-05,1.7351843091884677e-05
ANKHD1,5.057769800938874e-05,-2.5138735937964366e-05
EFL1,5.0557226575035695e-05,9.98031537364262e-06
CTSD,5.0490865519943774e-05,-2.5732581993012072e-05
LOC652276,5.0430404850806115e-05,1.5264872192179674e-05
SLC28A3,5.040516557386544e-05,-3.5025909343824996e-05
EIF4A1P10,5.033418022714988e-05,-2.9589205121120007e-05
SLC25A38,5.021180952265513e-05,9.66064161105561e-06
ERCC4,5.013110535260621e-05,3.98240787584599e-06
CACNB3,5.0131078306741704e-05,-2.3612794341666214e-06
CCNJL,5.0085411726090585e-05,1.792618376721102e-05
PSMD14,4.9967697914112e-05,-2.7877996414581993e-05
RAB8B,4.979982001525501e-05,3.371758343051546e-05
DENND4A,4.968733760774716e-05,-2.7422767086632643e-05
RAB31,4.9640930045022955e-05,7.468126872440084e-06
BNIP3L,4.957808516411225e-05,-1.4778952139718992e-05
DNMBP,4.9538925453038814e-05,-4.088674187158256e-06
ACOX1,4.943868412586431e-05,1.0499052415608399e-05
CHST14,4.882610033894684e-05,2.1333699262198245e-05
PRPF8,4.879215763314855e-05,4.879215763314855e-05
LOC100128906,4.8682006672609336e-05,3.351029656013139e-05
OTUD7A,4.862512867049199e-05,3.0420806461848433e-05
ZNF677,4.861718662644459e-05,-2.3587875118659646e-05
MOK,4.8595683484121627e-05,-1.8845852517252108e-05
MORC3,4.855381441100832e-05,7.66979470287496e-06
SPATA13,4.837316263919982e-05,1.955032789140429e-06
HEXD,4.83620188755408e-05,-1.2285461106568737e-05
IREB2,4.834836959679334e-05,4.3097578785533665e-05
HERC2,4.81787240750593e-05,1.2360304494414514e-05
THAP5,4.808019096949028e-05,4.160260370720885e-05
PDCD7,4.7987784842641736e-05,6.656577256081377e-07
MT2A,4.78293969397134e-05,1.0464945546214543e-05
SKA1,4.766186565407526e-05,1.368810080269474e-05
OLFML2B,4.7634666936033627e-05,-5.716284853717086e-07
SUFU,4.7632304837315744e-05,-2.656347969700549e-05
NDUFA10,4.759701034358566e-05,-1.051452028000862e-05
NKX3-1,4.7571788418303424e-05,2.6314414310907118e-05
ITGB7,4.752390484156957e-05,-4.752390484156957e-05
HOXA10,4.7509952941698684e-05,3.504790916472086e-05
SLC9A1,4.7428436790629206e-05,-1.2064988858991207e-05
NOL3,4.726123240100093e-05,7.484753578084211e-06
CDYL,4.7147222997856835e-05,3.1267686144798596e-05
ZFYVE1,4.706650224707984e-05,4.706650224707984e-05
TMEM9,4.705908977939166e-05,2.6813970566274836e-05
ACKR1,4.705669845829273e-05,2.8319908784767655e-06
NOD2,4.6921468990752945e-05,-9.160226657140809e-07
NPC2,4.6762142726413605e-05,-5.890454279060217e-06
DKC1,4.674764176569608e-05,-3.466208931535861e-06
RANBP6,4.67298545450139e-05,-3.827819802033506e-05
FECH,4.655661548785635e-05,-2.907193294251766e-05
PIK3R6,4.6372563578760065e-05,-1.1943528044720489e-05
DNMT3B,4.637061847906712e-05,-1.8111365001288112e-06
UNK,4.6210755900147576e-05,5.00264213985451e-06
DNTTIP1,4.619721082519023e-05,2.236477132889687e-05
LPL,4.61118930330753e-05,4.61118930330753e-05
RNF175,4.58463668402816e-05,-3.6871512530741845e-06
PTDSS2,4.5741858616726005e-05,-1.5540714051086299e-06
APBB3,4.5654813201092877e-05,4.5654813201092877e-05
TNFRSF10D,4.556128164746138e-05,-2.5048485684767833e-05
CHKB,4.55337693991288e-05,-5.70691931589627e-06
JMJD8,4.541827803566854e-05,2.5806405025365622e-05
KCTD10,4.513728443252141e-05,-2.1694550979159022e-05
HDAC3,4.506140629024547e-05,-2.93955439194045e-05
C18orf25,4.50258304695195e-05,-4.598169899527219e-06
MEF2A,4.5008223592052886e-05,-1.791982593726863e-05
RFLNB,4.4768668687191565e-05,8.448548521014475e-07
KYNU,4.4701501371927825e-05,9.317804087711348e-06
TIA1,4.465472494317505e-05,4.2101390845837556e-05
THEM5,4.4637394577757966e-05,2.8501658120299363e-05
C20orf96,4.458542337756353e-05,1.6926179086994817e-05
FCHO1,4.444489093677486e-05,1.0549705765481549e-05
ACAA2,4.4434950934443475e-05,5.082657984711102e-06
STARD9,4.4395059649759407e-05,-4.090118970603698e-06
PELI2,4.429786571617117e-05,7.94638062646852e-07
EDEM3,4.4265095837157496e-05,-2.4790003240958255e-06
SLA,4.426065016001829e-05,-4.362541758678617e-06
AMIGO2,4.424707671489201e-05,-4.424707671489201e-05
KDM6A,4.423112248451306e-05,-4.198539660795554e-05
PIM1,4.4163914041722726e-05,-4.4163914041722726e-05
GPR180,4.404604770975416e-05,4.404604770975416e-05
SELENOM,4.400403201862107e-05,-4.400403201862107e-05
SELENOH,4.3940327990560645e-05,4.09443696342634e-06
IST1,4.385633214454187e-05,5.550329016645943e-06
SASH3,4.3832925485915704e-05,1.045547865988575e-05
ZFYVE27,4.377607021149248e-05,-6.962888828611024e-06
LINC02610,4.3740771651519346e-05,8.58126988470723e-07
CYP4F29P,4.364908029563307e-05,2.2638852454114697e-06
ERC1,4.3435988696859186e-05,-3.47339918551465e-06
CTTN,4.331203601475432e-05,-3.2884261876817327e-06
DNAL4,4.3252568116642704e-05,7.784583610575226e-06
LAGE3,4.3026803318463464e-05,1.8276977472131254e-05
SPOPL,4.286514868110884e-05,8.024210885097677e-06
RNF123,4.280322639675762e-05,3.1356236054324616e-05
RPL13AP22,4.2673976497505905e-05,9.662057498433462e-07
RNF182,4.260645011765759e-05,4.146837007735594e-06
PSME3,4.2602024590631895e-05,1.8049334227714504e-05
SERF2,4.2571995883202e-05,3.1006129056074117e-06
FTSJ1,4.22834171725434e-05,1.1357796036162826e-05
PAPLN,4.226520694325596e-05,-4.6962344314911977e-07
ANKRD44-IT1,4.191117590641495e-05,-4.191117590641495e-05
CKB,4.190787624827144e-05,9.87276903098407e-06
CYBA,4.1857508961731975e-05,3.3611154232985605e-06
PPM1A,4.1841065928287e-05,1.161772615699014e-05
AP4B1,4.1767518002131506e-05,-5.913459271510218e-08
TAPT1-AS1,4.173484768523708e-05,-1.0415428569337682e-05
IGLV1-36,4.153095556527961e-05,6.337265756400085e-06
LINC02273,4.150589110343077e-05,-3.441392244400917e-05
ZNF606,4.147673354808542e-05,-8.679231474840592e-06
PLCB1,4.132587421881672e-05,1.25755499197142e-06
VAMP1,4.1316616508136285e-05,-1.5021774648380151e-05
ZCCHC9,4.123799393402098e-05,1.683602233589288e-05
DYTN,4.1161947346255656e-05,-3.003397372633305e-05
MLF1,4.1133125693656086e-05,-4.959697468459624e-06
UBE2O,4.099096934070175e-05,6.008693927974216e-06
NAGLU,4.0989111306893576e-05,-3.5193689689970946e-05
RASGRP2,4.079954224077209e-05,-1.0772444048839898e-05
TSEN34,4.076282811390869e-05,-3.3359157720902755e-05
SOWAHC,4.0642644111433686e-05,1.4358357576846846e-05
FAM229A,4.061330861606137e-05,4.061330861606137e-05
RHNO1,4.033309355439123e-05,1.0155161518110261e-05
OSBP,4.0234901223524574e-05,3.91377607181476e-07
LRRK2,4.0203749408787164e-05,-1.4327618990960653e-05
SUPV3L1,4.014106432250612e-05,5.727756197184427e-06
TRRAP,3.990827573138042e-05,3.990827573138042e-05
GAA,3.9823599862159506e-05,-2.5636292983108813e-05
ZNF480,3.945140771574208e-05,-1.5606725024368565e-05
ZNF79,3.938544009516478e-05,-2.2369322169941894e-06
PARP11,3.928619956119522e-05,1.6104169367417979e-06
TRAF5,3.928582927423843e-05,-1.765073845630208e-06
ZNF605,3.926605964230942e-05,-3.926605964230942e-05
LOC101930112,3.919351417042866e-05,-1.6132230269895295e-05
INTS8,3.9078687058792964e-05,2.2855459222766073e-05
SMCO4,3.901879545412823e-05,1.3035634727414911e-05
STARD10,3.8890628816254264e-05,1.029728041222294e-05
MED28,3.873413707766437e-05,-3.873413707766437e-05
HNRNPA1L3,3.862899491908711e-05,-1.1369011543363236e-06
GLMN,3.834703680261e-05,1.1953156184523852e-06
LONRF3,3.834281449654847e-05,-3.834281449654847e-05
MBD4,3.832458206127609e-05,1.5367251314607578e-06
GNLY,3.813079408481727e-05,-3.813079408481727e-05
DAGLA,3.8043970847981057e-05,-2.315610123950362e-05
CISD2,3.791227521070324e-05,8.093315059592971e-06
MFSD6,3.779815500667997e-05,3.101675039866051e-05
RRS1,3.771986548042864e-05,-1.4260543362863324e-05
PMS2P4,3.7316246221093454e-05,-1.8014189051618996e-06
CAMKK2,3.7300242899216764e-05,-1.1816141827476982e-05
C9orf40,3.7296233816830836e-05,1.178105446984066e-05
BOK,3.7166056659647083e-05,-9.514046696317625e-06
TULP4,3.709785318980726e-05,1.1984359516475844e-05
CALCOCO1,3.7077783582475955e-05,-1.7927364130521166e-05
UMPS,3.7019378638957515e-05,-1.0953671442982111e-05
CDIN1,3.6825074857529254e-05,3.6825074857529254e-05
ZC2HC1A,3.6756073899773045e-05,-3.047560418120997e-06
FAM20A,3.668610329142597e-05,4.225252512762006e-06
GIMAP2,3.655368277579234e-05,-1.7087543829792455e-05
GSTM4,3.6478865804541544e-05,-6.8255316026437325e-06
MFSD9,3.647549216371378e-05,-1.8013553943598885e-05
NUCB1,3.6454240351661425e-05,2.1383948912201617e-05
NCOA4,3.63492820403144e-05,1.1172776682349234e-05
ACBD5,3.627392946811669e-05,-8.601788895168578e-06
BLOC1S1,3.6252575742940856e-05,1.3445751863963977e-05
LARGE1,3.613584486219494e-05,-2.081937344604226e-05
ARID4A,3.606253371577462e-05,-1.4171103056652437e-05
CAPN3,3.605513823566561e-05,-1.23575808159986e-06
GPX4,3.604513725829439e-05,-1.635002213430372e-05
NKTR,3.581321107730514e-05,-3.581321107730514e-05
PTPRO,3.5800765863226105e-05,1.1979695691164163e-06
SERTAD3,3.564022910047856e-05,2.554631060803823e-06
LGALS3BP,3.556905641897802e-05,-1.314830018747443e-05
FBP1,3.553384955514771e-05,-1.8711028472691772e-05
ICE1,3.5265600324579376e-05,1.5564922268757043e-05
RPL7AP6,3.5017799538215495e-05,-5.2678716553524896e-06
UST,3.4908973438590516e-05,3.4908973438590516e-05
NTSR1,3.489809207071121e-05,-2.7621257821485073e-05
TRAF7,3.4413667763538276e-05,1.8483444205076404e-05
LINS1,3.4257750442227844e-05,1.79417789111394e-06
LAMTOR3,3.414126084573527e-05,-7.44701862593856e-06
NIPA1,3.410964334957178e-05,-1.3844940231408862e-06
TRBV29-1,3.3790657707353356e-05,2.5078696715461402e-05
IBTK,3.366931462878895e-05,1.3260073346068948e-05
ELAPOR2,3.358076905244381e-05,3.1748003066868125e-05
C2CD3,3.356679869168267e-05,-9.134132905061508e-06
CDK2,3.3457548972065806e-05,6.365428352708926e-06
ZNF385D,3.3382891119221714e-05,5.726750183020759e-06
LILRA6,3.330602405026482e-05,9.885282591971561e-06
SWI5,3.325996180965753e-05,-8.279022992457893e-06
SERPINH1,3.32326968439371e-05,1.5513577480517265e-05
VPS35L,3.3110109342501145e-05,1.1258648374492465e-06
GFRA2,3.310665312096012e-05,-4.792843965129065e-06
ZFP82,3.306650776877557e-05,2.7934885554205995e-05
HSD17B7,3.284264044173881e-05,-3.284264044173881e-05
HCG27,3.2818931660265296e-05,1.426906981024518e-05
TXNDC16,3.248792223099462e-05,-7.1856548096901704e-06
MAPRE1,3.2452216037110436e-05,1.4483639871421765e-05
GP6,3.2170573194439184e-05,2.8690870876069634e-05
PRPF38B,3.2165389929672916e-05,3.2165389929672916e-05
KCNG2,3.206413571940359e-05,2.8891654229442037e-06
ANXA4,3.2010774662130924e-05,-5.299149573223898e-06
FAM114A1,3.195215717879149e-05,-1.1324906184944737e-05
DNAJC3,3.188589695914465e-05,-8.823581193526555e-06
BOP1,3.171473551016202e-05,-2.369645863971955e-05
XXYLT1,3.13995538163355e-05,-9.848603501348858e-06
KCNK12,3.127929733801521e-05,-9.995552772567758e-06
IL17RA,3.100061602489519e-05,-2.4790514069274946e-05
COLGALT2,3.096922673787615e-05,7.774532573644738e-06
EOLA2,3.0889254764866005e-05,1.975117232943282e-05
LINC01963,3.068588701781316e-05,5.740538490129972e-06
PCID2,3.067901878123595e-05,-3.6623593442174933e-06
NMI,3.0159948717673547e-05,-3.0159948717673547e-05
MRPS16,3.0107789862520257e-05,1.4808217106919425e-05
GMFB,3.0056933941326966e-05,2.3744975903787632e-07
CHRNE,2.9891052445882566e-05,-2.8912270128357857e-05
ASH1L,2.9610030221747776e-05,-2.717494513798641e-05
ACBD4,2.9354430660211557e-05,2.066129823482761e-05
PADI4,2.9259821016673045e-05,-1.8284372387136267e-06
TRAF3IP3,2.9231132900659284e-05,1.103693400823605e-05
CD84,2.922965833657423e-05,2.8106305741058933e-05
METTL25,2.9033352364229945e-05,2.1464104559037406e-05
ETAA1,2.873294911834466e-05,-2.181311664070286e-05
ERI1,2.870826892288518e-05,1.0135269619064726e-06
SHPK,2.8689126567692354e-05,-1.1206262468667552e-05
CCNB1,2.8578215000136336e-05,2.8578215000136336e-05
CGAS,2.85610246942678e-05,5.671016282926574e-06
PWWP2B,2.8532338370066606e-05,2.8532338370066606e-05
STX4,2.842056622058009e-05,1.7069715176344737e-06
GNPAT,2.8323951973296765e-05,1.7280454114383108e-05
ZNF10,2.8212434399046987e-05,1.1792073151099524e-05
CEP95,2.8209050675079744e-05,2.433301132669651e-05
SLC35B3,2.8152613214261576e-05,-1.6177887494894209e-06
TRIP4,2.8107863469920917e-05,-2.8107863469920917e-05
B4GALT5,2.7599358874214245e-05,-1.6251130522231456e-06
PRR16,2.756001532222248e-05,2.756001532222248e-05
DMTN,2.7369281045751624e-05,-2.7369281045751624e-05
MMP9,2.7302355352725104e-05,2.7302355352725104e-05
LAPTM4A,2.724653079622657e-05,-1.3240928555330181e-05
TRIM59,2.7126326410048524e-05,1.0766029243463321e-05
PPP5C,2.701230075551356e-05,2.701230075551356e-05
RHOT1,2.6984591659974548e-05,-9.519888336074851e-07
SLC1A3,2.6112206935775603e-05,2.270854662107501e-05
NLRP1,2.6075987198553837e-05,1.3284295305565534e-05
MICU2,2.6040761132039056e-05,2.6040761132039056e-05
PNRC1,2.5889653138112736e-05,2.5889653138112736e-05
PLA2G12A,2.5825235141532897e-05,1.8534762730679484e-05
TXNL4B,2.576142527895903e-05,2.1379189391837743e-05
CASC3,2.5626368687139654e-05,1.0336473302313612e-05
CHKA,2.5564225452139e-05,-2.5564225452139e-05
CCDC106,2.5480711505342243e-05,2.5480711505342243e-05
CHIC1,2.5401335152231258e-05,1.4210820002172917e-05
PROSER1,2.539173314820902e-05,2.539173314820902e-05
BLTP1,2.5366096049211926e-05,1.0272504542678844e-05
LOC100421569,2.5094123659977583e-05,4.484724863791755e-06
MFSD14B,2.474317054525368e-05,3.6420312762559805e-06
FAM168B,2.4635949492519897e-05,7.300952955061457e-06
FBL,2.4462829670958726e-05,1.832970220484103e-05
SMARCA2,2.442650061128089e-05,-2.442650061128089e-05
SERPINF1,2.427707273021419e-05,-2.427707273021419e-05
TDRD7,2.416357588771381e-05,-9.306222287966702e-06
ALG2,2.4082649704970373e-05,-1.615088024576324e-05
IGHJ3P,2.3973763631391606e-05,-2.3973763631391606e-05
KL,2.3861754152491145e-05,-2.3861754152491145e-05
GLIPR2,2.3833600441486062e-05,1.408588260156691e-06
ADCK1,2.3824042547651408e-05,2.3824042547651408e-05
PDE4DIPP6,2.3703640124804156e-05,2.3703640124804156e-05
FSTL3,2.3626567425555856e-05,-2.3626567425555856e-05
CCZ1B,2.3590598015774158e-05,-2.3590598015774158e-05
EOLA1,2.3574403809062375e-05,-2.3574403809062375e-05
TCAF1,2.3552474034065657e-05,6.26142771233836e-06
RAD54L2,2.3438579950519342e-05,-1.8866323282889718e-05
SPART,2.341749963847793e-05,-2.341749963847793e-05
ZNF516,2.3359972468337398e-05,1.9771824719328905e-05
CD27,2.3349697636782564e-05,-1.7941069522287537e-05
GPRC5C,2.3338222964371208e-05,-2.3338222964371208e-05
IL12RB1,2.333627997084074e-05,-2.333627997084074e-05
SYNCRIP,2.327687908343148e-05,-5.007502367227756e-06
PHLDB2,2.32549712297672e-05,-2.32549712297672e-05
TENT5A,2.299514808633398e-05,-2.299514808633398e-05
ANXA2R-OT1,2.2911207404482347e-05,-2.2911207404482347e-05
AP3D1,2.288472642575822e-05,-2.288472642575822e-05
POMT1,2.2623562283988657e-05,2.2623562283988657e-05
PRCP,2.260477845811556e-05,2.260477845811556e-05
TMEM87A,2.258458170623567e-05,-2.258458170623567e-05
METTL2A,2.2487342971824162e-05,-2.2487342971824162e-05
CRYBB2P1,2.2462953702833702e-05,-2.2462953702833702e-05
YPEL4,2.2296599242692e-05,-2.2296599242692e-05
GTF2H1,2.2250703762480565e-05,1.855507258647194e-05
TRAV8-1,2.217771237835105e-05,2.217771237835105e-05
TMEM185B,2.2164307105908022e-05,2.0064635584961485e-05
TLK2,2.1846010103359966e-05,-2.1846010103359966e-05
MYEOV,2.1770950474022977e-05,-2.1770950474022977e-05
TSEN54,2.1589621747314518e-05,-2.1589621747314518e-05
MAP4K4,2.1577906424774567e-05,-2.1577906424774567e-05
SCAMP1,2.140397424373083e-05,1.0143800711752025e-05
NNMT,2.1373511801469173e-05,-2.1373511801469173e-05
ZNF827,2.135373295070598e-05,2.135373295070598e-05
VBP1,2.12612462698574e-05,-2.12612462698574e-05
GEN1,2.1220944323644505e-05,-2.1220944323644505e-05
IGBP1,2.1158645006964922e-05,-2.1158645006964922e-05
SOS2,2.1085770094662876e-05,-2.1085770094662876e-05
TOR1AIP2,2.1010929179296063e-05,2.1010929179296063e-05
CARM1,2.0962661610526354e-05,1.2656765933990545e-05
CAPN10,2.0602429312735864e-05,-2.0602429312735864e-05
NFIB,2.054234260064715e-05,2.054234260064715e-05
TOX-DT,2.0538865293070366e-05,-2.0538865293070366e-05
SIRPD,2.0495347846102013e-05,-2.0495347846102013e-05
MORN1,2.035983768094699e-05,2.035983768094699e-05
POLR2H,2.0341426318960545e-05,-9.119233156056764e-07
SRGAP1,2.019818268500951e-05,2.019818268500951e-05
ADGRA2,2.0131426939003188e-05,-2.0131426939003188e-05
DR1,2.01071929362913e-05,-2.01071929362913e-05
ENY2,2.003084230630816e-05,-2.003084230630816e-05
LINC01781,1.9994450502499426e-05,-1.9994450502499426e-05
UBAC2,1.9754363461996022e-05,-1.9754363461996022e-05
LINC00570,1.9753577650525844e-05,-1.9753577650525844e-05
MRI1,1.975342377497979e-05,1.1214971502213223e-05
TMED10,1.963814571110797e-05,-1.963814571110797e-05
GPS1,1.9353790886351397e-05,9.698823999709105e-06
TCTN3,1.9092455239351725e-05,-1.9092455239351725e-05
C1RL-AS1,1.895208352286507e-05,-1.895208352286507e-05
ATG101,1.880909031596899e-05,-1.880909031596899e-05
IKBKGP1,1.877941292196219e-05,1.877941292196219e-05
KCNC4,1.8646650560398233e-05,1.8646650560398233e-05
ADAM19,1.8287994754491042e-05,4.361113043216702e-06
ANKRD44-AS1,1.8256432721268888e-05,-1.8256432721268888e-05
XK,1.7739762416160157e-05,-1.7739762416160157e-05
LTN1,1.7730580712825562e-05,-6.42052911606264e-06
CUTALP,1.7727023948324912e-05,-1.7727023948324912e-05
TNRC6A,1.7441562281876148e-05,-1.7441562281876148e-05
WWOX,1.7429858960258476e-05,1.7429858960258476e-05
IGHA2,1.7296875160200455e-05,-1.7296875160200455e-05
AGAP6,1.722095976926766e-05,-1.722095976926766e-05
KLHDC4,1.6557097635737383e-05,-8.716262145775513e-06
SLC35B1,1.6285711199180213e-05,6.336929559079127e-06
ENOSF1,1.5875337316934316e-05,1.5875337316934316e-05
TCN1,1.5246328416424033e-05,-1.5246328416424033e-05
RGL1,1.5123218306787709e-05,3.757021072660929e-06
PTPA,1.4827297458240675e-05,1.0956998171567213e-05
MED6,1.4552515674100283e-05,-6.807029785616961e-06
CAPZA1,1.4509512014059807e-05,1.0718466066151116e-05
SHQ1,1.25141984954613e-05,-7.600654368957241e-06
RESF1,0.0,0.0
POLR1C,0.0,0.0
NETO2,0.0,0.0
YIF1A,0.0,0.0
AKIRIN1,0.0,0.0
ANAPC2,0.0,0.0
LARP7,0.0,0.0
TMEM167A,0.0,0.0
TCP11L1,0.0,0.0
ZNF562,0.0,0.0
B4GAT1,0.0,0.0
CHMP6,0.0,0.0
DLEU1,0.0,0.0
FGFBP3,0.0,0.0
WDR49,0.0,0.0
SRP72,0.0,0.0
ZNF318,0.0,0.0
SYNE3,0.0,0.0
MCC,0.0,0.0
DLEU7-AS1,0.0,0.0
FAM241A,0.0,0.0
BPTF,0.0,0.0
CANT1,0.0,0.0
P2RY6,0.0,0.0
PCP2,0.0,0.0
GTF2IRD2B,0.0,0.0
ZBTB26,0.0,0.0
CLK2,0.0,0.0
MSL2,0.0,0.0
CHST11,0.0,0.0
SPSB1,0.0,0.0
ZNF440,0.0,0.0
ZNF561,0.0,0.0
PGAM1,0.0,0.0
SCAND1,0.0,0.0
PLRG1,0.0,0.0
ANKRD36C,0.0,0.0
CLCN5,0.0,0.0
DDX23,0.0,0.0
SNAPC5,0.0,0.0
CLSTN1,0.0,0.0
RALGAPA1,0.0,0.0
RSL1D1,0.0,0.0
ESCO2,0.0,0.0
PITPNA,0.0,0.0
ADCY6,0.0,0.0
PTGER4,0.0,0.0
RPL15,0.0,0.0
PPID,0.0,0.0
KCMF1,0.0,0.0
CXXC5,0.0,0.0
CHD7,0.0,0.0
FAM98B,0.0,0.0
ZNF584,0.0,0.0
SHCBP1,0.0,0.0
DNAJC30,0.0,0.0
RNPEP,0.0,0.0
SLC6A19,0.0,0.0
SNHG11,0.0,0.0
NAT1,0.0,0.0
EXO1,0.0,0.0
ZNF581,0.0,0.0
MRPL36,0.0,0.0
CEP135,0.0,0.0
TNK1,0.0,0.0
RTTN,0.0,0.0
FAM241B,0.0,0.0
RSRC1,0.0,0.0
JUNB,0.0,0.0
ZBTB4,0.0,0.0
GCSAM,0.0,0.0
TPPP,0.0,0.0
LRRC8D,0.0,0.0
ZNHIT2,0.0,0.0
SMIM19,0.0,0.0
RAB1B,0.0,0.0
PIGG,0.0,0.0
RPL4,0.0,0.0
PELI3,0.0,0.0
MRPL11,0.0,0.0
BNIP3,0.0,0.0
SPHK1,0.0,0.0
NR1D2,0.0,0.0
RIN1,0.0,0.0
WIPF2,0.0,0.0
EXOSC1,0.0,0.0
COX8A,0.0,0.0
ASXL1,0.0,0.0
CDC26,0.0,0.0
CMKLR1,0.0,0.0
ZWILCH,0.0,0.0
COL24A1,0.0,0.0
ATP2A2,0.0,0.0
TRIM74,0.0,0.0
ADGRE1,0.0,0.0
NLRP6,0.0,0.0
PTCRA,0.0,0.0
ZNF524,0.0,0.0
PIK3CD,0.0,0.0
CD248,0.0,0.0
ANGEL2,0.0,0.0
ZBTB8OS,0.0,0.0
ZNF274,0.0,0.0
ATAD5,0.0,0.0
NDUFA11,0.0,0.0
MYPOP,0.0,0.0
ZNF439,0.0,0.0
LRRC8C,0.0,0.0
ZHX3,0.0,0.0
SPRYD4,0.0,0.0
THAP6,0.0,0.0
PHLDA3,0.0,0.0
SLC35G1,0.0,0.0
HOPX,0.0,0.0
SLC16A13,0.0,0.0
ZNF266,0.0,0.0
KICS2,0.0,0.0
PARP15,0.0,0.0
MGA,0.0,0.0
FAM131A,0.0,0.0
RNF26,0.0,0.0
ZFAND4,0.0,0.0
POLD4,0.0,0.0
ZMAT3,0.0,0.0
TMEM134,0.0,0.0
WASHC2C,0.0,0.0
EFEMP2,0.0,0.0
PPP1R14B,0.0,0.0
RAD9A,0.0,0.0
SUCLG2,0.0,0.0
LRRC25,0.0,0.0
SMPDL3A,0.0,0.0
MRPL52,0.0,0.0
ZNRD2,0.0,0.0
CHCHD1,0.0,0.0
SMARCC1,0.0,0.0
KLHL6,0.0,0.0
ZNF417,0.0,0.0
THAP2,0.0,0.0
THEMIS,0.0,0.0
ZNF738,0.0,0.0
MCTP1,0.0,0.0
NAA16,0.0,0.0
ARV1,0.0,0.0
NAA20,0.0,0.0
TMCC1,0.0,0.0
MICOS10,0.0,0.0
CCDC14,0.0,0.0
TBC1D10C,0.0,0.0
ZNF596,0.0,0.0
SART1,0.0,0.0
PCCA,0.0,0.0
DDIT3,0.0,0.0
PARL,0.0,0.0
PPP2R2D,0.0,0.0
MUS81,0.0,0.0
LRRC20,0.0,0.0
CORO1B,0.0,0.0
SLFN11,0.0,0.0
PTPRM,0.0,0.0
FKBP2,0.0,0.0
CTSW,0.0,0.0
GTPBP2,0.0,0.0
C11orf68,0.0,0.0
RSPH9,0.0,0.0
SNX33,0.0,0.0
NABP1,0.0,0.0
CHD2,0.0,0.0
CEP83,0.0,0.0
SULT1B1,0.0,0.0
PACS1,0.0,0.0
NUDT4,0.0,0.0
C2CD2L,0.0,0.0
PC,0.0,0.0
SCAI,0.0,0.0
MCRIP2,0.0,0.0
NMNAT1,0.0,0.0
GNB2,0.0,0.0
LRFN4,0.0,0.0
IL16,0.0,0.0
COPS9,0.0,0.0
FGGY,0.0,0.0
CABP4,0.0,0.0
PRSS30P,0.0,0.0
VEGFB,0.0,0.0
ALG10B,0.0,0.0
PEAK1,0.0,0.0
DRAP1,0.0,0.0
HCFC1,0.0,0.0
PPP1CA,0.0,0.0
MST1,0.0,0.0
TNFRSF10C,0.0,0.0
CARNS1,0.0,0.0
FIBP,0.0,0.0
AFF1,0.0,0.0
YPEL2,0.0,0.0
UCP2,0.0,0.0
MOB1B,0.0,0.0
ZNF24,0.0,0.0
ZNF622,0.0,0.0
TCEAL1,0.0,0.0
C1QA,0.0,0.0
RAB43,0.0,0.0
ZNF408,0.0,0.0
MFSD4B,0.0,0.0
BANF1,0.0,0.0
COQ2,0.0,0.0
FAM222B,0.0,0.0
HECTD4,0.0,0.0
GLRX,0.0,0.0
GOLGA8A,0.0,0.0
ZNF680,0.0,0.0
RELA,0.0,0.0
ATG13,0.0,0.0
GRK2,0.0,0.0
CCDC96,0.0,0.0
TADA2B,0.0,0.0
TMEM9B,0.0,0.0
GOLGB1,0.0,0.0
DCAKD,0.0,0.0
SH3RF3,0.0,0.0
ZNF483,0.0,0.0
VANGL1,0.0,0.0
LSM1,0.0,0.0
KAT5,0.0,0.0
HSPA6,0.0,0.0
CATSPER1,0.0,0.0
CYSLTR1,0.0,0.0
ABCD2,0.0,0.0
CCNE2,0.0,0.0
PARP14,0.0,0.0
DOLK,0.0,0.0
COMMD1,0.0,0.0
AHSA2P,0.0,0.0
ESRRA,0.0,0.0
NOC3L,0.0,0.0
MRPL57,0.0,0.0
PHYKPL,0.0,0.0
ADCK5,0.0,0.0
ABLIM3,0.0,0.0
KDM2A,0.0,0.0
LRRN3,0.0,0.0
TRMT112,0.0,0.0
SLC2A14,0.0,0.0
MIR4435-2HG,0.0,0.0
C1QB,0.0,0.0
ZNF621,0.0,0.0
PPP1R3B,0.0,0.0
DMXL1,0.0,0.0
SP3,0.0,0.0
PDP2,0.0,0.0
SSH3,0.0,0.0
CLTB,0.0,0.0
CES4A,0.0,0.0
STOX2,0.0,0.0
RARG,0.0,0.0
MAP3K11,0.0,0.0
TRIB1,0.0,0.0
CKAP5,0.0,0.0
RPL38,0.0,0.0
DCP2,0.0,0.0
CTDSP2,0.0,0.0
KCNK7,0.0,0.0
RFESD,0.0,0.0
METAP1D,0.0,0.0
ZBTB21,0.0,0.0
LCLAT1,0.0,0.0
EGFL7,0.0,0.0
NRIP3,0.0,0.0
PTPN2,0.0,0.0
GPR137,0.0,0.0
PHF8,0.0,0.0
MED16,0.0,0.0
MYD88,0.0,0.0
ANKRD13D,0.0,0.0
TNKS,0.0,0.0
RNASEH2C,0.0,0.0
EIF1AD,0.0,0.0
ZNF449,0.0,0.0
SMAD2,0.0,0.0
NBEA,0.0,0.0
NADSYN1,0.0,0.0
EIF3F,0.0,0.0
ZNF25,0.0,0.0
ARHGAP1,0.0,0.0
STARD5,0.0,0.0
TRAPPC3L,0.0,0.0
YES1,0.0,0.0
GNG5,0.0,0.0
ZNF570,0.0,0.0
KLHL15,0.0,0.0
EXOSC10,0.0,0.0
GAPT,0.0,0.0
BAIAP2,0.0,0.0
FBXL14,0.0,0.0
ZNF540,0.0,0.0
ZDHHC21,0.0,0.0
COL8A2,0.0,0.0
ALG14,0.0,0.0
PLEKHF2,0.0,0.0
A2M,0.0,0.0
KNDC1,0.0,0.0
UTF1,0.0,0.0
CTPS1,0.0,0.0
CTSF,0.0,0.0
ARL4D,0.0,0.0
MSRB3,0.0,0.0
NINJ2,0.0,0.0
MLLT3,0.0,0.0
CEP19,0.0,0.0
RPS21,0.0,0.0
SWSAP1,0.0,0.0
SLCO4C1,0.0,0.0
TVP23B,0.0,0.0
MSRA,0.0,0.0
RBM4,0.0,0.0
PRNP,0.0,0.0
ZDHHC14,0.0,0.0
RNASEH1,0.0,0.0
RPS7,0.0,0.0
CHST2,0.0,0.0
CTBP2,0.0,0.0
MRM3,0.0,0.0
UBXN2A,0.0,0.0
CTDNEP1,0.0,0.0
C3AR1,0.0,0.0
CCS,0.0,0.0
NRROS,0.0,0.0
LEMD3,0.0,0.0
C16orf91,0.0,0.0
KLC2,0.0,0.0
JAKMIP2,0.0,0.0
ZNF683,0.0,0.0
CYB561D1,0.0,0.0
TCEA2,0.0,0.0
KCTD13,0.0,0.0
ZDHHC24,0.0,0.0
IP6K1,0.0,0.0
RGS19,0.0,0.0
SSNA1,0.0,0.0
ATF7IP,0.0,0.0
LOC105370792,0.0,0.0
PLEKHG5,0.0,0.0
TRMT10C,0.0,0.0
ZIK1,0.0,0.0
CSTF3,0.0,0.0
SELP,0.0,0.0
MICOS13,0.0,0.0
S100Z,0.0,0.0
FAM53A,0.0,0.0
LOC102723370,0.0,0.0
BCL2,0.0,0.0
RGMB,0.0,0.0
TLR1,0.0,0.0
FBXW8,0.0,0.0
RASGRP4,0.0,0.0
SPATA5L1,0.0,0.0
DHX36,0.0,0.0
CAMTA1,0.0,0.0
ORAI3,0.0,0.0
UNC119B,0.0,0.0
DENND2C,0.0,0.0
TLR6,0.0,0.0
FAM174A,0.0,0.0
GPR171,0.0,0.0
TMEM51,0.0,0.0
TUBB6,0.0,0.0
GPHN,0.0,0.0
LYSMD3,0.0,0.0
P2RY14,0.0,0.0
SRGAP2C,0.0,0.0
ZNF169,0.0,0.0
CYP4F22,0.0,0.0
AZU1,0.0,0.0
TMEM70,0.0,0.0
PSMD1,0.0,0.0
CXCR6,0.0,0.0
ERCC6L2-AS1,0.0,0.0
HEG1,0.0,0.0
MBOAT1,0.0,0.0
C11orf80,0.0,0.0
TOMM20,0.0,0.0
MALT1,0.0,0.0
RPS6KB2,0.0,0.0
MRPL13,0.0,0.0
AGFG1,0.0,0.0
TEFM,0.0,0.0
MTBP,0.0,0.0
SNTB1,0.0,0.0
TRAF6,0.0,0.0
STAT5B,0.0,0.0
BCLAF3,0.0,0.0
PAIP1,0.0,0.0
SLFN12,0.0,0.0
FOSL1,0.0,0.0
POP7,0.0,0.0
SLC19A1,0.0,0.0
CLEC12A,0.0,0.0
RCE1,0.0,0.0
UQCRH,0.0,0.0
MRPS22,0.0,0.0
PAAF1,0.0,0.0
COPRS,0.0,0.0
CERS6,0.0,0.0
HINFP,0.0,0.0
BSG,0.0,0.0
RAB6A,0.0,0.0
DPAGT1,0.0,0.0
MACROD2,0.0,0.0
ZNF131,0.0,0.0
CLEC7A,0.0,0.0
EIF1AX,0.0,0.0
FRMD3,0.0,0.0
CD8B,0.0,0.0
SLC35E3,0.0,0.0
MLXIP,0.0,0.0
THOP1,0.0,0.0
VCPIP1,0.0,0.0
AURKAIP1,0.0,0.0
ZNF554,0.0,0.0
PHC3,0.0,0.0
TTLL11,0.0,0.0
GOLIM4,0.0,0.0
RBM4B,0.0,0.0
MAL,0.0,0.0
JMJD1C,0.0,0.0
ATP5MK,0.0,0.0
GK5,0.0,0.0
SHLD1,0.0,0.0
TOMM5,0.0,0.0
UBE2C,0.0,0.0
PPIH,0.0,0.0
HOXB2,0.0,0.0
ZNF791,0.0,0.0
PHOSPHO1,0.0,0.0
CD7,0.0,0.0
DPY19L1,0.0,0.0
CNP,0.0,0.0
CYCS,0.0,0.0
RMI2,0.0,0.0
NME6,0.0,0.0
KRCC1,0.0,0.0
JUP,0.0,0.0
MOB3A,0.0,0.0
EIF1,0.0,0.0
RNF213,0.0,0.0
CKS1B,0.0,0.0
KLF11,0.0,0.0
ORMDL3,0.0,0.0
QARS1,0.0,0.0
USP19,0.0,0.0
PDIK1L,0.0,0.0
NET1,0.0,0.0
LAMB2,0.0,0.0
ZNF77,0.0,0.0
TRAPPC9,0.0,0.0
TMEM126A,0.0,0.0
ATRIP-TREX1,0.0,0.0
SLC9B2,0.0,0.0
PGRMC2,0.0,0.0
CAMP,0.0,0.0
ZNF589,0.0,0.0
PLXNB1,0.0,0.0
CCDC51,0.0,0.0
ATRIP,0.0,0.0
SHISA5,0.0,0.0
SAP30,0.0,0.0
SPRY1,0.0,0.0
MFSD8,0.0,0.0
MON1A,0.0,0.0
TEX264,0.0,0.0
PPM1M,0.0,0.0
WDR82,0.0,0.0
C4orf3,0.0,0.0
H2AZ1,0.0,0.0
DNAJB14,0.0,0.0
METAP1,0.0,0.0
SGMS2,0.0,0.0
UVSSA,0.0,0.0
TASOR,0.0,0.0
ARHGEF3,0.0,0.0
SLBP,0.0,0.0
LRPAP1,0.0,0.0
ZDHHC19,0.0,0.0
SLC51A,0.0,0.0
UBXN7,0.0,0.0
RNF168,0.0,0.0
PIGX,0.0,0.0
MELTF,0.0,0.0
S100P,0.0,0.0
C1orf50,0.0,0.0
ZNF691,0.0,0.0
AIMP1,0.0,0.0
HMGB2,0.0,0.0
ANXA5,0.0,0.0
GNL3,0.0,0.0
WDR41,0.0,0.0
SLC25A46,0.0,0.0
F2RL2,0.0,0.0
CCDC112,0.0,0.0
ANKRD33B,0.0,0.0
CMBL,0.0,0.0
C5orf63,0.0,0.0
F2RL1,0.0,0.0
RHOBTB3,0.0,0.0
MAP9,0.0,0.0
TIGD6,0.0,0.0
SERINC5,0.0,0.0
PRIMPOL,0.0,0.0
ERAP1,0.0,0.0
CFAP97,0.0,0.0
RICTOR,0.0,0.0
TENT2,0.0,0.0
NIPBL,0.0,0.0
LMBRD2,0.0,0.0
NDUFAF2,0.0,0.0
ELOVL7,0.0,0.0
GUCY1A1,0.0,0.0
FBXO8,0.0,0.0
CEP44,0.0,0.0
HPGD,0.0,0.0
TMEM144,0.0,0.0
GASK1B,0.0,0.0
NAA15,0.0,0.0
ANAPC10,0.0,0.0
ABCE1,0.0,0.0
OTUD4,0.0,0.0
LSM6,0.0,0.0
PRMT9,0.0,0.0
ITGA2,0.0,0.0
MOCS2,0.0,0.0
TMEM161B,0.0,0.0
PBRM1,0.0,0.0
SFMBT1,0.0,0.0
NUAK2,0.0,0.0
ABHD6,0.0,0.0
ATXN7,0.0,0.0
PPM1K,0.0,0.0
CCNL1,0.0,0.0
SLMAP,0.0,0.0
RPL9,0.0,0.0
SMIM14,0.0,0.0
RPP14,0.0,0.0
RBM47,0.0,0.0
PPBP,0.0,0.0
IL17RC,0.0,0.0
PRRT3,0.0,0.0
PCOLCE2,0.0,0.0
U2SURP,0.0,0.0
MTMR14,0.0,0.0
TTC14,0.0,0.0
CXCL3,0.0,0.0
THOC7,0.0,0.0
PTPN13,0.0,0.0
WDFY3,0.0,0.0
NEPRO,0.0,0.0
PRKCI,0.0,0.0
MNDA,0.0,0.0
PYHIN1,0.0,0.0
IFI16,0.0,0.0
AIM2,0.0,0.0
EIF5A2,0.0,0.0
RPL22L1,0.0,0.0
PPM1L,0.0,0.0
SNHG16,0.0,0.0
CTLA4,0.0,0.0
ICOS,0.0,0.0
RYBP,0.0,0.0
PPP4R2,0.0,0.0
CD200R1,0.0,0.0
GTPBP8,0.0,0.0
CXCL5,0.0,0.0
PF4,0.0,0.0
RFT1,0.0,0.0
LIPH,0.0,0.0
ZNF148,0.0,0.0
NMNAT3,0.0,0.0
SMIM12,0.0,0.0
ZMYM6,0.0,0.0
YEATS2,0.0,0.0
MEAF6,0.0,0.0
SNIP1,0.0,0.0
TMEM41A,0.0,0.0
CXCL1,0.0,0.0
SENP2,0.0,0.0
IFT122,0.0,0.0
RFC4,0.0,0.0
RPL39L,0.0,0.0
BAP1,0.0,0.0
TKT,0.0,0.0
PRKCD,0.0,0.0
DTX3L,0.0,0.0
ELP6,0.0,0.0
LRRC2,0.0,0.0
CCR1,0.0,0.0
RCHY1,0.0,0.0
CPA3,0.0,0.0
GYG1,0.0,0.0
HPS3,0.0,0.0
TOPBP1,0.0,0.0
UCN,0.0,0.0
ZNF513,0.0,0.0
SLC4A1AP,0.0,0.0
PLB1,0.0,0.0
SPDYA,0.0,0.0
KIAA1143,0.0,0.0
WDR43,0.0,0.0
ZDHHC3,0.0,0.0
CDCP1,0.0,0.0
FYCO1,0.0,0.0
EBF1,0.0,0.0
ANKRA2,0.0,0.0
UTP15,0.0,0.0
INPPL1,0.0,0.0
SPTSSA,0.0,0.0
WRN,0.0,0.0
TSHR,0.0,0.0
CFL2,0.0,0.0
SUGT1,0.0,0.0
PGM2L1,0.0,0.0
FOLR2,0.0,0.0
CRYL1,0.0,0.0
KLHDC2,0.0,0.0
REEP3,0.0,0.0
SKA3,0.0,0.0
PCF11,0.0,0.0
LRR1,0.0,0.0
RPL36AL,0.0,0.0
DNAAF2,0.0,0.0
DEPP1,0.0,0.0
INTS6L,0.0,0.0
OTUD1,0.0,0.0
ARMC3,0.0,0.0
MELK,0.0,0.0
ZHX1,0.0,0.0
MID1IP1,0.0,0.0
NCF1C,0.0,0.0
KIAA1958,0.0,0.0
GAPVD1,0.0,0.0
CARD19,0.0,0.0
ZNF367,0.0,0.0
HDX,0.0,0.0
NOL6,0.0,0.0
AQP3,0.0,0.0
TRMT10B,0.0,0.0
VCP,0.0,0.0
PIGO,0.0,0.0
STOML2,0.0,0.0
BRWD3,0.0,0.0
ZNF22,0.0,0.0
NEMF,0.0,0.0
NSA2,0.0,0.0
BORCS5,0.0,0.0
CLEC1B,0.0,0.0
SNAPC4,0.0,0.0
TMEM52B,0.0,0.0
SPACA9,0.0,0.0
TSC1,0.0,0.0
GFI1B,0.0,0.0
HPRT1,0.0,0.0
DIPK1B,0.0,0.0
RPUSD4,0.0,0.0
ZMYND19,0.0,0.0
RET,0.0,0.0
BMS1,0.0,0.0
STK32C,0.0,0.0
FUNDC2,0.0,0.0
PIP4P1,0.0,0.0
METTL17,0.0,0.0
GHITM,0.0,0.0
ENOX2,0.0,0.0
NSD1,0.0,0.0
FAM204A,0.0,0.0
ARF6,0.0,0.0
TTC8,0.0,0.0
TMEM63C,0.0,0.0
KBTBD6,0.0,0.0
FAAH2,0.0,0.0
BEND7,0.0,0.0
ATP5F1C,0.0,0.0
PRPF18,0.0,0.0
TAF3,0.0,0.0
VDAC2,0.0,0.0
COMTD1,0.0,0.0
SLC18A2,0.0,0.0
PDZD8,0.0,0.0
ZNF503,0.0,0.0
QSOX2,0.0,0.0
HNRNPK,0.0,0.0
C9orf64,0.0,0.0
KIF27,0.0,0.0
TAGAP,0.0,0.0
RP9,0.0,0.0
PTTG1,0.0,0.0
CAMLG,0.0,0.0
ZNF12,0.0,0.0
CDCA7L,0.0,0.0
MIOS,0.0,0.0
USP49,0.0,0.0
BRI3,0.0,0.0
GKAP1,0.0,0.0
LMTK2,0.0,0.0
DLC1,0.0,0.0
PEX2,0.0,0.0
RAD21,0.0,0.0
MED30,0.0,0.0
SPIDR,0.0,0.0
DNAAF5,0.0,0.0
SLU7,0.0,0.0
BMT2,0.0,0.0
RPS14,0.0,0.0
GALNT10,0.0,0.0
GFM2,0.0,0.0
ACSL6,0.0,0.0
SEPTIN8,0.0,0.0
SHROOM1,0.0,0.0
UQCRQ,0.0,0.0
CITED2,0.0,0.0
SFXN1,0.0,0.0
SAMD3,0.0,0.0
PDSS2,0.0,0.0
STXBP5,0.0,0.0
ANKRD55,0.0,0.0
PI16,0.0,0.0
DAGLB,0.0,0.0
STK17A,0.0,0.0
TRA2A,0.0,0.0
DEFA4,0.0,0.0
OSGIN2,0.0,0.0
SUN1,0.0,0.0
TMEM67,0.0,0.0
RPP25L,0.0,0.0
FAM219A,0.0,0.0
SNAPC3,0.0,0.0
NUDT2,0.0,0.0
TMEM65,0.0,0.0
PSIP1,0.0,0.0
SYK,0.0,0.0
NIPSNAP3B,0.0,0.0
NFIL3,0.0,0.0
LETM2,0.0,0.0
FXN,0.0,0.0
TMEM71,0.0,0.0
ALDH1A1,0.0,0.0
KDM1B,0.0,0.0
HGSNAT,0.0,0.0
WASHC5,0.0,0.0
PDP1,0.0,0.0
GPR146,0.0,0.0
VIRMA,0.0,0.0
GPER1,0.0,0.0
NOS3,0.0,0.0
MICALL2,0.0,0.0
CA3,0.0,0.0
CDK5,0.0,0.0
SLC4A2,0.0,0.0
FASTK,0.0,0.0
TMUB1,0.0,0.0
FMC1,0.0,0.0
PHAX,0.0,0.0
FOXK1,0.0,0.0
COX6C,0.0,0.0
YWHAZ,0.0,0.0
FZD6,0.0,0.0
DCAF13,0.0,0.0
SPTA1,0.0,0.0
SUCLG1,0.0,0.0
ARHGEF40,0.0,0.0
PGAP3,0.0,0.0
PCYT1A,0.0,0.0
U2AF1L4,0.0,0.0
BDH1,0.0,0.0
THAP8,0.0,0.0
ZNF382,0.0,0.0
LRRC56,0.0,0.0
PLXDC1,0.0,0.0
IKZF3,0.0,0.0
NAGS,0.0,0.0
FDXR,0.0,0.0
SAP30BP,0.0,0.0
ZNF577,0.0,0.0
TMEM143,0.0,0.0
ALDH16A1,0.0,0.0
ITGA5,0.0,0.0
SIGLEC11,0.0,0.0
ABCF3,0.0,0.0
AP2M1,0.0,0.0
YDJC,0.0,0.0
NAPEPLD,0.0,0.0
VPS28,0.0,0.0
PWWP3A,0.0,0.0
RECQL4,0.0,0.0
ZNF333,0.0,0.0
PPP1R16A,0.0,0.0
ORAI2,0.0,0.0
ALKBH4,0.0,0.0
SH2B2,0.0,0.0
MRNIP,0.0,0.0
SQSTM1,0.0,0.0
RPL8,0.0,0.0
MAML1,0.0,0.0
PGLYRP2,0.0,0.0
LRWD1,0.0,0.0
FBXL13,0.0,0.0
ZNF385A,0.0,0.0
EMC10,0.0,0.0
CPSF4,0.0,0.0
ZNF75A,0.0,0.0
SPSB3,0.0,0.0
TEDC2,0.0,0.0
CCNF,0.0,0.0
AMDHD2,0.0,0.0
PAQR4,0.0,0.0
FLYWCH2,0.0,0.0
ZG16B,0.0,0.0
ADCY9,0.0,0.0
JOSD2,0.0,0.0
CLPB,0.0,0.0
NEU3,0.0,0.0
CYB561A3,0.0,0.0
UBXN1,0.0,0.0
TTC9C,0.0,0.0
TAF6L,0.0,0.0
NXF1,0.0,0.0
WDR90,0.0,0.0
SNRNP25,0.0,0.0
POLR3K,0.0,0.0
RPL26,0.0,0.0
DBF4B,0.0,0.0
PLCD3,0.0,0.0
FMNL3,0.0,0.0
RACGAP1,0.0,0.0
LARP4,0.0,0.0
RAVER1,0.0,0.0
SPC24,0.0,0.0
ALOX15,0.0,0.0
ZNF653,0.0,0.0
CXCL16,0.0,0.0
SCIMP,0.0,0.0
ASGR2,0.0,0.0
TNFSF13,0.0,0.0
SENP3,0.0,0.0
EIF4A1,0.0,0.0
LY6E,0.0,0.0
IER2,0.0,0.0
CLASP2,0.0,0.0
PCNT,0.0,0.0
ZNF66,0.0,0.0
LRRC3,0.0,0.0
ITGB2,0.0,0.0
SLX9,0.0,0.0
RALGDS,0.0,0.0
VAV2,0.0,0.0
C21orf58,0.0,0.0
DIP2A,0.0,0.0
TOR2A,0.0,0.0
CLDND2,0.0,0.0
CACFD1,0.0,0.0
SLC2A6,0.0,0.0
ZNF761,0.0,0.0
FCN2,0.0,0.0
ZNF714,0.0,0.0
GPSM1,0.0,0.0
CFAP410,0.0,0.0
GAB3,0.0,0.0
TRAPPC10,0.0,0.0
AGPAT3,0.0,0.0
SSU72,0.0,0.0
UBE2J2,0.0,0.0
ZNF362,0.0,0.0
NR2F6,0.0,0.0
ANKLE1,0.0,0.0
KALRN,0.0,0.0
TFF3,0.0,0.0
UBASH3A,0.0,0.0
SLC37A1,0.0,0.0
WDR4,0.0,0.0
NDUFV3,0.0,0.0
PKNOX1,0.0,0.0
G6PD,0.0,0.0
CSTB,0.0,0.0
RRP1,0.0,0.0
C19orf47,0.0,0.0
SHKBP1,0.0,0.0
HK3,0.0,0.0
SLC25A44,0.0,0.0
ANO10,0.0,0.0
FDPS,0.0,0.0
RUSC1,0.0,0.0
GBAP1,0.0,0.0
ENTREP3,0.0,0.0
PAQR6,0.0,0.0
PMF1,0.0,0.0
LMNA,0.0,0.0
RDH13,0.0,0.0
CCR5,0.0,0.0
NBEAL2,0.0,0.0
CCDC12,0.0,0.0
PPP1R35,0.0,0.0
GPATCH4,0.0,0.0
FCRL3,0.0,0.0
NACC1,0.0,0.0
CRTC2,0.0,0.0
UBE2Q1,0.0,0.0
IL6R,0.0,0.0
ADAR,0.0,0.0
ZER1,0.0,0.0
MED27,0.0,0.0
DEDD2,0.0,0.0
SIK3,0.0,0.0
MPZL3,0.0,0.0
NEK8,0.0,0.0
PCSK7,0.0,0.0
SAFB,0.0,0.0
CD3G,0.0,0.0
CHTOP,0.0,0.0
CXCR5,0.0,0.0
ZBTB7B,0.0,0.0
FLAD1,0.0,0.0
SHC1,0.0,0.0
NLRX1,0.0,0.0
STX5,0.0,0.0
SLC25A45,0.0,0.0
SYVN1,0.0,0.0
IWS1,0.0,0.0
SGPP2,0.0,0.0
RPRD2,0.0,0.0
CTSS,0.0,0.0
TNFAIP8L2,0.0,0.0
SCNM1,0.0,0.0
VPS72,0.0,0.0
RNF149,0.0,0.0
BOLA3,0.0,0.0
GNPDA2,0.0,0.0
CDC42EP3,0.0,0.0
S100A11,0.0,0.0
DHX57,0.0,0.0
S100A9,0.0,0.0
S100A12,0.0,0.0
TGFA,0.0,0.0
FZD5,0.0,0.0
SGCB,0.0,0.0
SLC16A14,0.0,0.0
H3-3A,0.0,0.0
WDCP,0.0,0.0
PUS10,0.0,0.0
PEX13,0.0,0.0
SANBR,0.0,0.0
DISC1,0.0,0.0
MEMO1,0.0,0.0
DPY30,0.0,0.0
TYW5,0.0,0.0
MAIP1,0.0,0.0
SLC66A3,0.0,0.0
ARL5A,0.0,0.0
CLHC1,0.0,0.0
PRORSD1P,0.0,0.0
CFAP36,0.0,0.0
NUP35,0.0,0.0
FBXO41,0.0,0.0
DCAF16,0.0,0.0
ANTXR2,0.0,0.0
ZFPL1,0.0,0.0
AZI2,0.0,0.0
CCT3,0.0,0.0
TMEM79,0.0,0.0
SSR2,0.0,0.0
RNF25,0.0,0.0
STK36,0.0,0.0
CCDC141,0.0,0.0
CWC22,0.0,0.0
TGFBR2,0.0,0.0
HELQ,0.0,0.0
ANKZF1,0.0,0.0
TRAT1,0.0,0.0
FBLN2,0.0,0.0
GLB1L,0.0,0.0
STT3B,0.0,0.0
CHCHD4,0.0,0.0
SERPINI1,0.0,0.0
CXCR1,0.0,0.0
KRTCAP2,0.0,0.0
IGFBP7,0.0,0.0
TMEM183A,0.0,0.0
MRPS18C,0.0,0.0
CGGBP1,0.0,0.0
PMVK,0.0,0.0
PBXIP1,0.0,0.0
PYGO2,0.0,0.0
HIPK1,0.0,0.0
COL6A3,0.0,0.0
POGLUT1,0.0,0.0
SLC22A15,0.0,0.0
ATP1A1,0.0,0.0
SLC15A2,0.0,0.0
EIF4E3,0.0,0.0
PROK2,0.0,0.0
LRRC58,0.0,0.0
FSTL1,0.0,0.0
REL,0.0,0.0
WDR26,0.0,0.0
MRPL55,0.0,0.0
UBXN10,0.0,0.0
DHRS3,0.0,0.0
LAPTM5,0.0,0.0
SDC3,0.0,0.0
PEF1,0.0,0.0
RBBP4,0.0,0.0
KIAA1522,0.0,0.0
TMCO4,0.0,0.0
SCNN1D,0.0,0.0
CAPN2,0.0,0.0
NFIA,0.0,0.0
MYSM1,0.0,0.0
TM2D1,0.0,0.0
USP1,0.0,0.0
FUBP1,0.0,0.0
DNAJB4,0.0,0.0
TYW3,0.0,0.0
RBP7,0.0,0.0
LZIC,0.0,0.0
JAK1,0.0,0.0
AK4,0.0,0.0
LRP5,0.0,0.0
TPCN2,0.0,0.0
TAL1,0.0,0.0
CMPK1,0.0,0.0
BEND5,0.0,0.0
ZYG11B,0.0,0.0
CZIB,0.0,0.0
MAGOH,0.0,0.0
ACOT11,0.0,0.0
USP24,0.0,0.0
NOL9,0.0,0.0
KLHL21,0.0,0.0
ZSWIM5,0.0,0.0
GMEB1,0.0,0.0
SELENON,0.0,0.0
EEIG2,0.0,0.0
HENMT1,0.0,0.0
C1orf52,0.0,0.0
FLVCR1,0.0,0.0
RBM15,0.0,0.0
DENND2D,0.0,0.0
IER5,0.0,0.0
SNED1,0.0,0.0
C1orf115,0.0,0.0
BROX,0.0,0.0
CNST,0.0,0.0
PPP1R21,0.0,0.0
KLHDC8A,0.0,0.0
OXER1,0.0,0.0
HAAO,0.0,0.0
B3GALNT2,0.0,0.0
MAPKAPK2,0.0,0.0
IL24,0.0,0.0
FCMR,0.0,0.0
ATF3,0.0,0.0
FCGR3B,0.0,0.0
GBP2,0.0,0.0
FCRLB,0.0,0.0
GBP4,0.0,0.0
ZNF326,0.0,0.0
GFI1,0.0,0.0
AGL,0.0,0.0
EXTL2,0.0,0.0
SLC30A7,0.0,0.0
ZNF281,0.0,0.0
ARPC5,0.0,0.0
NLRP3,0.0,0.0
ZNF496,0.0,0.0
TRIM58,0.0,0.0
PEA15,0.0,0.0
PEX19,0.0,0.0
NCSTN,0.0,0.0
SLAMF6,0.0,0.0
NDRG2,0.0,0.0
NSMF,0.0,0.0
RBKS,0.0,0.0
ZBTB43,0.0,0.0
PARM1,0.0,0.0
CSNK1G1,0.0,0.0
FAM110B,0.0,0.0
AFAP1L2,0.0,0.0
ZNF354A,0.0,0.0
ATF5,0.0,0.0
UBE2V2,0.0,0.0
PCSK9,0.0,0.0
GCSAML,0.0,0.0
XPO6,0.0,0.0
APEX2,0.0,0.0
NSMCE1,0.0,0.0
CCDC126,0.0,0.0
NPIPB12,0.0,0.0
CD2BP2,0.0,0.0
TBC1D10B,0.0,0.0
SLC25A6,0.0,0.0
ASMTL,0.0,0.0
HSPBAP1,0.0,0.0
DHRSX,0.0,0.0
LETM1,0.0,0.0
SPRY3,0.0,0.0
CEP120,0.0,0.0
MFF,0.0,0.0
LGALS9,0.0,0.0
JMJD7-PLA2G4B,0.0,0.0
SIGLEC7,0.0,0.0
E2F6,0.0,0.0
FEM1B,0.0,0.0
COMMD8,0.0,0.0
ATP5ME,0.0,0.0
UQCRFS1,0.0,0.0
MAP2K1,0.0,0.0
IRS1,0.0,0.0
MECP2,0.0,0.0
LMAN2,0.0,0.0
PRELID1,0.0,0.0
MAT2A,0.0,0.0
CLIC4,0.0,0.0
PTPN9,0.0,0.0
RNASE6,0.0,0.0
CXCL8,0.0,0.0
CD52,0.0,0.0
MMGT1,0.0,0.0
TM2D2,0.0,0.0
PLEKHA2,0.0,0.0
GPR183,0.0,0.0
THBS3,0.0,0.0
METTL15,0.0,0.0
ZEB2,0.0,0.0
PCBP1,0.0,0.0
HINT1,0.0,0.0
INO80E,0.0,0.0
DFFB,0.0,0.0
NFU1,0.0,0.0
PTAFR,0.0,0.0
PTK2,0.0,0.0
RNASE3,0.0,0.0
SIN3A,0.0,0.0
SLC50A1,0.0,0.0
CXCL10,0.0,0.0
NPIPB3,0.0,0.0
SH3TC2,0.0,0.0
ZRSR2,0.0,0.0
NMD3,0.0,0.0
ADRB2,0.0,0.0
B3GALNT1,0.0,0.0
GPRIN1,0.0,0.0
MRPL1,0.0,0.0
PGM2,0.0,0.0
P2RY12,0.0,0.0
SLC33A1,0.0,0.0
SNUPN,0.0,0.0
CRADD,0.0,0.0
ZNF608,0.0,0.0
BTNL3,0.0,0.0
GLYCTK,0.0,0.0
RHOH,0.0,0.0
DTYMK,0.0,0.0
TAP1,0.0,0.0
ING5,0.0,0.0
ATG4B,0.0,0.0
MLKL,0.0,0.0
CMAHP,0.0,0.0
RFWD3,0.0,0.0
COG7,0.0,0.0
FNTA,0.0,0.0
CDC40,0.0,0.0
STIP1,0.0,0.0
BMP1,0.0,0.0
ATXN2L,0.0,0.0
POLR3D,0.0,0.0
FEN1,0.0,0.0
CAVIN2,0.0,0.0
SEPTIN2,0.0,0.0
ARF4,0.0,0.0
CX3CR1,0.0,0.0
IRF2,0.0,0.0
POLR2J3-UPK3BL2,0.0,0.0
NKIRAS2,0.0,0.0
NT5DC2,0.0,0.0
SMIM4,0.0,0.0
COA6,0.0,0.0
KIF5C,0.0,0.0
MGAT2,0.0,0.0
BMI1,0.0,0.0
THAP11,0.0,0.0
MMADHC,0.0,0.0
PDHB,0.0,0.0
PXK,0.0,0.0
KCTD6,0.0,0.0
MPLKIP,0.0,0.0
ACOX2,0.0,0.0
HEXIM2,0.0,0.0
SERINC2,0.0,0.0
VAMP5,0.0,0.0
ZNF507,0.0,0.0
ABHD15,0.0,0.0
ZBTB5,0.0,0.0
CHTF8,0.0,0.0
ADAL,0.0,0.0
LCMT2,0.0,0.0
SNTB2,0.0,0.0
IL12A,0.0,0.0
STX18,0.0,0.0
TRAPPC11,0.0,0.0
NSG1,0.0,0.0
ZBTB49,0.0,0.0
GFM1,0.0,0.0
DDX19A,0.0,0.0
ATOH8,0.0,0.0
TNIP2,0.0,0.0
TMEM150A,0.0,0.0
TSPAN5,0.0,0.0
TET2,0.0,0.0
CNNM3,0.0,0.0
PKIG,0.0,0.0
ING2,0.0,0.0
CDKN2AIP,0.0,0.0
SNRNP48,0.0,0.0
TMEM223,0.0,0.0
SLC20A2,0.0,0.0
TMUB2,0.0,0.0
STAT3,0.0,0.0
ZSWIM1,0.0,0.0
ADAM9,0.0,0.0
AXIN2,0.0,0.0
LRATD2,0.0,0.0
LDLRAD4,0.0,0.0
IL7R,0.0,0.0
TMEM208,0.0,0.0
AHCYL1,0.0,0.0
CKAP2L,0.0,0.0
C15orf40,0.0,0.0
RAMAC,0.0,0.0
SOCS6,0.0,0.0
GTSF1,0.0,0.0
DPY19L2P2,0.0,0.0
ZNF16,0.0,0.0
RNF34,0.0,0.0
ACYP2,0.0,0.0
TRABD,0.0,0.0
ATF7,0.0,0.0
ZNF296,0.0,0.0
LOC93622,0.0,0.0
POLH,0.0,0.0
KIF5B,0.0,0.0
AKAP13,0.0,0.0
CDCA4,0.0,0.0
HTRA3,0.0,0.0
FOXN2,0.0,0.0
USP32,0.0,0.0
COMMD5,0.0,0.0
HSPA4,0.0,0.0
IRF2BP1,0.0,0.0
NUDCD2,0.0,0.0
METTL7B,0.0,0.0
HARS1,0.0,0.0
NFXL1,0.0,0.0
DENND5B,0.0,0.0
CD14,0.0,0.0
DNAJC18,0.0,0.0
SPATA24,0.0,0.0
RALGAPB,0.0,0.0
MZB1,0.0,0.0
NUDT9,0.0,0.0
PA2G4,0.0,0.0
PFKFB3,0.0,0.0
SMAGP,0.0,0.0
EMB,0.0,0.0
STAT2,0.0,0.0
GPR27,0.0,0.0
KBTBD2,0.0,0.0
APLF,0.0,0.0
ATP6V0E2,0.0,0.0
C11orf24,0.0,0.0
KYAT1,0.0,0.0
MTM1,0.0,0.0
SIGLEC17P,0.0,0.0
TRMT61B,0.0,0.0
INSR,0.0,0.0
MFN1,0.0,0.0
PRKCE,0.0,0.0
RIOX2,0.0,0.0
JAGN1,0.0,0.0
TADA3,0.0,0.0
C1GALT1C1,0.0,0.0
BBLN,0.0,0.0
ZNF672,0.0,0.0
ZNF692,0.0,0.0
NAIF1,0.0,0.0
FEZ2,0.0,0.0
FPR1,0.0,0.0
FPR2,0.0,0.0
TSNARE1,0.0,0.0
TRIAP1,0.0,0.0
LSM3,0.0,0.0
KIAA0232,0.0,0.0
MTSS1,0.0,0.0
RNF139,0.0,0.0
RPS9,0.0,0.0
MSANTD4,0.0,0.0
OSCAR,0.0,0.0
PAQR8,0.0,0.0
TANC2,0.0,0.0
DNAJC24,0.0,0.0
ZNF160,0.0,0.0
CEACAM3,0.0,0.0
PKIA,0.0,0.0
XKR6,0.0,0.0
MGMT,0.0,0.0
TMEM182,0.0,0.0
SLC30A1,0.0,0.0
REPS2,0.0,0.0
HNRNPF,0.0,0.0
BTD,0.0,0.0
AVEN,0.0,0.0
P2RY1,0.0,0.0
TRIM56,0.0,0.0
AHSP,0.0,0.0
WNT10B,0.0,0.0
ITGAM,0.0,0.0
TCAF2,0.0,0.0
TPST1,0.0,0.0
OTUD3,0.0,0.0
GUSB,0.0,0.0
ZNF764,0.0,0.0
ZNF747,0.0,0.0
TAS1R3,0.0,0.0
TMEM42,0.0,0.0
UGP2,0.0,0.0
TAPT1,0.0,0.0
LIMS1,0.0,0.0
DCXR,0.0,0.0
BOLA2,0.0,0.0
BOLA2B,0.0,0.0
RGPD8,0.0,0.0
HIC2,0.0,0.0
LUZP1,0.0,0.0
BUB1,0.0,0.0
SPNS1,0.0,0.0
CENPX,0.0,0.0
AGPAT2,0.0,0.0
ASPSCR1,0.0,0.0
FASN,0.0,0.0
CNBP,0.0,0.0
MT1E,0.0,0.0
DUS1L,0.0,0.0
RFNG,0.0,0.0
MAP3K2,0.0,0.0
PUSL1,0.0,0.0
SF3B5,0.0,0.0
NANP,0.0,0.0
PWWP2A,0.0,0.0
USP47,0.0,0.0
PDCD6IP,0.0,0.0
ZNF282,0.0,0.0
GON7,0.0,0.0
FAXDC2,0.0,0.0
ELP5,0.0,0.0
GABARAP,0.0,0.0
UBB,0.0,0.0
NFRKB,0.0,0.0
PRDM10,0.0,0.0
B3GNT2,0.0,0.0
FOS,0.0,0.0
SETMAR,0.0,0.0
SMAD1,0.0,0.0
ADPRM,0.0,0.0
CHRNB1,0.0,0.0
IFFO2,0.0,0.0
SIK2,0.0,0.0
MYO7B,0.0,0.0
CHD3,0.0,0.0
TMEM154,0.0,0.0
ALCAM,0.0,0.0
YWHAG,0.0,0.0
UBE2E3,0.0,0.0
CNTROB,0.0,0.0
TRAPPC1,0.0,0.0
KCNAB3,0.0,0.0
FAM153A,0.0,0.0
SIMC1,0.0,0.0
TMEM192,0.0,0.0
GPR25,0.0,0.0
UBE2E1,0.0,0.0
HNRNPA3,0.0,0.0
UBTD2,0.0,0.0
TTC39C,0.0,0.0
ZNF219,0.0,0.0
BLCAP,0.0,0.0
ZSCAN21,0.0,0.0
RIMKLB,0.0,0.0
TMEM135,0.0,0.0
NDEL1,0.0,0.0
CENPV,0.0,0.0
CIAO2B,0.0,0.0
HSP90B1,0.0,0.0
ATF7IP2,0.0,0.0
MARF1,0.0,0.0
BEX3,0.0,0.0
COG1,0.0,0.0
B2M,0.0,0.0
GOLM2,0.0,0.0
AP1G1,0.0,0.0
SLFN5,0.0,0.0
CATSPER2,0.0,0.0
CLEC4D,0.0,0.0
ZNF3,0.0,0.0
CLEC4E,0.0,0.0
MCM7,0.0,0.0
IDH3A,0.0,0.0
PLD4,0.0,0.0
ZMAT1,0.0,0.0
TRIM66,0.0,0.0
RPL27A,0.0,0.0
CDYL2,0.0,0.0
CENPN,0.0,0.0
AKIP1,0.0,0.0
ATMIN,0.0,0.0
LEO1,0.0,0.0
TMX3,0.0,0.0
WEE1,0.0,0.0
MAPK7,0.0,0.0
PRKCB,0.0,0.0
HDGFL3,0.0,0.0
ZNF667-AS1,0.0,0.0
SAAL1,0.0,0.0
SERPINB8,0.0,0.0
EPB42,0.0,0.0
MTMR10,0.0,0.0
YWHAB,0.0,0.0
TSC22D4,0.0,0.0
MS4A7,0.0,0.0
MS4A14,0.0,0.0
DIS3L,0.0,0.0
CCNDBP1,0.0,0.0
SMAD3,0.0,0.0
PPIB,0.0,0.0
MAP1A,0.0,0.0
RCCD1,0.0,0.0
AKTIP,0.0,0.0
MAPRE2,0.0,0.0
EVA1C,0.0,0.0
MARS1,0.0,0.0
MBD6,0.0,0.0
PIP4K2C,0.0,0.0
MRPL16,0.0,0.0
STX3,0.0,0.0
ATP23,0.0,0.0
CIAO2A,0.0,0.0
FAM111A,0.0,0.0
PCLAF,0.0,0.0
TMEM170A,0.0,0.0
RBPMS2,0.0,0.0
ANKDD1A,0.0,0.0
C18orf54,0.0,0.0
TERF2IP,0.0,0.0
LOC105371348,0.0,0.0
PLK1,0.0,0.0
ZBTB39,0.0,0.0
NEMP1,0.0,0.0
NAB2,0.0,0.0
VPS39,0.0,0.0
PATL1,0.0,0.0
RIC3,0.0,0.0
GARRE1,0.0,0.0
PTGDR,0.0,0.0
SPRED1,0.0,0.0
ARL5B,0.0,0.0
CEP295,0.0,0.0
TAF1D,0.0,0.0
ABTB2,0.0,0.0
AMOTL1,0.0,0.0
HTRA1,0.0,0.0
TCP11L2,0.0,0.0
CMTM5,0.0,0.0
BRD7,0.0,0.0
GLB1L3,0.0,0.0
GPT2,0.0,0.0
IKBIP,0.0,0.0
HIF1AN,0.0,0.0
NDUFB8,0.0,0.0
SPINT1,0.0,0.0
FBN1,0.0,0.0
HACD1,0.0,0.0
PTER,0.0,0.0
CLMN,0.0,0.0
IFI27,0.0,0.0
CASP7,0.0,0.0
METTL3,0.0,0.0
FRAT1,0.0,0.0
UBTD1,0.0,0.0
E2F7,0.0,0.0
ARHGAP42,0.0,0.0
ISCA2,0.0,0.0
LARGE2,0.0,0.0
TTC7B,0.0,0.0
SLC39A13,0.0,0.0
PSMC3,0.0,0.0
AGBL2,0.0,0.0
TC2N,0.0,0.0
CPSF2,0.0,0.0
MOAP1,0.0,0.0
AVPR1A,0.0,0.0
TRMT61A,0.0,0.0
CYB5R2,0.0,0.0
TAF10,0.0,0.0
BORCS7,0.0,0.0
C2,0.0,0.0
PLEKHF1,0.0,0.0
SMPD1,0.0,0.0
APBB1,0.0,0.0
TRIM44,0.0,0.0
ILK,0.0,0.0
TPP1,0.0,0.0
BTRC,0.0,0.0
DCHS1,0.0,0.0
NETO1,0.0,0.0
MSS51,0.0,0.0
CYB5A,0.0,0.0
IFTAP,0.0,0.0
ATP9B,0.0,0.0
PPFIBP2,0.0,0.0
WBP1L,0.0,0.0
CUL5,0.0,0.0
CYYR1,0.0,0.0
STXBP4,0.0,0.0
POLL,0.0,0.0
BAG5,0.0,0.0
DPCD,0.0,0.0
API5,0.0,0.0
HPS6,0.0,0.0
NOLC1,0.0,0.0
ALKBH3,0.0,0.0
COPS2,0.0,0.0
SGPL1,0.0,0.0
FRS2,0.0,0.0
PCBD1,0.0,0.0
ARIH1,0.0,0.0
CLMP,0.0,0.0
COX11,0.0,0.0
ZNF202,0.0,0.0
CNPY4,0.0,0.0
PDIA3,0.0,0.0
NUDT21,0.0,0.0
MRPL58,0.0,0.0
ZNF558,0.0,0.0
NDUFV1,0.0,0.0
NUDT8,0.0,0.0
PRDX2,0.0,0.0
ZNF232,0.0,0.0
MIS12,0.0,0.0
CD300C,0.0,0.0
TMEM88,0.0,0.0
E4F1,0.0,0.0
SRP68,0.0,0.0
TMC8,0.0,0.0
TK1,0.0,0.0
TMEM68,0.0,0.0
GHDC,0.0,0.0
FAM234A,0.0,0.0
ZNF598,0.0,0.0
SPRYD3,0.0,0.0
CD320,0.0,0.0
OTUB1,0.0,0.0
CYB5D2,0.0,0.0
EEF2,0.0,0.0
UBXN6,0.0,0.0
PLIN4,0.0,0.0
SEMA6B,0.0,0.0
ZNF444,0.0,0.0
NXN,0.0,0.0
GLOD4,0.0,0.0
MFSD3,0.0,0.0
KIFC2,0.0,0.0
SLC43A2,0.0,0.0
RILP,0.0,0.0
SERPINF2,0.0,0.0
WDR81,0.0,0.0
SRR,0.0,0.0
HSD11B1L,0.0,0.0
MLST8,0.0,0.0
ECI1,0.0,0.0
SGSM1,0.0,0.0
SETD5,0.0,0.0
SF1,0.0,0.0
CCDC88B,0.0,0.0
PBK,0.0,0.0
PNOC,0.0,0.0
PAFAH1B2,0.0,0.0
ANKS3,0.0,0.0
KIAA1586,0.0,0.0
VASN,0.0,0.0
SRRM2,0.0,0.0
THAP9,0.0,0.0
HOOK3,0.0,0.0
MAPK1IP1L,0.0,0.0
DDIT4,0.0,0.0
RBPJ,0.0,0.0
LMBRD1,0.0,0.0
ZCCHC4,0.0,0.0
SAC3D1,0.0,0.0
LTBP3,0.0,0.0
FADD,0.0,0.0
ULK4,0.0,0.0
ZNF597,0.0,0.0
NLRC3,0.0,0.0
SDHAF2,0.0,0.0
DDB1,0.0,0.0
RAB3IL1,0.0,0.0
BEST1,0.0,0.0
FTH1,0.0,0.0
BSCL2,0.0,0.0
SLC3A2,0.0,0.0
SPINDOC,0.0,0.0
ATG16L2,0.0,0.0
TRANK1,0.0,0.0
TTC21A,0.0,0.0
RPSA,0.0,0.0
CTNNB1,0.0,0.0
DAPK3,0.0,0.0
YIF1B,0.0,0.0
SPINT2,0.0,0.0
ATP5MG,0.0,0.0
TBC1D2B,0.0,0.0
HDHD2,0.0,0.0
ZNF91,0.0,0.0
RNF214,0.0,0.0
CDK12,0.0,0.0
DUS2,0.0,0.0
POP5,0.0,0.0
CD3D,0.0,0.0
PPP1R14A,0.0,0.0
TBC1D16,0.0,0.0
TEPSIN,0.0,0.0
STIM1,0.0,0.0
TRIM68,0.0,0.0
FN3K,0.0,0.0
IRGQ,0.0,0.0
ZNF226,0.0,0.0
FBXO22,0.0,0.0
CRK,0.0,0.0
COQ7,0.0,0.0
SP2,0.0,0.0
DUSP18,0.0,0.0
TEF,0.0,0.0
PHB1,0.0,0.0
SNRPD1,0.0,0.0
TTC16,0.0,0.0
SAMD14,0.0,0.0
EEIG1,0.0,0.0
ACSF2,0.0,0.0
GOLGA2,0.0,0.0
TRUB2,0.0,0.0
COQ4,0.0,0.0
URM1,0.0,0.0
DOLPP1,0.0,0.0
ENDOG,0.0,0.0
C15orf39,0.0,0.0
ZNF180,0.0,0.0
PPP2R3B,0.0,0.0
ZNF668,0.0,0.0
TP53I13,0.0,0.0
RHEBL1,0.0,0.0
TUBA1A,0.0,0.0
TUBA1C,0.0,0.0
ZNF528,0.0,0.0
ZNF701,0.0,0.0
NCKAP5L,0.0,0.0
PROSER3,0.0,0.0
CYP2S1,0.0,0.0
TMC4,0.0,0.0
LAIR1,0.0,0.0
ZNF526,0.0,0.0
SLCO3A1,0.0,0.0
KIR3DL1,0.0,0.0
ZNF146,0.0,0.0
ZNF283,0.0,0.0
CORO6,0.0,0.0
ZNF641,0.0,0.0
ZNF646,0.0,0.0
RPL13,0.0,0.0
VKORC1,0.0,0.0
CA4,0.0,0.0
TPM4,0.0,0.0
RAB8A,0.0,0.0
JSRP1,0.0,0.0
LOC105372240,0.0,0.0
KLHL26,0.0,0.0
GATAD2A,0.0,0.0
MVD,0.0,0.0
CDT1,0.0,0.0
TRAPPC2L,0.0,0.0
ANKRD11,0.0,0.0
SPATA33,0.0,0.0
RSKR,0.0,0.0
PROCA1,0.0,0.0
LPCAT4,0.0,0.0
DPM1,0.0,0.0
ZNF575,0.0,0.0
ZNF579,0.0,0.0
RPL10P1,0.0,0.0
FNIP1,0.0,0.0
PAM16,0.0,0.0
RPL19P9,0.0,0.0
RPL27AP6,0.0,0.0
LINC00339,0.0,0.0
LOC100129844,0.0,0.0
CEBPZOS,0.0,0.0
RPS15AP19,0.0,0.0
RBM33-DT,0.0,0.0
RNASEK,0.0,0.0
RPS2P29,0.0,0.0
NBPF1,0.0,0.0
UMAD1,0.0,0.0
FAM228B,0.0,0.0
ZNF433-AS1,0.0,0.0
LINGO3,0.0,0.0
ZGLP1,0.0,0.0
CCDC7,0.0,0.0
RPS2P55,0.0,0.0
DDX3X,0.0,0.0
BCORP1,0.0,0.0
MYL5,0.0,0.0
DEFT1P,0.0,0.0
DEFT1P2,0.0,0.0
ZNF407,0.0,0.0
MCM3AP-AS1,0.0,0.0
NPEPL1,0.0,0.0
LOC124904942,0.0,0.0
AATBC,0.0,0.0
LOC105377223,0.0,0.0
IFI30,0.0,0.0
TMEM242,0.0,0.0
TMEM167B,0.0,0.0
ARHGAP27P1-BPTFP1-KPNA2P3,0.0,0.0
TNFRSF25,0.0,0.0
LOC284685,0.0,0.0
TSTD1,0.0,0.0
CYB5RL,0.0,0.0
CROCCP2,0.0,0.0
VAMP2,0.0,0.0
RPL21P28,0.0,0.0
RPL21P16,0.0,0.0
ENTPD3-AS1,0.0,0.0
FTH1P10,0.0,0.0
ZDHHC12-DT,0.0,0.0
EXOSC6,0.0,0.0
VPS52,0.0,0.0
HBD,0.0,0.0
IGHV3-64,0.0,0.0
LINC00205,0.0,0.0
CD99P1,0.0,0.0
PDGFA-DT,0.0,0.0
PPP3CB-AS1,0.0,0.0
HLA-DPB1,0.0,0.0
OSER1-DT,0.0,0.0
AFG3L1P,0.0,0.0
CHROMR,0.0,0.0
IGKV3D-15,0.0,0.0
CPTP,0.0,0.0
MTCO1P11,0.0,0.0
RPS14P1,0.0,0.0
CYTOR,0.0,0.0
IGLC6,0.0,0.0
FAM185A,0.0,0.0
BTBD19,0.0,0.0
C6orf226,0.0,0.0
PPP3R1,0.0,0.0
FANCG,0.0,0.0
PLXNA4,0.0,0.0
NPTXR,0.0,0.0
FAM200A,0.0,0.0
PPP2R2A,0.0,0.0
ZNF880,0.0,0.0
TRIM16,0.0,0.0
TIGD1,0.0,0.0
FXYD7,0.0,0.0
LINC01465,0.0,0.0
KIR2DS4,0.0,0.0
APOL6,0.0,0.0
CCNL2,0.0,0.0
UBA52,0.0,0.0
ZNF630,0.0,0.0
VPS16,0.0,0.0
HOMEZ,0.0,0.0
SLC25A5-AS1,0.0,0.0
SMIM7,0.0,0.0
ZNF726,0.0,0.0
TAX1BP3,0.0,0.0
AP1G2,0.0,0.0
NAXD,0.0,0.0
GANC,0.0,0.0
TTLL3,0.0,0.0
REPIN1,0.0,0.0
ZNF891,0.0,0.0
TSPAN4,0.0,0.0
ITGA1,0.0,0.0
CPNE1,0.0,0.0
ARL16,0.0,0.0
LYRM4,0.0,0.0
MYCBP,0.0,0.0
SDHAP4,0.0,0.0
ALG3,0.0,0.0
AMZ2P1,0.0,0.0
PLEKHM1P1,0.0,0.0
NUDT19,0.0,0.0
CLDN9,0.0,0.0
DHRS4-AS1,0.0,0.0
RPL23AP79,0.0,0.0
NCKIPSD,0.0,0.0
ATF6B,0.0,0.0
S1PR3,0.0,0.0
SLC35F6,0.0,0.0
FAM209B,0.0,0.0
CLIC1,0.0,0.0
DDAH2,0.0,0.0
CENPBD2P,0.0,0.0
ZNF134,0.0,0.0
IRF9,0.0,0.0
DDX47,0.0,0.0
ZNF888,0.0,0.0
ZNF321P,0.0,0.0
KCTD11,0.0,0.0
RPL7AP64,0.0,0.0
LTB4R,0.0,0.0
LTB4R2,0.0,0.0
CSNK1E,0.0,0.0
PTMAP5,0.0,0.0
SMIM30,0.0,0.0
C19orf38,0.0,0.0
PHB2,0.0,0.0
SEPTIN7P2,0.0,0.0
MS4A4E,0.0,0.0
SMTNL1,0.0,0.0
LINC00243,0.0,0.0
LINC01599,0.0,0.0
LINC01588,0.0,0.0
HLA-F-AS1,0.0,0.0
RTL10,0.0,0.0
LOC100130357,0.0,0.0
C17orf67,0.0,0.0
RPL13P12,0.0,0.0
NEURL4,0.0,0.0
ALOX12-AS1,0.0,0.0
UBXN2B,0.0,0.0
LINC00680,0.0,0.0
PEX26,0.0,0.0
LINC02649,0.0,0.0
FASTKD5,0.0,0.0
HNRNPUL2,0.0,0.0
ZBED1,0.0,0.0
IFRD2,0.0,0.0
ZSWIM8,0.0,0.0
FIS1,0.0,0.0
ANG,0.0,0.0
SCART1,0.0,0.0
APTR,0.0,0.0
SPDYE3,0.0,0.0
MBLAC1,0.0,0.0
PDPR2P,0.0,0.0
HAUS3,0.0,0.0
RPS3AP26,0.0,0.0
TUBAP2,0.0,0.0
KANSL1-AS1,0.0,0.0
LOC107984142,0.0,0.0
PLIN5,0.0,0.0
RPL7P1,0.0,0.0
PPME1,0.0,0.0
RPS15AP1,0.0,0.0
EML6,0.0,0.0
BAZ2B-AS1,0.0,0.0
PRR29,0.0,0.0
MFAP3L,0.0,0.0
FTX,0.0,0.0
ACBD6,0.0,0.0
LHX4-AS1,0.0,0.0
H3P1,0.0,0.0
NFE4,0.0,0.0
EMC1-AS1,0.0,0.0
LINC01036,0.0,0.0
THAP7-AS1,0.0,0.0
AOAH-IT1,0.0,0.0
LOC107984948,0.0,0.0
RPL10P6,0.0,0.0
RPS23P8,0.0,0.0
FBXW4P1,0.0,0.0
HLA-K,0.0,0.0
RPS18P12,0.0,0.0
RPL18AP6,0.0,0.0
HSBP1,0.0,0.0
HCG18,0.0,0.0
ECE1-AS1,0.0,0.0
TRBV5-4,0.0,0.0
LOC122539212,0.0,0.0
PROB1,0.0,0.0
EPHA1-AS1,0.0,0.0
LINC00954,0.0,0.0
LINC01128,0.0,0.0
PCMTD1-DT,0.0,0.0
PIK3IP1-DT,0.0,0.0
RPS13P2,0.0,0.0
RPS2P20,0.0,0.0
ZFAND2A-DT,0.0,0.0
HECW2-AS1,0.0,0.0
RABGEF1P1,0.0,0.0
ZNF688,0.0,0.0
ORM1,0.0,0.0
KRT8P12,0.0,0.0
MTCO2P12,0.0,0.0
HLA-DRB6,0.0,0.0
PATL2,0.0,0.0
MBNL1-AS1,0.0,0.0
RPL4P4,0.0,0.0
NAMPTP1,0.0,0.0
LOC105378305,0.0,0.0
LINC00852,0.0,0.0
CFAP58-DT,0.0,0.0
PET117,0.0,0.0
EEF1B2P3,0.0,0.0
RPL3P4,0.0,0.0
EEF1A1P3,0.0,0.0
HLA-DQB2,0.0,0.0
LINC01431,0.0,0.0
ITGA6-AS1,0.0,0.0
TNF,0.0,0.0
RPS2P32,0.0,0.0
SNHG15,0.0,0.0
MAP4K3-DT,0.0,0.0
CYP1B1-AS1,0.0,0.0
MIR3936HG,0.0,0.0
SNHG7,0.0,0.0
DPH5-DT,0.0,0.0
LOC100996842,0.0,0.0
LOC100506235,0.0,0.0
FAM238A,0.0,0.0
GPX1,0.0,0.0
MHENCR,0.0,0.0
AJM1,0.0,0.0
SMIM26,0.0,0.0
MTCYBP3,0.0,0.0
HLA-DPA1,0.0,0.0
LINC01750,0.0,0.0
RPS18,0.0,0.0
LINC01353,0.0,0.0
LINC00278,0.0,0.0
COA6-AS1,0.0,0.0
LINC02723,0.0,0.0
LINC-PINT,0.0,0.0
EMBP1,0.0,0.0
RPS27AP5,0.0,0.0
TRAF3IP2-AS1,0.0,0.0
TAPBP,0.0,0.0
LOC102724323,0.0,0.0
LRRC8C-DT,0.0,0.0
RFX3-DT,0.0,0.0
TMA7,0.0,0.0
RAP2C-AS1,0.0,0.0
LOC100996709,0.0,0.0
SNHG26,0.0,0.0
PELATON,0.0,0.0
RPL27P4,0.0,0.0
LINC02470,0.0,0.0
LINC01504,0.0,0.0
BOLA3-DT,0.0,0.0
NUTM2B-AS1,0.0,0.0
GBP1P1,0.0,0.0
LOC112268293,0.0,0.0
RPL35P5,0.0,0.0
ZNF469,0.0,0.0
MTND2P28,0.0,0.0
LOC124900513,0.0,0.0
SBDSP1,0.0,0.0
MCRIP1,0.0,0.0
LOC101927202,0.0,0.0
FGD5-AS1,0.0,0.0
MIAT,0.0,0.0
ERCC6,0.0,0.0
RUSC1-AS1,0.0,0.0
C3orf86P,0.0,0.0
HSPA7,0.0,0.0
RPS8P1,0.0,0.0
FNDC10,0.0,0.0
RPL32P1,0.0,0.0
LINC00539,0.0,0.0
ATXN1L,0.0,0.0
SMIM13,0.0,0.0
EIF4BP3,0.0,0.0
SVIL-AS1,0.0,0.0
RPS27AP16,0.0,0.0
IGHV3-74,0.0,0.0
LAMTOR5-AS1,0.0,0.0
LINC00853,0.0,0.0
LOC105376159,0.0,0.0
MRPL20-AS1,0.0,0.0
NDUFAF8,0.0,0.0
LINC00863,0.0,0.0
PRRT4,0.0,0.0
INE1,0.0,0.0
PSME2P2,0.0,0.0
PLEKHM1,0.0,0.0
LINC00092,0.0,0.0
NOL7,0.0,0.0
MTND1P23,0.0,0.0
ZNF567-DT,0.0,0.0
NACA4P,0.0,0.0
RBM26-AS1,0.0,0.0
TP73-AS1,0.0,0.0
LTB,0.0,0.0
SLC9A7P1,0.0,0.0
RPL3P2,0.0,0.0
POLR2J2,0.0,0.0
MTND1P11,0.0,0.0
RPS3P3,0.0,0.0
ATP8,0.0,0.0
CCT8P1,0.0,0.0
FAM174C,0.0,0.0
MIR646HG,0.0,0.0
LOC729296,0.0,0.0
ITPKB-IT1,0.0,0.0
CCT6P1,0.0,0.0
LOC107985688,0.0,0.0
SDAD1P1,0.0,0.0
OST4,0.0,0.0
PARG,0.0,0.0
TRGC2,0.0,0.0
WDR11-DT,0.0,0.0
LOC124902108,0.0,0.0
LINC01772,0.0,0.0
FTCDNL1,0.0,0.0
BAIAP2-DT,0.0,0.0
TMEM191A,0.0,0.0
SLC16A1-AS1,0.0,0.0
TRBV2,0.0,0.0
ENTPD1-AS1,0.0,0.0
LENG8-AS1,0.0,0.0
FAM30A,0.0,0.0
LINC02611,0.0,0.0
LOC100996437,0.0,0.0
DANCR,0.0,0.0
LTA,0.0,0.0
SLC8A1-AS1,0.0,0.0
ITGB2-AS1,0.0,0.0
WDR46,0.0,0.0
ZNF717,0.0,0.0
LAT,0.0,0.0
ADAT3,0.0,0.0
LBH,0.0,0.0
TCTN1,0.0,0.0
ZFP57,0.0,0.0
AKT1S1,0.0,0.0
GABBR1,0.0,0.0
SPDYC,0.0,0.0
TRIM27,0.0,0.0
ODAD4,0.0,0.0
MROH6,0.0,0.0
ATXN2,0.0,0.0
FAM216A,0.0,0.0
HLA-G,0.0,0.0
ZBTB48,0.0,0.0
NAT8B,0.0,0.0
UQCC3,0.0,0.0
FBXO48,0.0,0.0
CD177,0.0,0.0
ZNF783,0.0,0.0
TRIM13,0.0,0.0
PKHD1L1,0.0,0.0
HLA-F,0.0,0.0
RACK1,0.0,0.0
NFKBIL1,0.0,0.0
LOC102725035,0.0,0.0
ZNF551,0.0,0.0
MICA,0.0,0.0
ZNF805,0.0,0.0
HLA-C,0.0,0.0
DHX16,0.0,0.0
MRPS18B,0.0,0.0
ABCF1,0.0,0.0
PRR3,0.0,0.0
LOC107987425,0.0,0.0
POLR1HASP,0.0,0.0
DDR1,0.0,0.0
GNL1,0.0,0.0
HLA-E,0.0,0.0
TRIM39,0.0,0.0
ZNF468,0.0,0.0
ZNF616,0.0,0.0
TRIM10,0.0,0.0
PPP1R11,0.0,0.0
SLFN12L,0.0,0.0
SLC35B4,0.0,0.0
SYCE1L,0.0,0.0
ETFRF1,0.0,0.0
CHKB-DT,0.0,0.0
SMN2,0.0,0.0
DENND6B,0.0,0.0
EIF3CL,0.0,0.0
LCMT1,0.0,0.0
MFSD2B,0.0,0.0
CDPF1,0.0,0.0
LIN52,0.0,0.0
C17orf107,0.0,0.0
GARIN1A,0.0,0.0
ITPRIPL2,0.0,0.0
DENND1C,0.0,0.0
PKD1P4,0.0,0.0
CRYZL1,0.0,0.0
RP9P,0.0,0.0
ARRDC5,0.0,0.0
KLRC2,0.0,0.0
CLEC6A,0.0,0.0
TMEM256,0.0,0.0
TMSB4X,0.0,0.0
NAP1L4,0.0,0.0
LINC03009,0.0,0.0
TRIQK,0.0,0.0
SDHAF1,0.0,0.0
PSENEN,0.0,0.0
ZBTB10,0.0,0.0
PSMB10,0.0,0.0
SPDYE2,0.0,0.0
E2F4,0.0,0.0
PDE7A,0.0,0.0
TMEM170B,0.0,0.0
SNX2,0.0,0.0
NT5M,0.0,0.0
ADGRG1,0.0,0.0
IPO7,0.0,0.0
PRR13,0.0,0.0
TECPR1,0.0,0.0
SAMD9,0.0,0.0
CCDC85C,0.0,0.0
ZNF814,0.0,0.0
LST1,0.0,0.0
NDUFS3,0.0,0.0
SYS1,0.0,0.0
GDI1,0.0,0.0
PCMTD2,0.0,0.0
RTL8A,0.0,0.0
ARRDC1-AS1,0.0,0.0
LINC01270,0.0,0.0
LCN8,0.0,0.0
IFIT1B,0.0,0.0
LIPN,0.0,0.0
TRAF3IP1,0.0,0.0
H2BC18,0.0,0.0
GIGYF2,0.0,0.0
RUFY2,0.0,0.0
PHACTR4,0.0,0.0
TIMM23B,0.0,0.0
ZDHHC18,0.0,0.0
TMEM273,0.0,0.0
BMS1P1,0.0,0.0
MACO1,0.0,0.0
SNHG5,0.0,0.0
CCDC162P,0.0,0.0
NCR3,0.0,0.0
RNU4-1,0.0,0.0
NAGA,0.0,0.0
SMG5,0.0,0.0
KIFBP,0.0,0.0
ARMCX6,0.0,0.0
PJA2,0.0,0.0
SGMS1,0.0,0.0
RNU5F-1,0.0,0.0
SNORA1B,0.0,0.0
RN7SKP80,0.0,0.0
FCGR3A,0.0,0.0
RNU4-2,0.0,0.0
ZNF525,0.0,0.0
INF2,0.0,0.0
COX20,0.0,0.0
CHML,0.0,0.0
TATDN3,0.0,0.0
CR1,0.0,0.0
PRDX6-AS1,0.0,0.0
DAXX,0.0,0.0
SMIM40,0.0,0.0
BMPR2,0.0,0.0
MPIG6B,0.0,0.0
SNHG32,0.0,0.0
HSPA1A,0.0,0.0
HSPA1L,0.0,0.0
LSM2,0.0,0.0
VARS1,0.0,0.0
VWA7,0.0,0.0
CARD16,0.0,0.0
MBD5,0.0,0.0
LY6G6F,0.0,0.0
PFDN6,0.0,0.0
ABHD16A,0.0,0.0
LY6G5C,0.0,0.0
CSNK2B,0.0,0.0
GPANK1,0.0,0.0
C6orf47,0.0,0.0
APOM,0.0,0.0
BAG6,0.0,0.0
PRRC2A,0.0,0.0
EHMT2,0.0,0.0
SDHD,0.0,0.0
NELFE,0.0,0.0
SKIC2,0.0,0.0
RING1,0.0,0.0
HSD17B8,0.0,0.0
RXRB,0.0,0.0
OXLD1,0.0,0.0
HLA-DOA,0.0,0.0
BRD2,0.0,0.0
PSMB8,0.0,0.0
TAP2,0.0,0.0
SPIN3,0.0,0.0
HLA-DRA,0.0,0.0
PBX2,0.0,0.0
AGER,0.0,0.0
RNF5,0.0,0.0
AGPAT1,0.0,0.0
FKBPL,0.0,0.0
SMIM5,0.0,0.0
DXO,0.0,0.0
RPS3AP47,0.0,0.0
ZNF316,0.0,0.0
DNAJC19,0.0,0.0
IGHV3-49,0.0,0.0
IGHV3-23,0.0,0.0
IGHV1-24,0.0,0.0
IGHV2-26,0.0,0.0
IGHV3-33,0.0,0.0
IGHV4-34,0.0,0.0
IGHV1-45,0.0,0.0
IGHV1-46,0.0,0.0
IGHV3-48,0.0,0.0
IGHV5-51,0.0,0.0
IGHV3-20,0.0,0.0
IGHV3-53,0.0,0.0
IGHV1-58,0.0,0.0
IGHV4-61,0.0,0.0
IGHV3-66,0.0,0.0
IGHV1-69,0.0,0.0
SNORD17,0.0,0.0
SNORA74B,0.0,0.0
SNORA12,0.0,0.0
IGHV3-21,0.0,0.0
IGHV1-18,0.0,0.0
JPT2,0.0,0.0
IGHG1,0.0,0.0
TRAV23DV6,0.0,0.0
TRAV27,0.0,0.0
TRAV29DV5,0.0,0.0
TRDV2,0.0,0.0
TRDJ1,0.0,0.0
IGHE,0.0,0.0
IGHG2,0.0,0.0
IGHA1,0.0,0.0
IGHG3,0.0,0.0
IGHV3-15,0.0,0.0
IGHD,0.0,0.0
IGHM,0.0,0.0
IGHV1-2,0.0,0.0
IGHV1-3,0.0,0.0
IGHV2-5,0.0,0.0
IGHV3-7,0.0,0.0
IGHV3-11,0.0,0.0
IGHV3-13,0.0,0.0
RPL17P39,0.0,0.0
RTL8B,0.0,0.0
RPL15P3,0.0,0.0
RBMXL1,0.0,0.0
COG8,0.0,0.0
ARHGAP19,0.0,0.0
LCAT,0.0,0.0
RPS2P17,0.0,0.0
RPL18AP3,0.0,0.0
ERV3-1,0.0,0.0
SYNJ2BP,0.0,0.0
ARL2,0.0,0.0
SRA1,0.0,0.0
ND4L,0.0,0.0
DNAJC9,0.0,0.0
RPLP0P6,0.0,0.0
C8orf82,0.0,0.0
VDAC1,0.0,0.0
TMX2,0.0,0.0
RPL31P4,0.0,0.0
RPL11P3,0.0,0.0
HEXA,0.0,0.0
LINC00671,0.0,0.0
GSTM2,0.0,0.0
MXD3,0.0,0.0
CHUK,0.0,0.0
C2orf74-DT,0.0,0.0
ZNF580,0.0,0.0
ZNF611,0.0,0.0
NUP62,0.0,0.0
DENND1B,0.0,0.0
SFT2D2,0.0,0.0
CEP43,0.0,0.0
SCAF8,0.0,0.0
SCYL2P1,0.0,0.0
CRIP1,0.0,0.0
MLLT11,0.0,0.0
GIMAP1,0.0,0.0
EEF1B2P6,0.0,0.0
NRAS,0.0,0.0
RPS18P2,0.0,0.0
LTC4S,0.0,0.0
ANKRD39,0.0,0.0
TRAV21,0.0,0.0
TRAV20,0.0,0.0
TRAV17,0.0,0.0
IGLV1-47,0.0,0.0
IGKV5-2,0.0,0.0
IGKV6-21,0.0,0.0
IGKV3D-20,0.0,0.0
IGLV4-69,0.0,0.0
IGLV8-61,0.0,0.0
IGLV4-60,0.0,0.0
IGLV6-57,0.0,0.0
IGLV10-54,0.0,0.0
IGLV7-46,0.0,0.0
IGLV2-18,0.0,0.0
IGLV5-45,0.0,0.0
IGLV1-44,0.0,0.0
IGLV1-40,0.0,0.0
IGLV5-37,0.0,0.0
IGLV3-27,0.0,0.0
IGLV3-25,0.0,0.0
IGLV2-23,0.0,0.0
IGLV3-21,0.0,0.0
IGKC,0.0,0.0
SLC48A1,0.0,0.0
TSN,0.0,0.0
SACM1L,0.0,0.0
TMEM191C,0.0,0.0
HBA1,0.0,0.0
HBM,0.0,0.0
ATP10A,0.0,0.0
HCP5,0.0,0.0
RAB12,0.0,0.0
HLA-A,0.0,0.0
HACD2,0.0,0.0
CFAP44,0.0,0.0
ANKRD28,0.0,0.0
COLQ,0.0,0.0
METTL6,0.0,0.0
LOC124904627,0.0,0.0
RNVU1-15,0.0,0.0
MIR616,0.0,0.0
GPX3,0.0,0.0
STK38L,0.0,0.0
IGLV3-19,0.0,0.0
IGLV3-16,0.0,0.0
TRAV8-6,0.0,0.0
TRAV5,0.0,0.0
TRBC1,0.0,0.0
TRBV27,0.0,0.0
TRBV28,0.0,0.0
TRBJ2-2P,0.0,0.0
TRBJ2-3,0.0,0.0
TRBC2,0.0,0.0
TRAV2,0.0,0.0
TRAV3,0.0,0.0
TRAV6,0.0,0.0
IGLV3-12,0.0,0.0
TRAV12-1,0.0,0.0
TRAV8-2,0.0,0.0
TRAV8-3,0.0,0.0
TRAV13-1,0.0,0.0
TRAV12-2,0.0,0.0
TRAV8-4,0.0,0.0
TRAV13-2,0.0,0.0
TRAV9-2,0.0,0.0
TRBV24-1,0.0,0.0
TRBV23-1,0.0,0.0
TRBV20-1,0.0,0.0
TRBV4-2,0.0,0.0
IGLV2-11,0.0,0.0
IGLV3-10,0.0,0.0
IGLV3-9,0.0,0.0
IGLV4-3,0.0,0.0
IGLC7,0.0,0.0
TARP,0.0,0.0
TRGV9,0.0,0.0
TRGV5,0.0,0.0
TRBV6-1,0.0,0.0
TRBV4-1,0.0,0.0
TRBV7-3,0.0,0.0
TRBV9,0.0,0.0
TRBV6-5,0.0,0.0
TRBV6-6,0.0,0.0
TRBV5-5,0.0,0.0
TRBV7-6,0.0,0.0
TRBV5-1,0.0,0.0
TRGV2,0.0,0.0
CHRM3-AS2,0.0,0.0
GTF2IP4,0.0,0.0
CCPG1,0.0,0.0
MRC1,0.0,0.0
MT1L,0.0,0.0
LOC124903659,0.0,0.0
SNAI3-AS1,0.0,0.0
SLC7A5P1,0.0,0.0
MIR3677HG,0.0,0.0
ATXN7L3-AS1,0.0,0.0
CEROX1,0.0,0.0
LOC103344931,0.0,0.0
SNHG19,0.0,0.0
CAPN10-DT,0.0,0.0
USP7-AS1,0.0,0.0
EPPK1,0.0,0.0
ZNF865,0.0,0.0
PECAM1,0.0,0.0
TMEM202-AS1,0.0,0.0
LINC01003,0.0,0.0
SMG1P7,0.0,0.0
LOC105371414,0.0,0.0
LOC119746555,0.0,0.0
MC1R,0.0,0.0
UBE2Q2P13,0.0,0.0
KRT18P7,0.0,0.0
LINC02285,0.0,0.0
ITGB3,0.0,0.0
USP3-AS1,0.0,0.0
ZNF710-AS1,0.0,0.0
MTND5P32,0.0,0.0
ADNP-AS1,0.0,0.0
MRPL46,0.0,0.0
IQCH-AS1,0.0,0.0
CD2BP2-DT,0.0,0.0
LINC03034,0.0,0.0
SLC22A31,0.0,0.0
LYPD8,0.0,0.0
NORAD,0.0,0.0
MPHOSPH10P1,0.0,0.0
LOC105373383,0.0,0.0
MIR762HG,0.0,0.0
AFTPH-DT,0.0,0.0
GAN,0.0,0.0
H2BC20P,0.0,0.0
LOXL1-AS1,0.0,0.0
BAHCC1,0.0,0.0
TIMM23,0.0,0.0
RNF115,0.0,0.0
FCGR1CP,0.0,0.0
RARA-AS1,0.0,0.0
RPL17,0.0,0.0
TXNIP,0.0,0.0
ESRG,0.0,0.0
SRGAP2,0.0,0.0
RASSF5,0.0,0.0
LINC00662,0.0,0.0
STRADA,0.0,0.0
NBPF15,0.0,0.0
SNHG25,0.0,0.0
MRPS21,0.0,0.0
EIF1P5,0.0,0.0
MGC12916,0.0,0.0
MYO15B,0.0,0.0
LOC107984974,0.0,0.0
RBM8A,0.0,0.0
SP2-DT,0.0,0.0
MIR3198-1,0.0,0.0
OTUD7B,0.0,0.0
LOC730183,0.0,0.0
MRPL12,0.0,0.0
CCNQ,0.0,0.0
MYZAP,0.0,0.0
RPS7P1,0.0,0.0
SRSF8,0.0,0.0
IKBKE,0.0,0.0
UBBP4,0.0,0.0
LINC00667,0.0,0.0
MIF4GD-DT,0.0,0.0
LINC00672,0.0,0.0
EEF1DP7,0.0,0.0
NBPF11,0.0,0.0
RHEX,0.0,0.0
ZNF236-DT,0.0,0.0
NOTCH2NLA,0.0,0.0
DYNLL2,0.0,0.0
LOC102723604,0.0,0.0
LINC02289,0.0,0.0
IGKV2-29,0.0,0.0
POLR2M,0.0,0.0
EID3,0.0,0.0
TOLLIP-DT,0.0,0.0
LOC283194,0.0,0.0
GATD1-DT,0.0,0.0
EID1,0.0,0.0
HCAR3,0.0,0.0
EBLN2,0.0,0.0
DPP3-DT,0.0,0.0
FDXACB1,0.0,0.0
BRK1,0.0,0.0
MIR9-3HG,0.0,0.0
RAB44,0.0,0.0
IFNG-AS1,0.0,0.0
LINC02422,0.0,0.0
LOC105369725,0.0,0.0
PXN-AS1,0.0,0.0
LINC02446,0.0,0.0
CTSO,0.0,0.0
LOC124902718,0.0,0.0
BORCS8,0.0,0.0
BAZ1A-AS1,0.0,0.0
FLJ20021,0.0,0.0
IGHEP2,0.0,0.0
LYN,0.0,0.0
PINX1,0.0,0.0
NPIPB11,0.0,0.0
SIGLEC14,0.0,0.0
XNDC1N,0.0,0.0
AP5B1,0.0,0.0
SIGLEC12,0.0,0.0
DNAJB6P1,0.0,0.0
TMEM9B-AS1,0.0,0.0
CAPN1-AS1,0.0,0.0
PKD1P5,0.0,0.0
FPGT,0.0,0.0
SENCR,0.0,0.0
IGLL5,0.0,0.0
LIPT2-AS1,0.0,0.0
GVINP1,0.0,0.0
MPV17L2,0.0,0.0
COA8,0.0,0.0
TRAPPC2B,0.0,0.0
URB1-AS1,0.0,0.0
CUX1,0.0,0.0
RPAP3-DT,0.0,0.0
OVCH1-AS1,0.0,0.0
PSMA3-AS1,0.0,0.0
GIHCG,0.0,0.0
LBX2-AS1,0.0,0.0
INAFM1,0.0,0.0
CNPY2,0.0,0.0
PRANCR,0.0,0.0
P2RX5-TAX1BP3,0.0,0.0
ZNF432,0.0,0.0
MAP1LC3B2,0.0,0.0
CLEC5A,0.0,0.0
C17orf49,0.0,0.0
PDF,0.0,0.0
LINC00239,0.0,0.0
RPL21P7,0.0,0.0
AP1G2-AS1,0.0,0.0
ITPK1-AS1,0.0,0.0
CHURC1-FNTB,0.0,0.0
MGAM,0.0,0.0
ZNF271P,0.0,0.0
LINC01619,0.0,0.0
SMIM3,0.0,0.0
HMBS,0.0,0.0
ZNF225,0.0,0.0
RPL41P2,0.0,0.0
POLG2,0.0,0.0
SMIM10L1,0.0,0.0
TRAV1-2,0.0,0.0
LINC02361,0.0,0.0
LOC374443,0.0,0.0
ZNF350,0.0,0.0
ZNF253,0.0,0.0
PARP11-AS1,0.0,0.0
HP,0.0,0.0
DENND11,0.0,0.0
LSM14A,0.0,0.0
NHLRC4,0.0,0.0
GATC,0.0,0.0
ATP8B1-AS1,0.0,0.0
ZNF850,0.0,0.0
ASB16-AS1,0.0,0.0
TRBV15,0.0,0.0
H4C9,0.0,0.0
TADA2A,0.0,0.0
H2AC14,0.0,0.0
TRBV13,0.0,0.0
HERC2P2,0.0,0.0
TRBV18,0.0,0.0
DACH1,0.0,0.0
IGHV4-4,0.0,0.0
TRBV12-4,0.0,0.0
TUBGCP5,0.0,0.0
H4C5,0.0,0.0
GTF2IP1,0.0,0.0
H2AC8,0.0,0.0
LINC00869,0.0,0.0
LINC02591,0.0,0.0
TYW1B,0.0,0.0
H4C4,0.0,0.0
RN7SL473P,0.0,0.0
DUSP14,0.0,0.0
ARHGAP23,0.0,0.0
ILF3-DT,0.0,0.0
LOC102723407,0.0,0.0
IGHV2-70,0.0,0.0
PI4KAP1,0.0,0.0
H4C6,0.0,0.0
TRBV12-3,0.0,0.0
RN7SL600P,0.0,0.0
H2AC12,0.0,0.0
MLLT6,0.0,0.0
PPP4R3B,0.0,0.0
SYNRG,0.0,0.0
TRBV10-3,0.0,0.0
PRAG1,0.0,0.0
H3C11,0.0,0.0
FCGBP,0.0,0.0
LOC102724159,0.0,0.0
RNVU1-19,0.0,0.0
AATF,0.0,0.0
H2BC9,0.0,0.0
H3C1,0.0,0.0
RNVU1-4,0.0,0.0
RNVU1-20,0.0,0.0
CCL3,0.0,0.0
IGHV1-69-2,0.0,0.0
CCDC163,0.0,0.0
PAGR1,0.0,0.0
LINC00294,0.0,0.0
TRG-AS1,0.0,0.0
NPTN-IT1,0.0,0.0
ABALON,0.0,0.0
EBLN3P,0.0,0.0
RBM5-AS1,0.0,0.0
IGHV7-4-1,0.0,0.0
TRAC,0.0,0.0
PEG13,0.0,0.0
WASH5P,0.0,0.0
IGHV3-64D,0.0,0.0
FRG1CP,0.0,0.0
TRBV7-2,0.0,0.0
LOC729998,0.0,0.0
TRBV6-3,0.0,0.0
MIR1244-2,0.0,0.0
LOC102724200,0.0,0.0
IGHV1-69D,0.0,0.0
UCKL1-AS1,0.0,0.0
TBC1D22A-AS1,0.0,0.0
CISD3,0.0,0.0
DDX52,0.0,0.0
ZNF8,0.0,0.0
IGLV2-8,0.0,0.0
MYO19,0.0,0.0
DHRS11,0.0,0.0
ACACA,0.0,0.0
TMEM191B,0.0,0.0
H4C2,0.0,0.0
RN7SL3,0.0,0.0
H3C10,0.0,0.0
MRPL45,0.0,0.0
IGKV1D-12,0.0,0.0
HEIH,0.0,0.0
SND1-IT1,0.0,0.0
LINC01126,0.0,0.0
FLJ42393,0.0,0.0
MIR223HG,0.0,0.0
RCC1L,0.0,0.0
TBC1D3L,0.0,0.0
EGLN2,0.0,0.0
RAB11B-AS1,0.0,0.0
SPIB,0.0,0.0
PGLS-DT,0.0,0.0
TMEM185A,0.0,0.0
C10orf95-AS1,0.0,0.0
SLC25A53,0.0,0.0
KCNQ1OT1,0.0,0.0
LOC122539214,0.0,0.0
SNHG8,0.0,0.0
YTHDF3-DT,0.0,0.0
ATP6V0D1-DT,0.0,0.0
LINC01480,0.0,0.0
NCBP2AS2,0.0,0.0
GOLGA4-AS1,0.0,0.0
NBPF8,0.0,0.0
CAHM,0.0,0.0
IGHV3-30,0.0,0.0
NBPF14,0.0,0.0
ZNF587B,0.0,0.0
ZSCAN16-AS1,0.0,0.0
LINC00528,0.0,0.0
LOC112268269,0.0,0.0
FMNL1-DT,0.0,0.0
ADGRL1-AS1,0.0,0.0
ZNF790-AS1,0.0,0.0
CEBPA-DT,0.0,0.0
TAF5LP1,0.0,0.0
ZNF56P,0.0,0.0
CIRBP-AS1,0.0,0.0
MTCO2P2,0.0,0.0
ZNF224,0.0,0.0
LIN37,0.0,0.0
MZF1-AS1,0.0,0.0
CARD8-AS1,0.0,0.0
LOC105372321,0.0,0.0
MTDHP3,0.0,0.0
MIR4453HG,0.0,0.0
ZNF8-DT,0.0,0.0
ADGRE4P,0.0,0.0
TAF15,0.0,0.0
LPP-AS2,0.0,0.0
TBC1D3,0.0,0.0
H2BC8,0.0,0.0
LINC02035,0.0,0.0
CDC37L1-DT,0.0,0.0
NBPF26,0.0,0.0
LCDR,0.0,0.0
DGCR11,0.0,0.0
PAXIP1-DT,0.0,0.0
ZNHIT3,0.0,0.0
CYFIP1,0.0,0.0
NOL12,0.0,0.0
HERPUD2-AS1,0.0,0.0
RN7SL2,0.0,0.0
LINC01138,0.0,0.0
CASTOR2,0.0,0.0
NATD1,0.0,0.0
LOC124904621,0.0,0.0
SOCS7,0.0,0.0
H2BC6,0.0,0.0
NPEPPSP1,0.0,0.0
DCP1A,0.0,0.0
SAP30-DT,0.0,0.0
WDR5B-DT,0.0,0.0
LINC03006,0.0,0.0
LOC102724250,0.0,0.0
SRXN1,0.0,0.0
NBPF19,0.0,0.0
NBPF10,0.0,0.0
CCL5,0.0,0.0
LIX1L,0.0,0.0
MILR1,0.0,0.0
LINC01215,0.0,0.0
TAGAP-AS1,0.0,0.0
ILRUN-AS1,0.0,0.0
NUDT3,0.0,0.0
KMT2B,0.0,0.0
POM121C,0.0,0.0
LOC642361,0.0,0.0
DOC2B,0.0,0.0
KLHDC7B-DT,0.0,0.0
WASL-DT,0.0,0.0
ZNF260,0.0,0.0
LOC124900254,0.0,0.0
NKAPP1,0.0,0.0
IGKV2D-30,0.0,0.0
PAGE2B,0.0,0.0
SCARNA7,0.0,0.0
RPS2P47,0.0,0.0
RNF103,0.0,0.0
RBM14,0.0,0.0
ALKBH6,0.0,0.0
RPL21P97,0.0,0.0
CASTOR3P,0.0,0.0
TFAP2E-AS1,0.0,0.0
LOC105376805,0.0,0.0
NME1,0.0,0.0
TNFSF12,0.0,0.0
APOBEC3G,0.0,0.0
WBP1,0.0,0.0
IGKV1D-8,0.0,0.0
DEFA3,0.0,0.0
IGKV1-6,0.0,0.0
GET4,0.0,0.0
PAXBP1-AS1,0.0,0.0
LINC00426,0.0,0.0
C10orf143,0.0,0.0
PRKCQ-AS1,0.0,0.0
WAKMAR2,0.0,0.0
HLA-DQA2,0.0,0.0
RPL9P8,0.0,0.0
KIFC1,0.0,0.0
TRBV3-1,0.0,0.0
LINC00211,0.0,0.0
FAM21FP,0.0,0.0
LINC01238,0.0,0.0
LINC00649,0.0,0.0
LINC01410,0.0,0.0
MTCO1P12,0.0,0.0
PTENP1,0.0,0.0
PSME2P1,0.0,0.0
LNCATV,0.0,0.0
ZEB2-AS1,0.0,0.0
LRRC37A2,0.0,0.0
RPL9P7,0.0,0.0
GOLGA2P5,0.0,0.0
ADSL,0.0,0.0
RN7SL368P,0.0,0.0
IGKV3-20,0.0,0.0
ATP5MF,0.0,0.0
LINC00877,0.0,0.0
IGKV1D-16,0.0,0.0
CRCP,0.0,0.0
IGKV2-24,0.0,0.0
RPL36A,0.0,0.0
IGKV3-11,0.0,0.0
PDXP,0.0,0.0
CD302,0.0,0.0
ARPC4,0.0,0.0
LILRA4,0.0,0.0
TRBV11-2,0.0,0.0
IGKV1-9,0.0,0.0
CBLL1-AS1,0.0,0.0
EOLA1-DT,0.0,0.0
ATP5PO,0.0,0.0
PLEKHO2,0.0,0.0
C8orf58,0.0,0.0
PISD,0.0,0.0
NSUN6,0.0,0.0
TPM3P9,0.0,0.0
IGKV1-16,0.0,0.0
LINC03014,0.0,0.0
IGKV1D-33,0.0,0.0
LILRA2,0.0,0.0
LINC00888,0.0,0.0
AMY2B,0.0,0.0
LY6G5B,0.0,0.0
SMKR1,0.0,0.0
ZNF542P,0.0,0.0
RPS2P5,0.0,0.0
RPS8P8,0.0,0.0
IGKV1-17,0.0,0.0
FOXO3B,0.0,0.0
TNFRSF13B,0.0,0.0
AQP1,0.0,0.0
RPS6P25,0.0,0.0
IGKV1-8,0.0,0.0
ISY1,0.0,0.0
PEDS1,0.0,0.0
LINC01409,0.0,0.0
LINC01684,0.0,0.0
IGLV1-41,0.0,0.0
RPL23AP42,0.0,0.0
FAM133B,0.0,0.0
CCT6P3,0.0,0.0
MAPKAPK5-AS1,0.0,0.0
JRK,0.0,0.0
SDCBP2-AS1,0.0,0.0
NPIPB2,0.0,0.0
HLA-B,0.0,0.0
RPS3AP6,0.0,0.0
SNHG20,0.0,0.0
ZNF736,0.0,0.0
SHISA8,0.0,0.0
SEMA3F-AS1,0.0,0.0
BRD3OS,0.0,0.0
C12orf75,0.0,0.0
SMIM1,0.0,0.0
HGH1,0.0,0.0
PPP1R3E,0.0,0.0
ITGA9-AS1,0.0,0.0
RPL13AP20,0.0,0.0
ZNF37BP,0.0,0.0
LINC01637,0.0,0.0
RPS15P4,0.0,0.0
RPS2P8,0.0,0.0
EIF3FP3,0.0,0.0
STXBP5-AS1,0.0,0.0
LOC122526782,0.0,0.0
TMEM238,0.0,0.0
ZNF529-AS1,0.0,0.0
ZC3H12A-DT,0.0,0.0
CYP2T1P,0.0,0.0
BTG2-DT,0.0,0.0
ZNF232-AS1,0.0,0.0
H2BC15,0.0,0.0
LINC01503,0.0,0.0
RPS28,0.0,0.0
UQCRHL,0.0,0.0
RPL5P34,0.0,0.0
EIF2AK3-DT,0.0,0.0
TRIM26,0.0,0.0
RNASEH1-DT,0.0,0.0
MRPL53P1,0.0,0.0
LINC01278,0.0,0.0
SMIM27,0.0,0.0
LOC102723878,0.0,0.0
H3P36,0.0,0.0
RPL13AP5,0.0,0.0
ZNF853,0.0,0.0
MAP3K2-DT,0.0,0.0
RPL23AP5,0.0,0.0
CBR3-AS1,0.0,0.0
NIFK-AS1,0.0,0.0
MIR600HG,0.0,0.0
NDUFA6-DT,0.0,0.0
RPS26P31,0.0,0.0
RPS9P2,0.0,0.0
SMG1P1,0.0,0.0
TTN-AS1,0.0,0.0
LOC101927055,0.0,0.0
LINC03011,0.0,0.0
FOXD2-AS1,0.0,0.0
ZNF737,0.0,0.0
RGL2,0.0,0.0
SCAT8,0.0,0.0
SLFN14,0.0,0.0
ZBED5,0.0,0.0
CLEC2L,0.0,0.0
CASP4LP,0.0,0.0
RPS2P7,0.0,0.0
HIPK1-AS1,0.0,0.0
MSC-AS1,0.0,0.0
LINC00402,0.0,0.0
RPL6P27,0.0,0.0
NFAM1,0.0,0.0
LINC00494,0.0,0.0
EPM2A-DT,0.0,0.0
EOLA2-DT,0.0,0.0
DICER1-AS1,0.0,0.0
KIAA0040,0.0,0.0
B3GALT4,0.0,0.0
GSN-AS1,0.0,0.0
TTC28-AS1,0.0,0.0
ZBTB22,0.0,0.0
TMEM147-AS1,0.0,0.0
HYPK,0.0,0.0
RPS3AP49,0.0,0.0
IGKV1-33,0.0,0.0
LOC285638,0.0,0.0
MTATP6P1,0.0,0.0
DSTNP2,0.0,0.0
CCDC153,0.0,0.0
FMN1,0.0,0.0
HAUS5,0.0,0.0
MTND6P4,0.0,0.0
SLED1,0.0,0.0
NAIP,0.0,0.0
PCGF3-AS1,0.0,0.0
ABHD14A,0.0,0.0
LINC01259,0.0,0.0
KRT18P31,0.0,0.0
EEF1A1P19,0.0,0.0
PVT1,0.0,0.0
PDCD6,0.0,0.0
TRGV7,0.0,0.0
TMEM158,0.0,0.0
ESAM-AS1,0.0,0.0
LOC100289230,0.0,0.0
NAIPP3,0.0,0.0
SDHAP2,0.0,0.0
FAM13A-AS1,0.0,0.0
TWF2,0.0,0.0
MARS2,0.0,0.0
MTND4P12,0.0,0.0
STX18-AS1,0.0,0.0
PCED1B-AS1,0.0,0.0
TMEM161B-DT,0.0,0.0
SEC24B-AS1,0.0,0.0
LINC00926,0.0,0.0
UBA6-DT,0.0,0.0
DDX11L5,0.0,0.0
BCKDHA,0.0,0.0
INSL3,0.0,0.0
TRIM52-AS1,0.0,0.0
MEF2C-AS1,0.0,0.0
LUCAT1,0.0,0.0
CDK11B,0.0,0.0
TARM1,0.0,0.0
GASK1B-AS1,0.0,0.0
LOC107986412,0.0,0.0
PKD1P6,0.0,0.0
ZNF718,0.0,0.0
TRBV7-4,0.0,0.0
SCARNA5,0.0,0.0
SCARNA13,0.0,0.0
SCARNA21,0.0,0.0
RNU7-181P,0.0,0.0
LOC105375924,0.0,0.0
SHLD3,0.0,0.0
CCDC71L,0.0,0.0
TUG1,0.0,0.0
PCAT1,0.0,0.0
SMIM20,0.0,0.0
LOC105375751,0.0,0.0
EIF5AL1,0.0,0.0
MINCR,0.0,0.0
ATXN7L3B,0.0,0.0
PRKDC,0.0,0.0
LOC105377730,0.0,0.0
OTUD6B-AS1,0.0,0.0
UTP14C,0.0,0.0
SCARNA6,0.0,0.0
IGKV1D-39,0.0,0.0
RPL32P3,0.0,0.0
ZNF550,0.0,0.0
GYPB,0.0,0.0
CHCHD10,0.0,0.0
GPR162,0.0,0.0
ATP6V1E2,0.0,0.0
GLI4,0.0,0.0
NUDT16-DT,0.0,0.0
YPEL3-DT,0.0,0.0
LOC100419170,0.0,0.0
METTL21EP,0.0,0.0
GMDS-DT,0.0,0.0
GLUD1P3,0.0,0.0
SNHG21,0.0,0.0
IGKV2D-40,0.0,0.0
ZNF674,0.0,0.0
MIR3945HG,0.0,0.0
ZNF345,0.0,0.0
SYT9-AS1,0.0,0.0
CKMT2-AS1,0.0,0.0
MIR4458HG,0.0,0.0
DNAJC3-DT,0.0,0.0
RN7SL834P,0.0,0.0
LOC124909446,0.0,0.0
PRAF2,0.0,0.0
IGKV1-12,0.0,0.0
STMP1,0.0,0.0
KCTD7,0.0,0.0
EFNA4,0.0,0.0
IGKV1-5,0.0,0.0
IL10RB,0.0,0.0
DNAAF10,0.0,0.0
LINC01011,0.0,0.0
DUBR,0.0,0.0
HLA-L,0.0,0.0
RPS9P4,0.0,0.0
WDR86-AS1,0.0,0.0
MRPS6,0.0,0.0
ZNF512,0.0,0.0
RPL23AP65,0.0,0.0
FAM86DP,0.0,0.0
IGKV2D-29,0.0,0.0
IGKV2-30,0.0,0.0
TWF2-DT,0.0,0.0
RPL6P10,0.0,0.0
CRYZL2P,0.0,0.0
ARFGAP3,0.0,0.0
STAG3L5P,0.0,0.0
RPS18P5,0.0,0.0
IGKV1-39,0.0,0.0
EIF6,0.0,0.0
MRPL20,0.0,0.0
SERPINB10,0.0,0.0
HLA-DMB,0.0,0.0
DECR2,0.0,0.0
GNG10,0.0,0.0
AP5Z1,0.0,0.0
EIF4EBP3,0.0,0.0
ABCC13,0.0,0.0
MRPL33,0.0,0.0
MICAL3,0.0,0.0
RPL21P80,0.0,0.0
DDOST,0.0,0.0
TMEM199,0.0,0.0
ZCCHC3,0.0,0.0
LINC00968,0.0,0.0
LNCRNA-IUR,0.0,0.0
SCAMP1-AS1,0.0,0.0
FAM111A-DT,0.0,0.0
ZNF585B,0.0,0.0
SLC12A2-DT,0.0,0.0
MCPH1-DT,0.0,0.0
LINC01550,0.0,0.0
LACTB2-AS1,0.0,0.0
LINC02481,0.0,0.0
IGKV2-28,0.0,0.0
TNFRSF10A-DT,0.0,0.0
H2AJ,0.0,0.0
UBAP1L,0.0,0.0
SOCS2-AS1,0.0,0.0
SNHG10,0.0,0.0
LOC105379362,0.0,0.0
ANKRD42-DT,0.0,0.0
UBL7-DT,0.0,0.0
LOC100129203,0.0,0.0
NEAT1,0.0,0.0
SAP30L-AS1,0.0,0.0
GALNT7-DT,0.0,0.0
P2RY11,0.0,0.0
TMEM141,0.0,0.0
FOXP1-AS1,0.0,0.0
RPL7P23,0.0,0.0
RPL36AP37,0.0,0.0
RBM12,0.0,0.0
SCARF2,0.0,0.0
APOBEC3C,0.0,0.0
LOC155060,0.0,0.0
IGKV1-27,0.0,0.0
UBE2V1,0.0,0.0
RPL17P7,0.0,0.0
HBB,0.0,0.0
N4BP2L2,0.0,0.0
LINC00847,0.0,0.0
LINC00861,0.0,0.0
EEF1A1P4,0.0,0.0
LOC101928198,0.0,0.0
L3MBTL3,0.0,0.0
WDR25,0.0,0.0
RPSAP19,0.0,0.0
RABIF,0.0,0.0
SMDT1,0.0,0.0
RUVBL2,0.0,0.0
LINC01547,0.0,0.0
PTTG1IP,0.0,0.0
DDX41,0.0,0.0
DAZAP2,0.0,0.0
SELENOF,0.0,0.0
TMEM121B,0.0,0.0
PTGDR2,0.0,0.0
ZNF623,0.0,0.0
CCDC125,0.0,0.0
BCOR,0.0,0.0
JRKL,0.0,0.0
KIAA2026,0.0,0.0
FHL3,0.0,0.0
CCDC159,0.0,0.0
NPIPA1,0.0,0.0
CEP57L1,0.0,0.0
ARHGEF37,0.0,0.0
LCK,0.0,0.0
CNOT10,0.0,0.0
ADGRG3,0.0,0.0
RPL35A,0.0,0.0
ZNF721,0.0,0.0
C11orf54,0.0,0.0
CEP63,0.0,0.0
SRPRA,0.0,0.0
EWSR1,0.0,0.0
HMGN4,0.0,0.0
MTA1,0.0,0.0
GAS6,0.0,0.0
CADM1,0.0,0.0
PYCR1,0.0,0.0
AP2A2,0.0,0.0
SLC8A1,0.0,0.0
ABAT,0.0,0.0
CAMK1D,0.0,0.0
LYSMD4,0.0,0.0
AFMID,0.0,0.0
NPIPA2,0.0,0.0
SF3A3,0.0,0.0
PKD1P3,0.0,0.0
TRAIP,0.0,0.0
NOG,0.0,0.0
UPP1,0.0,0.0
TRIM52,0.0,0.0
LHFPL6,0.0,0.0
TBK1,0.0,0.0
CBX6,0.0,0.0
TBL3,0.0,0.0
KREMEN1,0.0,0.0
CHEK2,0.0,0.0
ASB7,0.0,0.0
AIFM3,0.0,0.0
ZNF703,0.0,0.0
CCR4,0.0,0.0
LIN9,0.0,0.0
BTBD9,0.0,0.0
NUDT14,0.0,0.0
PNMA3,0.0,0.0
TOB2,0.0,0.0
EFHC2,0.0,0.0
GUSBP1,0.0,0.0
TRMT12,0.0,0.0
KLHL25,0.0,0.0
MX2,0.0,0.0
EP400,0.0,0.0
PI4KAP2,0.0,0.0
TENT5C,0.0,0.0
COA5,0.0,0.0
UTP11,0.0,0.0
PSMG1,0.0,0.0
PCBP3,0.0,0.0
SETD3,0.0,0.0
TANGO2,0.0,0.0
SMG1P5,0.0,0.0
SFXN4,0.0,0.0
MRPL54,0.0,0.0
ZNF438,0.0,0.0
HMCES,0.0,0.0
CCR3,0.0,0.0
NDUFB1,0.0,0.0
RBM10,0.0,0.0
ALG12,0.0,0.0
TTC32,0.0,0.0
ZNF708,0.0,0.0
RTKN2,0.0,0.0
CHST15,0.0,0.0
TRPC2,0.0,0.0
TNRC18,0.0,0.0
DEXI,0.0,0.0
NOP10,0.0,0.0
FAM89A,0.0,0.0
TDRKH,0.0,0.0
ERCC6L2,0.0,0.0
MRPS11,0.0,0.0
MRPL41,0.0,0.0
CREB3L2,0.0,0.0
P2RY8,0.0,0.0
TP53TG1,0.0,0.0
UBA7,0.0,0.0
SHISAL2A,0.0,0.0
RAD51B,0.0,0.0
LDOC1,0.0,0.0
SNRPE,0.0,0.0
CCDC149,0.0,0.0
VMO1,0.0,0.0
TIGIT,0.0,0.0
MACIR,0.0,0.0
AMIGO1,0.0,0.0
COPG1,0.0,0.0
CELF2-AS1,0.0,0.0
LSM10,0.0,0.0
RELL1,0.0,0.0
RFX7,0.0,0.0
SLC35C1,0.0,0.0
RNF41,0.0,0.0
GINS3,0.0,0.0
CLDN7,0.0,0.0
ZNF329,0.0,0.0
ZNF101,0.0,0.0
C5orf24,0.0,0.0
LINC02724,0.0,0.0
ADO,0.0,0.0
COA4,0.0,0.0
PRKAG1,0.0,0.0
EXT1,0.0,0.0
SHMT2,0.0,0.0
MOB2,0.0,0.0
TTC3,0.0,0.0
MFSD5,0.0,0.0
SATB1,0.0,0.0
CSF1R,0.0,0.0
EPHB3,0.0,0.0
TRAK1,0.0,0.0
SKA2,0.0,0.0
NDN,0.0,0.0
RNF32-DT,0.0,0.0
BRICD5,0.0,0.0
ATP6AP2,0.0,0.0
ANXA2,0.0,0.0
SLC35D3,0.0,0.0
C1orf116,0.0,0.0
CRIP2,0.0,0.0
DDX28,0.0,0.0
ACBD3,0.0,0.0
HAPSTR1,0.0,0.0
RRP7BP,0.0,0.0
LIMK2,0.0,0.0
MXRA7,0.0,0.0
GLRX5,0.0,0.0
FES,0.0,0.0
BACE2,0.0,0.0
UBE2E2,0.0,0.0
AP1S2,0.0,0.0
C8orf33,0.0,0.0
SPACA6,0.0,0.0
ZSCAN22,0.0,0.0
KBTBD3,0.0,0.0
YBEY,0.0,0.0
CLN8,0.0,0.0
PGBD4,0.0,0.0
NPLOC4,0.0,0.0
TSHZ2,0.0,0.0
CAPN12,0.0,0.0
EXOC7,0.0,0.0
WASH6P,0.0,0.0
NCF1B,0.0,0.0
CEP97,0.0,0.0
UTY,0.0,0.0
HTR7P1,0.0,0.0
COX3,0.0,0.0
GAS2L1,0.0,0.0
ZNF74,0.0,0.0
KIAA0825,0.0,0.0
UBALD2,0.0,0.0
ZBTB37,0.0,0.0
CCDC137,0.0,0.0
ARL15,0.0,0.0
CDK10,0.0,0.0
TCN2,0.0,0.0
ATP6V0A2,0.0,0.0
GP1BA,0.0,0.0
TEDC1,0.0,0.0
RAD51D,0.0,0.0
SP140L,0.0,0.0
MRPL30,0.0,0.0
TARS3,0.0,0.0
SMYD3,0.0,0.0
METTL7A,0.0,0.0
IFNLR1,0.0,0.0
PRPF39,0.0,0.0
PRMT3,0.0,0.0
UBOX5,0.0,0.0
PURA,0.0,0.0
SEMA4B,0.0,0.0
CIB1,0.0,0.0
SLC24A3,0.0,0.0
INTS5,0.0,0.0
ADSS1,0.0,0.0
ANO9,0.0,0.0
FAM43A,0.0,0.0
HSF1,0.0,0.0
LRRC37B,0.0,0.0
TCEAL9,0.0,0.0
DDX51,0.0,0.0
LOC102723728,0.0,0.0
SIGIRR,0.0,0.0
NRBP2,0.0,0.0
PRSS57,0.0,0.0
TNFAIP2,0.0,0.0
ZNF445,0.0,0.0
PGBD2,0.0,0.0
TMEM179B,0.0,0.0
PARPBP,0.0,0.0
STAC3,0.0,0.0
PCYT2,0.0,0.0
ZNF696,0.0,0.0
ADAMTSL5,0.0,0.0
MORF4L1,0.0,0.0
WDR53,0.0,0.0
DMWD,0.0,0.0
SLC52A2,0.0,0.0
PIGP,0.0,0.0
IKZF1,0.0,0.0
GNB1L,0.0,0.0
SDHAP1,0.0,0.0
EVI2B,0.0,0.0
NPIPB4,0.0,0.0
ZNF829,0.0,0.0
THNSL1,0.0,0.0
LAMP1,0.0,0.0
FFAR3,0.0,0.0
POMK,0.0,0.0
C16orf54,0.0,0.0
YTHDF3,0.0,0.0
ANKFY1,0.0,0.0
DRG1,0.0,0.0
MYBL1,0.0,0.0
FAAP100,0.0,0.0
IRF7,0.0,0.0
L3MBTL1,0.0,0.0
BRCC3,0.0,0.0
LMNTD2,0.0,0.0
PDE6G,0.0,0.0
PRKG1,0.0,0.0
INKA1,0.0,0.0
PCGF3,0.0,0.0
LMLN,0.0,0.0
P4HB,0.0,0.0
PBX1,0.0,0.0
ZFP36L1,0.0,0.0
UBE2L3,0.0,0.0
BRWD1,0.0,0.0
SNAI3,0.0,0.0
EP400P1,0.0,0.0
BRF1,0.0,0.0
CA13,0.0,0.0
PRKX,0.0,0.0
TM2D3,0.0,0.0
IRAK1,0.0,0.0
CMSS1,0.0,0.0
OLIG1,0.0,0.0
PCDH9,0.0,0.0
ACOT1,0.0,0.0
OAF,0.0,0.0
H2AC20,0.0,0.0
POU6F1,0.0,0.0
TSSC4,0.0,0.0
C22orf46,0.0,0.0
TACSTD2,0.0,0.0
CLECL1P,0.0,0.0
CCSER1,0.0,0.0
ZDHHC23,0.0,0.0
RPL23AP7,0.0,0.0
RPL23AP82,0.0,0.0
H1-5,0.0,0.0
CSF1,0.0,0.0
SNRNP35,0.0,0.0
PGP,0.0,0.0
DGAT1,0.0,0.0
FAM120C,0.0,0.0
KMT5A,0.0,0.0
KCNH8,0.0,0.0
COA3,0.0,0.0
ST6GALNAC3,0.0,0.0
ACTG1,0.0,0.0
DIABLO,0.0,0.0
ADAP2,0.0,0.0
UQCR10,0.0,0.0
TREML3P,0.0,0.0
TSPYL2,0.0,0.0
EIF3C,0.0,0.0
CLDN5,0.0,0.0
LRRC51,0.0,0.0
NR2C2AP,0.0,0.0
CRELD2,0.0,0.0
SCFD2,0.0,0.0
BSDC1,0.0,0.0
PPP1R2,0.0,0.0
MAML2,0.0,0.0
SS18L1,0.0,0.0
COPB2,0.0,0.0
BTBD6,0.0,0.0
NDUFA12,0.0,0.0
DYNLT2,0.0,0.0
UBE2G2,0.0,0.0
OSBP2,0.0,0.0
TMED9,0.0,0.0
TMEM186,0.0,0.0
SDR42E1,0.0,0.0
RBM33,0.0,0.0
RBM43,0.0,0.0
THAP7,0.0,0.0
SUMO3,0.0,0.0
IMMP2L,0.0,0.0
FMNL1,0.0,0.0
ZFP90,0.0,0.0
NOC4L,0.0,0.0
NDUFA6,0.0,0.0
TMEM106A,0.0,0.0
SIVA1,0.0,0.0
ATL3,0.0,0.0
RNLS,0.0,0.0
EIF4ENIF1,0.0,0.0
H2BC21,0.0,0.0
KNTC1,0.0,0.0
CCR10,0.0,0.0
WDR27,0.0,0.0
TXNRD2,0.0,0.0
FOXO4,0.0,0.0
PTP4A3,0.0,0.0
TMEM255B,0.0,0.0
HDDC3,0.0,0.0
BEX5,0.0,0.0
DUSP8,0.0,0.0
LPAR5,0.0,0.0
STING1,0.0,0.0
PDE4B,0.0,0.0
NELL2,0.0,0.0
MED12,0.0,0.0
SEPTIN9,0.0,0.0
ZBTB40,0.0,0.0
DIPK2A,0.0,0.0
ZBTB20,0.0,0.0
PLAG1,0.0,0.0
BOLA1,0.0,0.0
ASB8,0.0,0.0
ODF3B,0.0,0.0
GPR150,0.0,0.0
LRRC75B,0.0,0.0
DMAP1,0.0,0.0
IMPDH2,0.0,0.0
ALS2CL,0.0,0.0
NDUFAF3,0.0,0.0
PDE4DIP,0.0,0.0
RIC8A,0.0,0.0
DDX10,0.0,0.0
NDUFV2,0.0,0.0
DALRD3,0.0,0.0
ZNF518B,0.0,0.0
ZNF366,0.0,0.0
LCORL,0.0,0.0
POGLUT3,0.0,0.0
PLEC,0.0,0.0
IMP3,0.0,0.0
RPS27,0.0,0.0
PNPLA2,0.0,0.0
ZNF518A,0.0,0.0
CRACR2B,0.0,0.0
CD151,0.0,0.0
POLR2L,0.0,0.0
FAM20C,0.0,0.0
ANXA2R,0.0,0.0
TMEM94,0.0,0.0
FLII,0.0,0.0
SOX12,0.0,0.0
TMEM187,0.0,0.0
BET1L,0.0,0.0
SVBP,0.0,0.0
AP3S1,0.0,0.0
GRB2,0.0,0.0
ZBTB41,0.0,0.0
UBE2N,0.0,0.0
ARL6IP6,0.0,0.0
ZNF354C,0.0,0.0
CENPBD1P,0.0,0.0
PRSS36,0.0,0.0
ZNF543,0.0,0.0
GALNT11,0.0,0.0
MSC,0.0,0.0
GP5,0.0,0.0
COX5A,0.0,0.0
ZHX2,0.0,0.0
CD300LB,0.0,0.0
MPI,0.0,0.0
ADORA2A-AS1,0.0,0.0
OPLAH,0.0,0.0
EFCAB13,0.0,0.0
APOLD1,0.0,0.0
TMPRSS9,0.0,0.0
DPY19L3,0.0,0.0
ZNF852,0.0,0.0
PFAS,0.0,0.0
ZNF552,0.0,0.0
GAK,0.0,0.0
ZBTB7A,0.0,0.0
TUFM,0.0,0.0
RMI1,0.0,0.0
GRINA,0.0,0.0
RPP25,0.0,0.0
DHFR2,0.0,0.0
KCTD12,0.0,0.0
TMEM11,0.0,0.0
ZNF354B,0.0,0.0
PLEKHM3,0.0,0.0
CEP295NL,0.0,0.0
NT5DC1,0.0,0.0
RPS3AP5,0.0,0.0
COX14,0.0,0.0
RPL10P16,0.0,0.0
P4HTM,0.0,0.0
DTX3,0.0,0.0
SLC25A20,0.0,0.0
CD28,0.0,0.0
EPM2AIP1,0.0,0.0
MAF,0.0,0.0
CTNNBIP1,0.0,0.0
GTPBP6,0.0,0.0
ERN1,0.0,0.0
AGTRAP,0.0,0.0
ACAD9,0.0,0.0
ZNF875,0.0,0.0
MTHFR,0.0,0.0
PXMP2,0.0,0.0
TCEANC,0.0,0.0
ANKLE2,0.0,0.0
GCNT4,0.0,0.0
THAP4,0.0,0.0
NFATC2IP,0.0,0.0
FAM89B,0.0,0.0
DPP7,0.0,0.0
DEAF1,0.0,0.0
METRNL,0.0,0.0
MTX3,0.0,0.0
TMEM80,0.0,0.0
FBXO46,0.0,0.0
SLC38A9,0.0,0.0
ACER2,0.0,0.0
WDR73,0.0,0.0
POLE,0.0,0.0
RHOG,0.0,0.0
WSB2,0.0,0.0
VSIG10,0.0,0.0
GBA1,0.0,0.0
RMDN1,0.0,0.0
SGF29,0.0,0.0
PLAAT3,0.0,0.0
GNG7,0.0,0.0
USF3,0.0,0.0
LOC100128398,0.0,0.0
KBTBD11,0.0,0.0
B3GNT5,0.0,0.0
LMNB2,0.0,0.0
MEX3C,0.0,0.0
LRRC37A3,0.0,0.0
MYO1D,0.0,0.0
LRRC37A,0.0,0.0
ACSF3,0.0,0.0
TTTY14,0.0,0.0
RBIS,0.0,0.0
CDK5R1,0.0,0.0
RUFY1,0.0,0.0
BASP1,0.0,0.0
EPS8L2,0.0,0.0
ANO6,0.0,0.0
ZBTB34,0.0,0.0
ZBTB33,0.0,0.0
TGIF1,0.0,0.0
NAP1L5,0.0,0.0
CD19,0.0,0.0
NR2C2,0.0,0.0
ACOT4,0.0,0.0
CAVIN1,0.0,0.0
ARIH2,0.0,0.0
RBM44,0.0,0.0
SLC25A22,0.0,0.0
FAM210A,0.0,0.0
ATOX1,0.0,0.0
TBL1XR1,0.0,0.0
SAMD12,0.0,0.0
CD163,0.0,0.0
C18orf32,0.0,0.0
PIDD1,0.0,0.0
RPLP2,0.0,0.0
JUN,0.0,0.0
PAWR,0.0,0.0
ZFAS1,0.0,0.0
SAMD9L,0.0,0.0
NINJ2-AS1,0.0,0.0
TALDO1,0.0,0.0
ULK1,0.0,0.0
RPS6KA3,0.0,0.0
B3GNT8,0.0,0.0
PUS1,0.0,0.0
CHD9,0.0,0.0
GATD1,0.0,0.0
MAN1B1,0.0,0.0
KCNA3,0.0,0.0
TOP3A,0.0,0.0
ZBTB38,0.0,0.0
BEND2,0.0,0.0
CCDC71,0.0,0.0
OVOS2,0.0,0.0
TIMM22,0.0,0.0
HIC1,0.0,0.0
MAGEF1,0.0,0.0
CTC1,0.0,0.0
FBXO34,0.0,0.0
SELENOW,0.0,0.0
ZFP3,0.0,0.0
PCGF5,0.0,0.0
YOD1,0.0,0.0
LINC02363,0.0,0.0
SMG1P3,0.0,0.0
GPR157,0.0,0.0
WDFY3-AS2,0.0,0.0
SLC36A4,0.0,0.0
ZDHHC20,0.0,0.0
PPA1,0.0,0.0
MB21D2,0.0,0.0
PSMG4,0.0,0.0
CXCR2,0.0,0.0
ZNF792,0.0,0.0
CUEDC1,0.0,0.0
SCRIB,0.0,0.0
CMTR2,0.0,0.0
ST20,0.0,0.0
PITPNB,0.0,0.0
ZNF594,0.0,0.0
H2AC6,0.0,0.0
EIF3K,0.0,0.0
ZNF609,0.0,0.0
ZNRF2,0.0,0.0
ZNF816,0.0,0.0
FGD6,0.0,0.0
PNPLA1,0.0,0.0
CCDC43,0.0,0.0
FZD2,0.0,0.0
TIGD2,0.0,0.0
MTURN,0.0,0.0
CCDC66,0.0,0.0
TSPYL5,0.0,0.0
HARBI1,0.0,0.0
C11orf71,0.0,0.0
ARHGAP45,0.0,0.0
ZNF571,0.0,0.0
MIGA1,0.0,0.0
KCNE1,0.0,0.0
NRIP1,0.0,0.0
BHLHA15,0.0,0.0
TCEAL8,0.0,0.0
LRRC57,0.0,0.0
MRPL14,0.0,0.0
ZBTB2,0.0,0.0
LRRC75A,0.0,0.0
DDX60L,0.0,0.0
WASHC1,0.0,0.0
AATK,0.0,0.0
ZNF467,0.0,0.0
ZNF678,0.0,0.0
TMEM45A,0.0,0.0
RAP2B,0.0,0.0
RNF135,0.0,0.0
BBS12,0.0,0.0
SGSH,0.0,0.0
FANCB,0.0,0.0
SETD2,0.0,0.0
MRPS23,0.0,0.0
P2RY13,0.0,0.0
ZFP41,0.0,0.0
PHLDA2,0.0,0.0
ATG9B,0.0,0.0
ZNF322,0.0,0.0
TMEM102,0.0,0.0
FRAT2,0.0,0.0
POLR2A,0.0,0.0
LSMEM1,0.0,0.0
NQO1,0.0,0.0
AEN,0.0,0.0
TRAPPC5,0.0,0.0
SLC25A42,0.0,0.0
FCRL6,0.0,0.0
METTL23,0.0,0.0
SLC26A11,0.0,0.0
HIGD1A,0.0,0.0
EHMT1,0.0,0.0
F2R,0.0,0.0
ZNF707,0.0,0.0
LOC101928160,0.0,0.0
NPM1,0.0,0.0
PJA1,0.0,0.0
DHTKD1,0.0,0.0
H2AC25,0.0,0.0
PRKRA,0.0,0.0
MYL11,0.0,0.0
TDRP,0.0,0.0
KLHL28,0.0,0.0
PTPN11,0.0,0.0
NSUN7,0.0,0.0
RAB39A,0.0,0.0
HLA-DQB1,0.0,0.0
GATA2,0.0,0.0
ARID3B,0.0,0.0
ELMOD2,0.0,0.0
LINC00174,0.0,0.0
ZBTB18,0.0,0.0
CDC42EP4,0.0,0.0
C14orf28,0.0,0.0
EIF3J-DT,0.0,0.0
SHARPIN,0.0,0.0
DNHD1,0.0,0.0
SLITRK4,0.0,0.0
CIITA,0.0,0.0
ZFPM1,0.0,0.0
ALOX15B,0.0,0.0
GADD45GIP1,0.0,0.0
LDLRAD3,0.0,0.0
MAGED1,0.0,0.0
CALR,0.0,0.0
MRFAP1L1,0.0,0.0
MRFAP1,0.0,0.0
C3orf38,0.0,0.0
TMEM107,0.0,0.0
RCC2,0.0,0.0
DPM3,0.0,0.0
C12orf42,0.0,0.0
CYC1,0.0,0.0
PER1,0.0,0.0
TMTC2,0.0,0.0
SPTY2D1,0.0,0.0
SAMD4B,0.0,0.0
GIMAP7,0.0,0.0
EDC3,0.0,0.0
TCAIM,0.0,0.0
FUCA1,0.0,0.0
ZNF664,0.0,0.0
PLD6,0.0,0.0
DGKZP1,0.0,0.0
FAHD1,0.0,0.0
SOCS4,0.0,0.0
GPBAR1,0.0,0.0
ZNF784,0.0,0.0
C14orf119,0.0,0.0
BBS10,0.0,0.0
PUF60,0.0,0.0
ZNF771,0.0,0.0
TSHZ1,0.0,0.0
PSTK,0.0,0.0
ZNF48,0.0,0.0
ZBTB42,0.0,0.0
TMEM150B,0.0,0.0
ANKRD18A,0.0,0.0
TMEM86B,0.0,0.0
SEPTIN1,0.0,0.0
TRNAU1AP,0.0,0.0
EXOC3,0.0,0.0
CSNK1A1L,0.0,0.0
MED14,0.0,0.0
SEPHS2,0.0,0.0
ITLN1,0.0,0.0
R3HDM2,0.0,0.0
ZNF154,0.0,0.0
LACC1,0.0,0.0
MAF1,0.0,0.0
FCER1A,0.0,0.0
PCED1B,0.0,0.0
SPEN-AS1,0.0,0.0
PCBP1-AS1,0.0,0.0
MYADM,0.0,0.0
MROH1,0.0,0.0
SERTAD2,0.0,0.0
PIK3CD-AS1,0.0,0.0
AKAP5,0.0,0.0
GIPC3,0.0,0.0
RNF227,0.0,0.0
CITED4,0.0,0.0
ABCA13,0.0,0.0
TIGD5,0.0,0.0
PDXDC1,0.0,0.0
KLHDC8B,0.0,0.0
PTCH1,0.0,0.0
ZNF267,0.0,0.0
SIPA1L1,0.0,0.0
SPN,0.0,0.0
ZNF628,0.0,0.0
ZNF665,0.0,0.0
RPF2,0.0,0.0
FAM177B,0.0,0.0
MIB2,0.0,0.0
MYO5A,0.0,0.0
ATG7,0.0,0.0
SSPOP,0.0,0.0
PDGFA,0.0,0.0
ELANE,0.0,0.0
RAB40C,0.0,0.0
PIGN,0.0,0.0
ZNF624,0.0,0.0
TOPORS,0.0,0.0
ENTPD6,0.0,0.0
FAR1,0.0,0.0
CPLANE1,0.0,0.0
GYPE,0.0,0.0
STMN3,0.0,0.0
GTF2E2,0.0,0.0
UAP1L1,0.0,0.0
KRBOX5,0.0,0.0
DDI2,0.0,0.0
SVIL,0.0,0.0
TRIM33,0.0,0.0
LRP10,0.0,0.0
PELI1,0.0,0.0
ZNF655,0.0,0.0
LYPD2,0.0,0.0
ZNF786,0.0,0.0
HNRNPAB,0.0,0.0
SLC22A5,0.0,0.0
ADARB1,0.0,0.0
HTT,0.0,0.0
C5AR1,0.0,0.0
VEPH1,0.0,0.0
IPP,0.0,0.0
MAP3K5,0.0,0.0
GSTK1,0.0,0.0
ZNF615,0.0,0.0
CDC42SE1,0.0,0.0
MPEG1,0.0,0.0
KIF13B,0.0,0.0
INKA2,0.0,0.0
ZNF44,0.0,0.0
GPAA1,0.0,0.0
SGTB,0.0,0.0
ZNF790,0.0,0.0
CYRIA,0.0,0.0
MDS2,0.0,0.0
NKIRAS1,0.0,0.0
ADH5,0.0,0.0
SERPINB2,0.0,0.0
H2BC12,0.0,0.0
SPG7,0.0,0.0
ZNF347,0.0,0.0
PLCG2,0.0,0.0
FCHSD1,0.0,0.0
ZNF71,0.0,0.0
S100A6,0.0,0.0
RPL12,0.0,0.0
H4C16,0.0,0.0
SLC9A8,0.0,0.0
ZNF461,0.0,0.0
FAM118B,0.0,0.0
DPP4,0.0,0.0
SPTAN1,0.0,0.0
NMB,0.0,0.0
KLHL14,0.0,0.0
RPE,0.0,0.0
CR1L,0.0,0.0
RPS26,0.0,0.0
PSAP,0.0,0.0
S100A10,0.0,0.0
CFD,0.0,0.0
MCMBP,0.0,0.0
EME2,0.0,0.0
KLHDC1,0.0,0.0
ZNF81,0.0,0.0
TAF13,0.0,0.0
ZNF780A,0.0,0.0
ATAD3A,0.0,0.0
FITM2,0.0,0.0
SERPINA1,0.0,0.0
ZNF502,0.0,0.0
KPNA5,0.0,0.0
STRN3,0.0,0.0
ZSCAN16,0.0,0.0
MVB12B,0.0,0.0
ADA,0.0,0.0
ARID5A,0.0,0.0
PPTC7,0.0,0.0
NHLRC2,0.0,0.0
ZFP28,0.0,0.0
ANKRD36B,0.0,0.0
MAML3,0.0,0.0
ARHGEF12,0.0,0.0
ZNF252P,0.0,0.0
FLNA,0.0,0.0
FAM3C,0.0,0.0
SLC39A10,0.0,0.0
CASP4,0.0,0.0
AP2A1,0.0,0.0
ZNF585A,0.0,0.0
H2AC11,0.0,0.0
TLE1,0.0,0.0
H4C11,0.0,0.0
PDXDC2P-NPIPB14P,0.0,0.0
TTC30B,0.0,0.0
TECPR2,0.0,0.0
TLR7,0.0,0.0
ZFP62,0.0,0.0
ERI2,0.0,0.0
TOMM7,0.0,0.0
TRPV1,0.0,0.0
ZNF33B,0.0,0.0
ZNF512B,0.0,0.0
CD47,0.0,0.0
AMZ2,0.0,0.0
ZNF431,0.0,0.0
NF1,0.0,0.0
VKORC1L1,0.0,0.0
GM2A,0.0,0.0
H2AC13,0.0,0.0
SNHG17,0.0,0.0
ZNF700,0.0,0.0
FUT11,0.0,0.0
WDR5B,0.0,0.0
WDR45,0.0,0.0
ZNF785,0.0,0.0
PGAP1,0.0,0.0
SRC,0.0,0.0
ZNF257,0.0,0.0
PCNX3,0.0,0.0
ACSL5,0.0,0.0
LRRC8B,0.0,0.0
ABCB8,0.0,0.0
SND1,0.0,0.0
SULT1A2,0.0,0.0
METTL9,0.0,0.0
PSMD12,0.0,0.0
ATP6AP1-DT,0.0,0.0
MIRLET7BHG,0.0,0.0
NOL4L,0.0,0.0
SLC22A4,0.0,0.0
ENTPD4,0.0,0.0
C1D,0.0,0.0
TBC1D9B,0.0,0.0
SLC25A29,0.0,0.0
ZGPAT,0.0,0.0
DYNC1H1,0.0,0.0
GAL3ST4,0.0,0.0
ZNF138,0.0,0.0
ZNF429,0.0,0.0
ZNF470,0.0,0.0
SERTAD1,0.0,0.0
ZNF100,0.0,0.0
ZNF398,0.0,0.0
ZSCAN25,0.0,0.0
ANXA6,0.0,0.0
ZNF441,0.0,0.0
SIGLEC15,0.0,0.0
ZNF420,0.0,0.0
ZMYM1,0.0,0.0
DTHD1,0.0,0.0
ZSCAN26,0.0,0.0
MAFG,0.0,0.0
ARRDC1,0.0,0.0
KIAA1671,0.0,0.0
DNM3,0.0,0.0
ZNF121,0.0,0.0
VPS13A,0.0,0.0
CNOT7,0.0,0.0
MTCO3P12,0.0,0.0
GPATCH3,0.0,0.0
RPL10A,0.0,0.0
ND2,0.0,0.0
RCSD1,0.0,0.0
FAM169A,0.0,0.0
ZNF830,0.0,0.0
ND5,0.0,0.0
TMEM184B,0.0,0.0
SMURF1,0.0,0.0
MTOR,0.0,0.0
SCAMP5,0.0,0.0
LRIG2,0.0,0.0
COX1,0.0,0.0
PNP,0.0,0.0
GK,0.0,0.0
FOXJ3,0.0,0.0
SFT2D1,0.0,0.0
SLC5A3,0.0,0.0
ZNF652,0.0,0.0
MBP,0.0,0.0
IPO9,0.0,0.0
STK39,0.0,0.0
CALM1,0.0,0.0
SKIC3,0.0,0.0
TUSC1,0.0,0.0
PAPSS2,0.0,0.0
SLC9A6,0.0,0.0
EIF1AY,0.0,0.0
ND6,0.0,0.0
CEP290,0.0,0.0
MSRB1,0.0,0.0
COX2,0.0,0.0
GLMP,0.0,0.0
TOGARAM1,0.0,0.0
ECI2,0.0,0.0
CYTB,0.0,0.0
LDB1,0.0,0.0
CTR9,0.0,0.0
F5,0.0,0.0
CD247,0.0,0.0
CHAMP1,0.0,0.0
INPP5F,0.0,0.0
SPOUT1,0.0,0.0
SMC5,0.0,0.0
PRMT6,0.0,0.0
SHISA4,0.0,0.0
TOP1,0.0,0.0
MAP3K3,0.0,0.0
SREBF2,0.0,0.0
C1orf174,0.0,0.0
RASGEF1A,0.0,0.0
RPL39,0.0,0.0
SUCNR1,0.0,0.0
DZIP3,0.0,0.0
KIAA0753,0.0,0.0
DCLRE1A,0.0,0.0
ATG9A,0.0,0.0
NOS1AP,0.0,0.0
GPRASP1,0.0,0.0
MAGEE1,0.0,0.0
CCDC167,0.0,0.0
ND4,0.0,0.0
ITPRIPL1,0.0,0.0
SFMBT2,0.0,0.0
DCAF12,0.0,0.0
HMGN2,0.0,0.0
UBE2J1,0.0,0.0
OPA1,0.0,0.0
DENND4B,0.0,0.0
ZNF277,0.0,0.0
KTI12,0.0,0.0
SELENOT,0.0,0.0
CES1,0.0,0.0
CD3E,0.0,0.0
RUSC2,0.0,0.0
OSTC,0.0,0.0
R3HDM4,0.0,0.0
TSEN15,0.0,0.0
RUNDC1,0.0,0.0
CCDC152,0.0,0.0
GRK5,0.0,0.0
TYW1,0.0,0.0
KLHL9,0.0,0.0
MDM4,0.0,0.0
CCDC69,0.0,0.0
ZXDA,0.0,0.0
TMEM229B,0.0,0.0
ZNF770,0.0,0.0
MIER1,0.0,0.0
MAN1A2,0.0,0.0
SVIP,0.0,0.0
ZNF251,0.0,0.0
TFDP1,0.0,0.0
SZT2,0.0,0.0
CACNA1E,0.0,0.0
CARD11,0.0,0.0
QRICH1,0.0,0.0
CSF2RA,0.0,0.0
DDX42,0.0,0.0
RPL23A,0.0,0.0
STYX,0.0,0.0
UBL5,0.0,0.0
HELZ,0.0,0.0
TMEM116,0.0,0.0
HIBCH,0.0,0.0
ZNF248,0.0,0.0
ZNF649,0.0,0.0
SFI1,0.0,0.0
AKAP17A,0.0,0.0
C1orf122,0.0,0.0
SNHG12,0.0,0.0
NOL8,0.0,0.0
IRAK4,0.0,0.0
MRPL42,0.0,0.0
FCGR1BP,0.0,0.0
ZNF335,0.0,0.0
RPS4X,0.0,0.0
ZNF273,0.0,0.0
ZNF84,0.0,0.0
SIRPA,0.0,0.0
GRK6,0.0,0.0
PRIM1,0.0,0.0
MARCHF5,0.0,0.0
ZBTB14,0.0,0.0
CD2AP,0.0,0.0
UCKL1,0.0,0.0
ZNF485,0.0,0.0
BAZ1A,0.0,0.0
ZNF28,0.0,0.0
ANKRD35,0.0,0.0
YTHDF2,0.0,0.0
NBR2,0.0,0.0
HLA-DRB5,0.0,0.0
ATL1,0.0,0.0
ARMH1,0.0,0.0
ZNF43,0.0,0.0
GPN1,0.0,0.0
ZNF511,0.0,0.0
SDAD1,0.0,0.0
ZNF627,0.0,0.0
ZNF789,0.0,0.0
CTNND1,0.0,0.0
DDX39B,0.0,0.0
SH2D1B,0.0,0.0
NUDT16,0.0,0.0
TLK1,0.0,0.0
MMP17,0.0,0.0
ZNF808,0.0,0.0
SH3BGRL2,0.0,0.0
FLVCR1-DT,0.0,0.0
TPM2,0.0,0.0
ZKSCAN8,0.0,0.0
MYL4,0.0,0.0
ZNF813,0.0,0.0
PIM3,0.0,0.0
GET3,0.0,0.0
ASPH,0.0,0.0
WWP2,0.0,0.0
GFPT1,0.0,0.0
UVRAG,0.0,0.0
ZNF26,0.0,0.0
NTRK1,0.0,0.0
OGA,0.0,0.0
MT1F,0.0,0.0
TXNRD1,0.0,0.0
ZNF583,0.0,0.0
ZNF568,0.0,0.0
ZXDB,0.0,0.0
TRAPPC4,0.0,0.0
ZNF136,0.0,0.0
IRS2,0.0,0.0
B3GLCT,0.0,0.0
SIRT7,0.0,0.0
USP7,0.0,0.0
PLEKHN1,0.0,0.0
ZNF286A,0.0,0.0
ISG15,0.0,0.0
EXD3,0.0,0.0
LOC124903372,0.0,0.0
ZKSCAN4,0.0,0.0
TRPV2,0.0,0.0
PTMA,0.0,0.0
C2orf88,0.0,0.0
TMEM203,0.0,0.0
TCEA1,0.0,0.0
FANCA,0.0,0.0
SECISBP2,0.0,0.0
SEMA4D,0.0,0.0
DNAH17,0.0,0.0
MCRS1,0.0,0.0
HSPA14,0.0,0.0
FPR3,0.0,0.0
EMID1,0.0,0.0
CMC1,0.0,0.0
GPR141,0.0,0.0
TMEM216,0.0,0.0
RPS19BP1,0.0,0.0
PLCD1,0.0,0.0
ENTPD5,0.0,0.0
MITF,0.0,0.0
NAP1L1,0.0,0.0
LILRA5,0.0,0.0
RNF220,0.0,0.0
CHP1,0.0,0.0
SHTN1,0.0,0.0
ZNF546,0.0,0.0
MT1X,0.0,0.0
GCNT1,0.0,0.0
SESTD1,0.0,0.0
FNBP1,0.0,0.0
DYNC2H1,0.0,0.0
EPOR,0.0,0.0
FANCM,0.0,0.0
ZNF70,0.0,0.0
CARD9,0.0,0.0
NCR3LG1,0.0,0.0
MAPK12,0.0,0.0
AGRN,0.0,0.0
NHS,0.0,0.0
TMPPE,0.0,0.0
HEPACAM2,0.0,0.0
ZC3H6,0.0,0.0
LAMTOR4,0.0,0.0
PRKAR1B,0.0,0.0
DCUN1D3,0.0,0.0
PEAR1,0.0,0.0
POTEE,0.0,0.0
ZNF793,0.0,0.0
TUBB4B,0.0,0.0
AGAP4,0.0,0.0
COMMD6,0.0,0.0
RUFY4,0.0,0.0
ZNF383,0.0,0.0
HES4,0.0,0.0
GPR89B,0.0,0.0
SCGB1C1,0.0,0.0
ZFTA,0.0,0.0
TREML4,0.0,0.0
SOWAHD,0.0,0.0
ZFP69,0.0,0.0
TMEM220,0.0,0.0
H1-2,0.0,0.0
EIF4EBP1,0.0,0.0
CCDC157,0.0,0.0
TTC24,0.0,0.0
PABIR1,0.0,0.0
CLEC17A,0.0,0.0
ZFTRAF1,0.0,0.0
LOC84773-CYHR1,0.0,0.0
KLHL17,0.0,0.0
TPRG1,0.0,0.0
MORN2,0.0,0.0
RILPL1,0.0,0.0
ZNF490,0.0,0.0
ARL4C,0.0,0.0
RHD,0.0,0.0
KANK3,0.0,0.0
RABL6,0.0,0.0
ZNF17,0.0,0.0
SAPCD2,0.0,0.0
EDARADD,0.0,0.0
CYP4F12,0.0,0.0
MTARC1,0.0,0.0
BLOC1S4,0.0,0.0
ZNF749,0.0,0.0
MRTFB,0.0,0.0
BTLA,0.0,0.0
GPAT2,0.0,0.0
KIF18B,0.0,0.0
TOR3A,0.0,0.0
PPP1CC,0.0,0.0
ZNF555,0.0,0.0
NAP1L3,0.0,0.0
CA5BP1,0.0,0.0
PRELID2,0.0,0.0
ANKRD37,0.0,0.0
NUDT17,0.0,0.0
ZNRF1,0.0,0.0
POLR1D,0.0,0.0
PPARA,0.0,0.0
CD300LF,0.0,0.0
BICD2,0.0,0.0
SDHAP3,0.0,0.0
LRCH3,0.0,0.0
ZNF566,0.0,0.0
ZNF529,0.0,0.0
DLEU7,0.0,0.0
DLEU1-AS1,0.0,0.0
AIDA,0.0,0.0
GSAP,0.0,0.0
BCL9L,0.0,0.0
CYP2R1,0.0,0.0
ANKRD46,0.0,0.0
PIP5K1C,0.0,0.0
ZBTB6,0.0,0.0
C2orf76,0.0,0.0
POLR3C,0.0,0.0
CIDECP1,0.0,0.0
CENATAC,0.0,0.0
ZNF75D,0.0,0.0
CD300E,0.0,0.0
CCDC30,0.0,0.0
ZSCAN30,0.0,0.0
ZFP91,0.0,0.0
C17orf58,0.0,0.0
BCDIN3D,0.0,0.0
SPIN4,0.0,0.0
SPIN2B,0.0,0.0
HYAL3,0.0,0.0
CXCR3,0.0,0.0
ZNF397,0.0,0.0
LILRB4,0.0,0.0
NKRF,0.0,0.0
TNFRSF4,0.0,0.0
HEXIM1,0.0,0.0
TRABD2A,0.0,0.0
LOC105374836,0.0,0.0
POFUT2,0.0,0.0
TNFRSF18,0.0,0.0
ZDHHC17,0.0,0.0
ZNF395,0.0,0.0
PRR5,0.0,0.0
CARMIL3,0.0,0.0
PDE2A,0.0,0.0
ARAP1,0.0,0.0
GLDN,0.0,0.0
FCAR,0.0,0.0
KPNA4,0.0,0.0
ZNF197,0.0,0.0
ZNF660-ZNF197,0.0,0.0
RPS23,0.0,0.0
BTN3A2,0.0,0.0
INSIG1,0.0,0.0
TMEM222,0.0,0.0
ARHGAP30,0.0,0.0
SEPTIN10,0.0,0.0
CYP4F3,0.0,0.0
SMYD4,0.0,0.0
GPATCH8,0.0,0.0
NF2,0.0,0.0
UBE2H,0.0,0.0
KATNA1,0.0,0.0
ZNF669,0.0,0.0
PEAK3,0.0,0.0
PLSCR1,0.0,0.0
ZBTB44,0.0,0.0
SUPT5H,0.0,0.0
ZNF107,0.0,0.0
PPIA,0.0,0.0
ZNF493,0.0,0.0
SUPT3H,0.0,0.0
NIF3L1,0.0,0.0
MFSD14CP,0.0,0.0
POM121,0.0,0.0
GIMAP5,0.0,0.0
FAM217B,0.0,0.0
NLGN3,0.0,0.0
ZKSCAN7,0.0,0.0
CD55,0.0,0.0
ZNF565,0.0,0.0
NTNG2,0.0,0.0
WDR5,0.0,0.0
LONP1,0.0,0.0
SRGAP2B,0.0,0.0
LCOR,0.0,0.0
SRGAP3,0.0,0.0
C3orf62,0.0,0.0
PLEKHG4,0.0,0.0
IL1RAP,0.0,0.0
PAX5,0.0,0.0
ZNF699,0.0,0.0
HLA-DRB1,0.0,0.0
AKR1C3,0.0,0.0
SPATS2L,0.0,0.0
ZNF250,0.0,0.0
WDSUB1,0.0,0.0
KIF19,0.0,0.0
RYR1,0.0,0.0
ZNF681,0.0,0.0
STK40,0.0,0.0
TMEM63A,0.0,0.0
CTSE,0.0,0.0
SEMA4A,0.0,0.0
MPHOSPH8,0.0,0.0
RNF216P1,0.0,0.0
SIRPB2,0.0,0.0
FUT4,0.0,0.0
ASB13,0.0,0.0
ZNF34,0.0,0.0
HBG2,0.0,0.0
SLC6A9,0.0,0.0
AFAP1,0.0,0.0
NACA,0.0,0.0
MYO18A,0.0,0.0
BORCS6,0.0,0.0
MAN2A2,0.0,0.0
MME,0.0,0.0
SULF2,0.0,0.0
PLXNB2,0.0,0.0
PTPN1,0.0,0.0
XRCC2,0.0,0.0
MRTFA,0.0,0.0
HDAC2,0.0,0.0
ZNF782,0.0,0.0
POTEF,0.0,0.0
ZNF846,0.0,0.0
LOC100505555,0.0,0.0
SDHAF3,0.0,0.0
TPK1,0.0,0.0
TCEAL3,0.0,0.0
GDAP2,0.0,0.0
PRPF40A,0.0,0.0
EVL,0.0,0.0
EPHB4,0.0,0.0
ZNF765,0.0,0.0
ZNF124,0.0,0.0
XRCC6,0.0,0.0
C20orf204,0.0,0.0
PPP1R26,0.0,0.0
TSC22D2,0.0,0.0
NPIPB15,0.0,0.0
ZNF569,0.0,0.0
YRDC,0.0,0.0
PIK3R4,0.0,0.0
ZNF775,0.0,0.0
ZNF799,0.0,0.0
SIAH1,0.0,0.0
NCOR2,0.0,0.0
SULT1A1,0.0,0.0
BLOC1S2,0.0,0.0
ZFP92,0.0,0.0
HMGB1,0.0,0.0
ZDHHC9,0.0,0.0
SUMO2,0.0,0.0
RTL6,0.0,0.0
DPYD,0.0,0.0
PTAR1,0.0,0.0
CC2D2B,0.0,0.0
RHCE,0.0,0.0
PARVB,0.0,0.0
UROS,0.0,0.0
FAM221A,0.0,0.0
SLX4,0.0,0.0
TMEM120B,0.0,0.0
RBM34,0.0,0.0
NOXA1,0.0,0.0
BCL2L15,0.0,0.0
FZD9,0.0,0.0
ZNF548,0.0,0.0
MTF1,0.0,0.0
TMEM201,0.0,0.0
FAM72B,0.0,0.0
NPIPP1,0.0,0.0
NDOR1,0.0,0.0
RALGAPA2,0.0,0.0
ZNF559,0.0,0.0
SBK1,0.0,0.0
CIBAR1,0.0,0.0
FOCAD,0.0,0.0
ZP3,0.0,0.0
H3-5,0.0,0.0
SELL,0.0,0.0
CHM,0.0,0.0
BLOC1S5,0.0,0.0
CERKL,0.0,0.0
IER5L,0.0,0.0
H2AX,0.0,0.0
MIR3667HG,0.0,0.0
FAM83G,0.0,0.0
SRSF10,0.0,0.0
DUSP28,0.0,0.0
NBR1,0.0,0.0
CNR2,0.0,0.0
BEND4,0.0,0.0
C8orf76,0.0,0.0
TSPYL1,0.0,0.0
UBE2Q2P1,0.0,0.0
JPT1,0.0,0.0
ZNF527,0.0,0.0
ZNF33A,0.0,0.0
KRT77,0.0,0.0
ZNF600,0.0,0.0
MAOA,0.0,0.0
NUGGC,0.0,0.0
PNRC2,0.0,0.0
ZNF563,0.0,0.0
ZKSCAN3,0.0,0.0
RRP7A,0.0,0.0
LIN54,0.0,0.0
KAZN,0.0,0.0
SLC35E2B,0.0,0.0
RPS2P46,0.0,0.0
NEMP2,0.0,0.0
GSPT2,0.0,0.0
ANKRD34B,0.0,0.0
BLOC1S3,0.0,0.0
SF3B3,0.0,0.0
ARID2,0.0,0.0
MSL1,0.0,0.0
LOC400499,0.0,0.0
TRMT2B,0.0,0.0
HACD4,0.0,0.0
FAM120AOS,0.0,0.0
NOC2L,0.0,0.0
ZNF292,0.0,0.0
KCTD21,0.0,0.0
ADAT2,0.0,0.0
KIR2DL4,0.0,0.0
ZNF567,0.0,0.0
RNFT1,0.0,0.0
FAM111B,0.0,0.0
H1-0,0.0,0.0
LITAF,0.0,0.0
VSTM1,0.0,0.0
TMEM120A,0.0,0.0
UBE2F,0.0,0.0
TAF5,0.0,0.0
CCDC28B,0.0,0.0
IQCE,0.0,0.0
LOC101927446,0.0,0.0
CDK6,0.0,0.0
PMPCB,0.0,0.0
BET1,0.0,0.0
NAMPT,0.0,0.0
PIK3CG,0.0,0.0
PON2,0.0,0.0
HBP1,0.0,0.0
SP4,0.0,0.0
WDR91,0.0,0.0
CBLL1,0.0,0.0
MTPN,0.0,0.0
PALS2,0.0,0.0
OGDH,0.0,0.0
ADAP1,0.0,0.0
H2AZ2,0.0,0.0
CAV2,0.0,0.0
DNAJB6,0.0,0.0
LFNG,0.0,0.0
GTPBP10,0.0,0.0
AVL9,0.0,0.0
SMG9,0.0,0.0
FKBP8,0.0,0.0
ISYNA1,0.0,0.0
ELL,0.0,0.0
CRTC1,0.0,0.0
COPE,0.0,0.0
DDX49,0.0,0.0
ARMC6,0.0,0.0
USF2,0.0,0.0
KXD1,0.0,0.0
SUGP1,0.0,0.0
ETHE1,0.0,0.0
SCN1B,0.0,0.0
PBX4,0.0,0.0
ERF,0.0,0.0
GSK3A,0.0,0.0
ATP13A1,0.0,0.0
ZNF574,0.0,0.0
SIPA1L3,0.0,0.0
ZNF85,0.0,0.0
BRAT1,0.0,0.0
SSBP1,0.0,0.0
ARRDC2,0.0,0.0
HIBADH,0.0,0.0
MOSPD3,0.0,0.0
RBM28,0.0,0.0
USP42,0.0,0.0
AGFG2,0.0,0.0
LSM5,0.0,0.0
SERPINE1,0.0,0.0
AP1S1,0.0,0.0
C1GALT1,0.0,0.0
PLOD3,0.0,0.0
RPA3,0.0,0.0
ZNHIT1,0.0,0.0
PHF14,0.0,0.0
TMEM106B,0.0,0.0
CEP41,0.0,0.0
ZNF862,0.0,0.0
MEST,0.0,0.0
ANKMY2,0.0,0.0
ACTR3C,0.0,0.0
TSPAN13,0.0,0.0
TFR2,0.0,0.0
AIMP2,0.0,0.0
WASL,0.0,0.0
EPHB6,0.0,0.0
CPVL,0.0,0.0
CHN2,0.0,0.0
GRB10,0.0,0.0
ABHD11,0.0,0.0
FKBP14,0.0,0.0
STX1A,0.0,0.0
NOD1,0.0,0.0
GARS1,0.0,0.0
NSUN5P2,0.0,0.0
TAF6,0.0,0.0
CASP2,0.0,0.0
HSPB1,0.0,0.0
PDAP1,0.0,0.0
BUD31,0.0,0.0
PTCD1,0.0,0.0
ZKSCAN1,0.0,0.0
EIF3B,0.0,0.0
SNX8,0.0,0.0
RAB3A,0.0,0.0
RPL18A,0.0,0.0
CHCHD3,0.0,0.0
PIAS4,0.0,0.0
FAM32A,0.0,0.0
PPP6R1,0.0,0.0
MED26,0.0,0.0
RASAL3,0.0,0.0
AKAP8,0.0,0.0
ILVBL,0.0,0.0
ZNF419,0.0,0.0
POP4,0.0,0.0
CCNE1,0.0,0.0
URI1,0.0,0.0
PDCD5,0.0,0.0
ANKRD27,0.0,0.0
RPS16,0.0,0.0
TIMM50,0.0,0.0
DYRK1B,0.0,0.0
CLC,0.0,0.0
GPI,0.0,0.0
AKT2,0.0,0.0
PLD3,0.0,0.0
VRK3,0.0,0.0
TNNT1,0.0,0.0
ASF1B,0.0,0.0
TBC1D17,0.0,0.0
SF3A2,0.0,0.0
LYL1,0.0,0.0
OAZ1,0.0,0.0
TRMT1,0.0,0.0
STX10,0.0,0.0
RETN,0.0,0.0
FCER2,0.0,0.0
DMPK,0.0,0.0
YJU2B,0.0,0.0
IL27RA,0.0,0.0
PTOV1,0.0,0.0
TLE5,0.0,0.0
SGTA,0.0,0.0
KIR3DX1,0.0,0.0
LILRA1,0.0,0.0
C19orf53,0.0,0.0
TIMM44,0.0,0.0
CCDC61,0.0,0.0
PRX,0.0,0.0
NUMBL,0.0,0.0
JAK3,0.0,0.0
EBI3,0.0,0.0
MEGF8,0.0,0.0
KDELR1,0.0,0.0
GRWD1,0.0,0.0
CARD8,0.0,0.0
DBP,0.0,0.0
TMEM205,0.0,0.0
CAPS,0.0,0.0
PLPPR2,0.0,0.0
BCAT2,0.0,0.0
MIER2,0.0,0.0
PLEKHA4,0.0,0.0
TNPO2,0.0,0.0
GCDH,0.0,0.0
LILRB5,0.0,0.0
KLF1,0.0,0.0
DNASE2,0.0,0.0
LENG1,0.0,0.0
PRPF31,0.0,0.0
TFPT,0.0,0.0
CNFN,0.0,0.0
PTPRS,0.0,0.0
RABAC1,0.0,0.0
DMAC2,0.0,0.0
YJU2,0.0,0.0
TBCB,0.0,0.0
PRKD2,0.0,0.0
TJP3,0.0,0.0
CACTIN,0.0,0.0
CCDC9,0.0,0.0
BBC3,0.0,0.0
TGFB1,0.0,0.0
CEACAM4,0.0,0.0
NAPA,0.0,0.0
MRPL4,0.0,0.0
CD79A,0.0,0.0
RPS19,0.0,0.0
NOP53,0.0,0.0
ICAM5,0.0,0.0
ETFB,0.0,0.0
BABAM1,0.0,0.0
TYK2,0.0,0.0
AHR,0.0,0.0
PSMA2,0.0,0.0
DPH1,0.0,0.0
CDK5RAP3,0.0,0.0
NUFIP2,0.0,0.0
GIT1,0.0,0.0
RPL19,0.0,0.0
FBXL20,0.0,0.0
RUNDC3A,0.0,0.0
UBTF,0.0,0.0
PSMD3,0.0,0.0
RAPGEFL1,0.0,0.0
RGS9,0.0,0.0
RAD51C,0.0,0.0
SEPTIN4,0.0,0.0
MTMR4,0.0,0.0
P2RX1,0.0,0.0
DHX40,0.0,0.0
TUBD1,0.0,0.0
KPNB1,0.0,0.0
GOSR2,0.0,0.0
PNPO,0.0,0.0
RPS6KB1,0.0,0.0
KRT23,0.0,0.0
TBC1D12,0.0,0.0
TSPAN14,0.0,0.0
XPNPEP1,0.0,0.0
MTPAP,0.0,0.0
NEURL1,0.0,0.0
SH3PXD2A,0.0,0.0
PITRM1,0.0,0.0
STN1,0.0,0.0
MAP3K8,0.0,0.0
GLRX3,0.0,0.0
TASOR2,0.0,0.0
SHOC2,0.0,0.0
PBLD,0.0,0.0
TFAM,0.0,0.0
CCDC6,0.0,0.0
CUL2,0.0,0.0
CCNY,0.0,0.0
UBE2S,0.0,0.0
RPL28,0.0,0.0
ZMIZ1,0.0,0.0
PPIF,0.0,0.0
TRIM16L,0.0,0.0
CBX1,0.0,0.0
EDRF1,0.0,0.0
RECQL5,0.0,0.0
C17orf75,0.0,0.0
PSMD11,0.0,0.0
DHX58,0.0,0.0
KAT2A,0.0,0.0
RAB5C,0.0,0.0
MLX,0.0,0.0
CNTNAP1,0.0,0.0
ABI3,0.0,0.0
EZH1,0.0,0.0
PPP1R9B,0.0,0.0
MRPL27,0.0,0.0
VAT1,0.0,0.0
LRRC59,0.0,0.0
ALOX12,0.0,0.0
ABCC3,0.0,0.0
LUC7L3,0.0,0.0
SMURF2,0.0,0.0
EFTUD2,0.0,0.0
SLC16A6,0.0,0.0
B9D1,0.0,0.0
SYNGR2,0.0,0.0
ICAM2,0.0,0.0
RAI1,0.0,0.0
GALK1,0.0,0.0
INTS2,0.0,0.0
CAMTA2,0.0,0.0
MED13,0.0,0.0
ENO3,0.0,0.0
RNF167,0.0,0.0
SLC25A11,0.0,0.0
RASD1,0.0,0.0
NUP88,0.0,0.0
SMARCD2,0.0,0.0
C1QBP,0.0,0.0
SLC6A4,0.0,0.0
BLMH,0.0,0.0
CPD,0.0,0.0
GOSR1,0.0,0.0
CCDC47,0.0,0.0
DRG2,0.0,0.0
AKAP10,0.0,0.0
BCCIP,0.0,0.0
GTPBP4,0.0,0.0
MRPL32,0.0,0.0
RAPGEF1,0.0,0.0
C5,0.0,0.0
TLE4,0.0,0.0
PTGR1,0.0,0.0
SUSD1,0.0,0.0
TNFSF8,0.0,0.0
DNM1,0.0,0.0
ENG,0.0,0.0
AK1,0.0,0.0
CDC37L1,0.0,0.0
PLGRKT,0.0,0.0
TBC1D13,0.0,0.0
RIC1,0.0,0.0
KDM4C,0.0,0.0
DOCK8,0.0,0.0
KANK1,0.0,0.0
TESK1,0.0,0.0
FUBP3,0.0,0.0
RIGI,0.0,0.0
EDF1,0.0,0.0
SEC61B,0.0,0.0
CORO2A,0.0,0.0
MEGF9,0.0,0.0
POLD2,0.0,0.0
COA1,0.0,0.0
BLVRA,0.0,0.0
URGCP,0.0,0.0
TMEM248,0.0,0.0
STAG3L4,0.0,0.0
LINC01372,0.0,0.0
RHEB,0.0,0.0
PRKAG2,0.0,0.0
BCL7B,0.0,0.0
PRUNE2,0.0,0.0
TBL2,0.0,0.0
CLIP2,0.0,0.0
EIF4H,0.0,0.0
LIMK1,0.0,0.0
FKTN,0.0,0.0
CNTNAP3,0.0,0.0
SPIN1,0.0,0.0
NMRK1,0.0,0.0
PIP5K1B,0.0,0.0
NPDC1,0.0,0.0
LARP4B,0.0,0.0
SETX,0.0,0.0
CDH23,0.0,0.0
VSIR,0.0,0.0
SPOCK2,0.0,0.0
MICU1,0.0,0.0
CCSER2,0.0,0.0
BMPR1A,0.0,0.0
ACTA2,0.0,0.0
LIPA,0.0,0.0
TWNK,0.0,0.0
LZTS2,0.0,0.0
FBXW4,0.0,0.0
NPM3,0.0,0.0
TNKS2,0.0,0.0
GBF1,0.0,0.0
ARHGAP21,0.0,0.0
FBXL15,0.0,0.0
CUEDC2,0.0,0.0
ANKRD26,0.0,0.0
LHPP,0.0,0.0
PALD1,0.0,0.0
PLEKHA1,0.0,0.0
NSMCE4A,0.0,0.0
PHYH,0.0,0.0
PTGDS,0.0,0.0
UBE2R2,0.0,0.0
ABHD17B,0.0,0.0
ZFAND5,0.0,0.0
DVL1,0.0,0.0
PDLIM1,0.0,0.0
GATA3,0.0,0.0
HPS1,0.0,0.0
RASSF4,0.0,0.0
ATE1,0.0,0.0
RAB11FIP2,0.0,0.0
ERLIN1,0.0,0.0
EIF3A,0.0,0.0
CUBN,0.0,0.0
TRDMT1,0.0,0.0
DDX50,0.0,0.0
MAPK8,0.0,0.0
SEC23IP,0.0,0.0
CD37,0.0,0.0
KLC3,0.0,0.0
PLEKHJ1,0.0,0.0
AMMECR1,0.0,0.0
RNMT,0.0,0.0
SMAD7,0.0,0.0
RNF125,0.0,0.0
ANKRD12,0.0,0.0
POLI,0.0,0.0
MIB1,0.0,0.0
RIOK3,0.0,0.0
VSIG1,0.0,0.0
PSMD10,0.0,0.0
ATG4A,0.0,0.0
STS,0.0,0.0
TBL1X,0.0,0.0
PGRMC1,0.0,0.0
POLA1,0.0,0.0
NKAP,0.0,0.0
NXT2,0.0,0.0
ALG13,0.0,0.0
PRPS2,0.0,0.0
TLR8,0.0,0.0
CEP192,0.0,0.0
CEP76,0.0,0.0
MYL12A,0.0,0.0
MAP1LC3A,0.0,0.0
RPRD1B,0.0,0.0
CHMP4B,0.0,0.0
BPI,0.0,0.0
CST3,0.0,0.0
ACTR5,0.0,0.0
AHCY,0.0,0.0
FAM83D,0.0,0.0
DHX35,0.0,0.0
PIGU,0.0,0.0
MYOM1,0.0,0.0
TNNC2,0.0,0.0
ACOT8,0.0,0.0
APMAP,0.0,0.0
ADNP2,0.0,0.0
USP14,0.0,0.0
VAPA,0.0,0.0
METTL4,0.0,0.0
SMCHD1,0.0,0.0
MOSPD1,0.0,0.0
WDR13,0.0,0.0
TTI1,0.0,0.0
SUV39H1,0.0,0.0
EEA1,0.0,0.0
RP2,0.0,0.0
CDK16,0.0,0.0
USP11,0.0,0.0
CD40LG,0.0,0.0
FGD1,0.0,0.0
PIN4,0.0,0.0
PORCN,0.0,0.0
MAGED2,0.0,0.0
RBM3,0.0,0.0
KLF8,0.0,0.0
GLA,0.0,0.0
ARMCX3,0.0,0.0
BEX4,0.0,0.0
NDFIP2,0.0,0.0
TNFSF13B,0.0,0.0
FNDC3A,0.0,0.0
CDADC1,0.0,0.0
CAB39L,0.0,0.0
CD99L2,0.0,0.0
UBL4A,0.0,0.0
SMS,0.0,0.0
RBBP7,0.0,0.0
XIAP,0.0,0.0
STAG2,0.0,0.0
ATP11C,0.0,0.0
ABCD1,0.0,0.0
CCDC22,0.0,0.0
BMX,0.0,0.0
NAA10,0.0,0.0
RENBP,0.0,0.0
KCND1,0.0,0.0
MAGT1,0.0,0.0
SLC25A14,0.0,0.0
FMR1,0.0,0.0
SLC35A2,0.0,0.0
PQBP1,0.0,0.0
PCSK1N,0.0,0.0
TAFAZZIN,0.0,0.0
PGK1,0.0,0.0
GATA1,0.0,0.0
E2F1,0.0,0.0
SNTA1,0.0,0.0
DOT1L,0.0,0.0
GSS,0.0,0.0
CCNB1IP1,0.0,0.0
TRIP11,0.0,0.0
APEX1,0.0,0.0
PABPN1,0.0,0.0
ARHGAP5,0.0,0.0
CINP,0.0,0.0
SRP54,0.0,0.0
CHD8,0.0,0.0
PCK2,0.0,0.0
PRORP,0.0,0.0
PSMA6,0.0,0.0
PSME2,0.0,0.0
BRMS1L,0.0,0.0
TM9SF1,0.0,0.0
SEC23A,0.0,0.0
GMPR2,0.0,0.0
PNN,0.0,0.0
RABGGTA,0.0,0.0
PLTP,0.0,0.0
ACIN1,0.0,0.0
YY1,0.0,0.0
PSMB5,0.0,0.0
EIF5,0.0,0.0
RIN3,0.0,0.0
LGMN,0.0,0.0
ALKBH1,0.0,0.0
SNW1,0.0,0.0
DHRS7,0.0,0.0
ASB2,0.0,0.0
ERH,0.0,0.0
SUSD6,0.0,0.0
SLC8A3,0.0,0.0
C14orf93,0.0,0.0
DICER1,0.0,0.0
MTHFD1,0.0,0.0
TCL1A,0.0,0.0
ZC3H14,0.0,0.0
TELO2,0.0,0.0
GSKIP,0.0,0.0
VRK1,0.0,0.0
RPS6KA5,0.0,0.0
PCIF1,0.0,0.0
TRPC4AP,0.0,0.0
MANBAL,0.0,0.0
ABHD12,0.0,0.0
GID8,0.0,0.0
SLC17A9,0.0,0.0
ARFGAP1,0.0,0.0
PTK6,0.0,0.0
GMEB2,0.0,0.0
CDC25B,0.0,0.0
RNF24,0.0,0.0
ARFRP1,0.0,0.0
TRIB3,0.0,0.0
RASSF2,0.0,0.0
CSNK2A1,0.0,0.0
HM13,0.0,0.0
SIRPB1,0.0,0.0
SEC23B,0.0,0.0
CRNKL1,0.0,0.0
POFUT1,0.0,0.0
SAMHD1,0.0,0.0
KIF3B,0.0,0.0
NOP56,0.0,0.0
DIDO1,0.0,0.0
TCFL5,0.0,0.0
MRGBP,0.0,0.0
ADNP,0.0,0.0
GINS1,0.0,0.0
ZMYND8,0.0,0.0
IFT52,0.0,0.0
SLA2,0.0,0.0
RAB5IF,0.0,0.0
NFATC2,0.0,0.0
PABPC1L,0.0,0.0
STK4,0.0,0.0
PFDN4,0.0,0.0
PSMA7,0.0,0.0
CSTF1,0.0,0.0
RAE1,0.0,0.0
TPD52L2,0.0,0.0
NELFCD,0.0,0.0
PRPF6,0.0,0.0
TUBB1,0.0,0.0
PRELID3B,0.0,0.0
MTG2,0.0,0.0
KLF5,0.0,0.0
ACP5,0.0,0.0
UGGT2,0.0,0.0
IKBKB,0.0,0.0
ATP8B4,0.0,0.0
DTWD1,0.0,0.0
DMXL2,0.0,0.0
DNAJC17,0.0,0.0
SPG11,0.0,0.0
VPS18,0.0,0.0
SLC30A4,0.0,0.0
BLOC1S6,0.0,0.0
MYEF2,0.0,0.0
ZDHHC2,0.0,0.0
TRIM35,0.0,0.0
FZD3,0.0,0.0
INTS9,0.0,0.0
NBN,0.0,0.0
CPQ,0.0,0.0
DECR1,0.0,0.0
BPNT2,0.0,0.0
LAPTM4B,0.0,0.0
UBE2W,0.0,0.0
EHD4,0.0,0.0
HOMER2,0.0,0.0
FAH,0.0,0.0
RNF40,0.0,0.0
XYLT1,0.0,0.0
PYCARD,0.0,0.0
MAZ,0.0,0.0
CDIPT,0.0,0.0
BCKDK,0.0,0.0
KAT8,0.0,0.0
TMC5,0.0,0.0
CCP110,0.0,0.0
KNOP1,0.0,0.0
RAB11A,0.0,0.0
AQP9,0.0,0.0
AAGAB,0.0,0.0
LACTB,0.0,0.0
CSK,0.0,0.0
HERC1,0.0,0.0
MTFMT,0.0,0.0
AP3B2,0.0,0.0
ACSBG1,0.0,0.0
POP1,0.0,0.0
STK3,0.0,0.0
ARHGEF7,0.0,0.0
RAB2A,0.0,0.0
ASAH1,0.0,0.0
MAN2B1,0.0,0.0
KCNN4,0.0,0.0
GYS1,0.0,0.0
MAP4K1,0.0,0.0
ECH1,0.0,0.0
HNRNPL,0.0,0.0
NFKBIB,0.0,0.0
SNRNP70,0.0,0.0
CLPTM1,0.0,0.0
RELB,0.0,0.0
CLASRP,0.0,0.0
LIN7B,0.0,0.0
PPP1R37,0.0,0.0
FCGRT,0.0,0.0
PIH1D1,0.0,0.0
ARHGEF18,0.0,0.0
PEX11G,0.0,0.0
ERCC2,0.0,0.0
KCTD9,0.0,0.0
MCM4,0.0,0.0
ERICH1,0.0,0.0
GFUS,0.0,0.0
EMC2,0.0,0.0
NDRG1,0.0,0.0
TRPS1,0.0,0.0
SPAG1,0.0,0.0
CHRAC1,0.0,0.0
NCALD,0.0,0.0
SNX16,0.0,0.0
GSDMD,0.0,0.0
PYCR3,0.0,0.0
PPP2CB,0.0,0.0
EEF1D,0.0,0.0
SQLE,0.0,0.0
SLC39A14,0.0,0.0
MTMR9,0.0,0.0
LEPROTL1,0.0,0.0
R3HCC1,0.0,0.0
GSR,0.0,0.0
TNFRSF10A,0.0,0.0
QPRT,0.0,0.0
RBL2,0.0,0.0
RRN3P2,0.0,0.0
BFAR,0.0,0.0
NFAT5,0.0,0.0
LONP2,0.0,0.0
N4BP1,0.0,0.0
ARL2BP,0.0,0.0
PLLP,0.0,0.0
DHODH,0.0,0.0
CTCF,0.0,0.0
ACD,0.0,0.0
POLR2C,0.0,0.0
USB1,0.0,0.0
CYB5B,0.0,0.0
NME3,0.0,0.0
PSMD7,0.0,0.0
SETD6,0.0,0.0
SLC38A7,0.0,0.0
VAC14,0.0,0.0
SMPD3,0.0,0.0
SLC7A6OS,0.0,0.0
SLC7A6,0.0,0.0
CENPT,0.0,0.0
NUP93,0.0,0.0
NUTF2,0.0,0.0
DGKH,0.0,0.0
PARP4,0.0,0.0
SUPT20H,0.0,0.0
MRPS31,0.0,0.0
SLC25A15,0.0,0.0
KPNA3,0.0,0.0
FLT1,0.0,0.0
RGCC,0.0,0.0
VWA8,0.0,0.0
INTS6,0.0,0.0
LYRM1,0.0,0.0
TSC22D1,0.0,0.0
OLFM4,0.0,0.0
ZNF629,0.0,0.0
TRADD,0.0,0.0
HSF4,0.0,0.0
CORO1A,0.0,0.0
ELMO3,0.0,0.0
PHKB,0.0,0.0
PLA2G15,0.0,0.0
WDR59,0.0,0.0
MON1B,0.0,0.0
ZNF174,0.0,0.0
FBXO31,0.0,0.0
RHBDL1,0.0,0.0
NUBP1,0.0,0.0
UBE2I,0.0,0.0
CRYM,0.0,0.0
EEF2K,0.0,0.0
PIEZO1,0.0,0.0
GSPT1,0.0,0.0
CLUAP1,0.0,0.0
ANTKMT,0.0,0.0
PRSS33,0.0,0.0
EARS2,0.0,0.0
ELOB,0.0,0.0
GGA2,0.0,0.0
CPPED1,0.0,0.0
USP31,0.0,0.0
HMOX2,0.0,0.0
DNAJA3,0.0,0.0
SLC7A5,0.0,0.0
HAGHL,0.0,0.0
CMC2,0.0,0.0
WFDC1,0.0,0.0
AXIN1,0.0,0.0
NPRL3,0.0,0.0
MLYCD,0.0,0.0
MPG,0.0,0.0
NECAB2,0.0,0.0
HSDL1,0.0,0.0
TAF1C,0.0,0.0
NAGPA,0.0,0.0
SEC14L5,0.0,0.0
CLCN7,0.0,0.0
USP10,0.0,0.0
CRISPLD2,0.0,0.0
TSC2,0.0,0.0
ZNF500,0.0,0.0
NME4,0.0,0.0
ABCC1,0.0,0.0
NOMO3,0.0,0.0
MTHFSD,0.0,0.0
YWHAE,0.0,0.0
MAP2K6,0.0,0.0
DFFA,0.0,0.0
ORC2,0.0,0.0
STK16,0.0,0.0
STK25,0.0,0.0
ID2,0.0,0.0
TAF1B,0.0,0.0
HPCAL1,0.0,0.0
ODC1,0.0,0.0
BIRC6,0.0,0.0
NOL10,0.0,0.0
PLEKHB2,0.0,0.0
CEBPZ,0.0,0.0
PRKD3,0.0,0.0
DCAF17,0.0,0.0
QPCT,0.0,0.0
RMDN2,0.0,0.0
DARS1,0.0,0.0
SRSF7,0.0,0.0
SDC1,0.0,0.0
SLC1A4,0.0,0.0
SOS1,0.0,0.0
UXS1,0.0,0.0
CNPPD1,0.0,0.0
FHL2,0.0,0.0
SF3B1,0.0,0.0
PECR,0.0,0.0
UNC50,0.0,0.0
ELMOD3,0.0,0.0
USP34,0.0,0.0
CCT4,0.0,0.0
GGCX,0.0,0.0
TXNDC9,0.0,0.0
COQ10B,0.0,0.0
ST3GAL5,0.0,0.0
IL18R1,0.0,0.0
CHST10,0.0,0.0
PDCL3,0.0,0.0
MOB4,0.0,0.0
HSPE1,0.0,0.0
KDM3A,0.0,0.0
CHMP3,0.0,0.0
ZNF142,0.0,0.0
IL1R2,0.0,0.0
WIPF1,0.0,0.0
COX7A2L,0.0,0.0
STAT1,0.0,0.0
PNO1,0.0,0.0
CEP104,0.0,0.0
FAM20B,0.0,0.0
TCEANC2,0.0,0.0
LRRC42,0.0,0.0
WRAP73,0.0,0.0
MRPL37,0.0,0.0
ICMT,0.0,0.0
RPL22,0.0,0.0
QSOX1,0.0,0.0
STXBP3,0.0,0.0
PHF13,0.0,0.0
PARK7,0.0,0.0
ELAPOR1,0.0,0.0
SRSF4,0.0,0.0
MECR,0.0,0.0
WDR77,0.0,0.0
ATP5PB,0.0,0.0
RAP1A,0.0,0.0
HDAC1,0.0,0.0
RALGPS2,0.0,0.0
SCP2,0.0,0.0
CACYBP,0.0,0.0
SUMO1,0.0,0.0
ORC4,0.0,0.0
ATF2,0.0,0.0
THADA,0.0,0.0
AAK1,0.0,0.0
TRAK2,0.0,0.0
PCYOX1,0.0,0.0
EPAS1,0.0,0.0
ARID3A,0.0,0.0
NFE2L2,0.0,0.0
GPX7,0.0,0.0
MSH6,0.0,0.0
PLEKHA3,0.0,0.0
EPHA4,0.0,0.0
FARSB,0.0,0.0
ALMS1,0.0,0.0
BCL9,0.0,0.0
DHCR24,0.0,0.0
DNAJC16,0.0,0.0
PAPOLG,0.0,0.0
FN1,0.0,0.0
SCAMP3,0.0,0.0
EEF1B2,0.0,0.0
MRPL3,0.0,0.0
HEMK1,0.0,0.0
CISH,0.0,0.0
MAPKAPK3,0.0,0.0
COMMD2,0.0,0.0
GORASP1,0.0,0.0
RRP9,0.0,0.0
ABCC5,0.0,0.0
ABHD14B,0.0,0.0
EIF1B,0.0,0.0
KLHL24,0.0,0.0
PLCH1,0.0,0.0
VIPR1,0.0,0.0
DNAH1,0.0,0.0
SSR3,0.0,0.0
ZBTB47,0.0,0.0
CLCN2,0.0,0.0
EIF4G1,0.0,0.0
NEK4,0.0,0.0
NEK11,0.0,0.0
CFAP92,0.0,0.0
SCAP,0.0,0.0
CBLB,0.0,0.0
GNAI2,0.0,0.0
USP9Y,0.0,0.0
TTTY15,0.0,0.0
TUSC2,0.0,0.0
NPRL2,0.0,0.0
RPL24,0.0,0.0
CYB561D2,0.0,0.0
FXR1,0.0,0.0
BBX,0.0,0.0
KLHL18,0.0,0.0
IFT57,0.0,0.0
GNB4,0.0,0.0
IQCG,0.0,0.0
GBE1,0.0,0.0
NCBP2,0.0,0.0
SNX4,0.0,0.0
PLXNA1,0.0,0.0
PODXL2,0.0,0.0
INO80D,0.0,0.0
DGUOK,0.0,0.0
WDR75,0.0,0.0
MOB1A,0.0,0.0
ITGA4,0.0,0.0
SNX17,0.0,0.0
ASB3,0.0,0.0
GPR75-ASB3,0.0,0.0
REEP6,0.0,0.0
IFIH1,0.0,0.0
GCA,0.0,0.0
MOGS,0.0,0.0
TTC31,0.0,0.0
PCGF1,0.0,0.0
GRB14,0.0,0.0
CLIP4,0.0,0.0
SPTBN1,0.0,0.0
AUP1,0.0,0.0
RTN4,0.0,0.0
DOK1,0.0,0.0
GALNT3,0.0,0.0
POLE4,0.0,0.0
CCDC88A,0.0,0.0
NRBP1,0.0,0.0
EIF2B4,0.0,0.0
GTF3C2,0.0,0.0
STEAP3,0.0,0.0
LMAN2L,0.0,0.0
TTL,0.0,0.0
PIKFYVE,0.0,0.0
FAHD2A,0.0,0.0
NCL,0.0,0.0
SLC35F5,0.0,0.0
ZAP70,0.0,0.0
ACTR3,0.0,0.0
EPB41L5,0.0,0.0
MPV17,0.0,0.0
DNAJC27,0.0,0.0
POMC,0.0,0.0
STAM2,0.0,0.0
OTOF,0.0,0.0
GPD2,0.0,0.0
CENPA,0.0,0.0
CYTIP,0.0,0.0
ACVR1,0.0,0.0
S100PBP,0.0,0.0
TRIM62,0.0,0.0
DHRS7B,0.0,0.0
FBXO30,0.0,0.0
KMT2A,0.0,0.0
IFT46,0.0,0.0
KPTN,0.0,0.0
RPS25,0.0,0.0
KIF14,0.0,0.0
DDX59,0.0,0.0
MREG,0.0,0.0
FASTKD2,0.0,0.0
CREB1,0.0,0.0
KLF7,0.0,0.0
B4GALT6,0.0,0.0
C1orf54,0.0,0.0
IRAG2,0.0,0.0
SPCS2,0.0,0.0
USP35,0.0,0.0
CASP8AP2,0.0,0.0
ANKRD13C,0.0,0.0
SGIP1,0.0,0.0
PHF3,0.0,0.0
STK11,0.0,0.0
RCN2,0.0,0.0
MESD,0.0,0.0
NSL1,0.0,0.0
SLC35A3,0.0,0.0
RCOR3,0.0,0.0
STMN1,0.0,0.0
MTFR1L,0.0,0.0
MAN1C1,0.0,0.0
NEK2,0.0,0.0
DHDDS,0.0,0.0
NENF,0.0,0.0
ARID1A,0.0,0.0
ESYT2,0.0,0.0
CENPF,0.0,0.0
RPA2,0.0,0.0
PPP1R8,0.0,0.0
STX12,0.0,0.0
MTARC2,0.0,0.0
SLC5A9,0.0,0.0
OSBPL9,0.0,0.0
TXNDC12,0.0,0.0
PLAGL1,0.0,0.0
TNFAIP3,0.0,0.0
RCAN3,0.0,0.0
AKAP7,0.0,0.0
KLF12,0.0,0.0
UCHL3,0.0,0.0
HS1BP3,0.0,0.0
LDAH,0.0,0.0
WDR35,0.0,0.0
ELL2,0.0,0.0
CYP20A1,0.0,0.0
NDUFB3,0.0,0.0
GTF3C3,0.0,0.0
UBE2B,0.0,0.0
TRPM6,0.0,0.0
KLF9,0.0,0.0
PIGZ,0.0,0.0
SENP5,0.0,0.0
CCDC92,0.0,0.0
HEATR1,0.0,0.0
PTBP3,0.0,0.0
RAD23B,0.0,0.0
CTNNAL1,0.0,0.0
UBN1,0.0,0.0
PPL,0.0,0.0
EEF2KMT,0.0,0.0
DCLRE1B,0.0,0.0
MYB,0.0,0.0
SGK1,0.0,0.0
RNF146,0.0,0.0
ARG1,0.0,0.0
SLC16A7,0.0,0.0
RXYLT1,0.0,0.0
ZNF430,0.0,0.0
VAMP8,0.0,0.0
MYL12B,0.0,0.0
RAB3GAP2,0.0,0.0
FOXO3,0.0,0.0
RPN2,0.0,0.0
TGIF2,0.0,0.0
PKD2,0.0,0.0
ABCG2,0.0,0.0
SPP1,0.0,0.0
CCNI,0.0,0.0
MFSD1,0.0,0.0
SYF2,0.0,0.0
UTP25,0.0,0.0
DLGAP3,0.0,0.0
ZNF684,0.0,0.0
UCHL5,0.0,0.0
BCAS2,0.0,0.0
AGMAT,0.0,0.0
CRYZ,0.0,0.0
PHTF1,0.0,0.0
ZBTB17,0.0,0.0
CD58,0.0,0.0
KIF21B,0.0,0.0
ADPRS,0.0,0.0
MAP7D1,0.0,0.0
WARS2,0.0,0.0
MRPS15,0.0,0.0
EXOC8,0.0,0.0
TSNAX,0.0,0.0
C1orf109,0.0,0.0
NID1,0.0,0.0
HPCAL4,0.0,0.0
MYCL,0.0,0.0
RLF,0.0,0.0
RO60,0.0,0.0
WLS,0.0,0.0
GADD45A,0.0,0.0
FBXO2,0.0,0.0
SFPQ,0.0,0.0
RHOU,0.0,0.0
GON4L,0.0,0.0
ARHGEF2,0.0,0.0
LAMTOR2,0.0,0.0
MEF2D,0.0,0.0
DOCK7,0.0,0.0
SRM,0.0,0.0
FBXO6,0.0,0.0
SLC35D1,0.0,0.0
C1orf21,0.0,0.0
SWT1,0.0,0.0
MAD2L2,0.0,0.0
DNAJC6,0.0,0.0
KIAA2013,0.0,0.0
MIIP,0.0,0.0
SMG7,0.0,0.0
NCF2,0.0,0.0
KMO,0.0,0.0
AKT3,0.0,0.0
DARS2,0.0,0.0
ACADM,0.0,0.0
MPL,0.0,0.0
IPO13,0.0,0.0
ATP6V0B,0.0,0.0
B4GALT2,0.0,0.0
ERI3,0.0,0.0
AKR1A1,0.0,0.0
PRDX1,0.0,0.0
SLC19A2,0.0,0.0
FAAH,0.0,0.0
NSUN4,0.0,0.0
TMED5,0.0,0.0
CNN3,0.0,0.0
PRRC2C,0.0,0.0
ABCD3,0.0,0.0
VAMP4,0.0,0.0
DPH5,0.0,0.0
FASLG,0.0,0.0
TNFSF4,0.0,0.0
PRDX6,0.0,0.0
CDC20,0.0,0.0
EBNA1BP2,0.0,0.0
P3H1,0.0,0.0
GBP3,0.0,0.0
SDHB,0.0,0.0
RPF1,0.0,0.0
KDM5B,0.0,0.0
UAP1,0.0,0.0
KLHL12,0.0,0.0
SSX2IP,0.0,0.0
ZNHIT6,0.0,0.0
RBBP5,0.0,0.0
GBP1,0.0,0.0
PRPF3,0.0,0.0
PINK1-AS,0.0,0.0
CDK18,0.0,0.0
RAB29,0.0,0.0
CD160,0.0,0.0
ECE1,0.0,0.0
GALE,0.0,0.0
CR2,0.0,0.0
CD46,0.0,0.0
ACAP2,0.0,0.0
USP4,0.0,0.0
HES1,0.0,0.0
FOXM1,0.0,0.0
COQ5,0.0,0.0
SELPLG,0.0,0.0
CAPRIN2,0.0,0.0
SLC11A2,0.0,0.0
MVK,0.0,0.0
CSRNP2,0.0,0.0
BIN2,0.0,0.0
IL23A,0.0,0.0
ATP5F1B,0.0,0.0
PTGES3,0.0,0.0
BCL7A,0.0,0.0
RSRC2,0.0,0.0
LIN7A,0.0,0.0
KRT18,0.0,0.0
PPM1H,0.0,0.0
METAP2,0.0,0.0
LTA4H,0.0,0.0
SLC6A12,0.0,0.0
WNT5B,0.0,0.0
CLEC2B,0.0,0.0
PRDM4,0.0,0.0
CD69,0.0,0.0
SLC35F2,0.0,0.0
CD5,0.0,0.0
MDK,0.0,0.0
AMBRA1,0.0,0.0
MADD,0.0,0.0
PTPMT1,0.0,0.0
NAA40,0.0,0.0
SLC22A18,0.0,0.0
CD81,0.0,0.0
C11orf58,0.0,0.0
PRPF40B,0.0,0.0
AIP,0.0,0.0
NUP98,0.0,0.0
NDUFS8,0.0,0.0
TCIRG1,0.0,0.0
HPS5,0.0,0.0
POU2AF1,0.0,0.0
VWF,0.0,0.0
PSMD9,0.0,0.0
MAGOHB,0.0,0.0
ARPC3,0.0,0.0
COMMD9,0.0,0.0
GPN3,0.0,0.0
TBC1D30,0.0,0.0
CAND1,0.0,0.0
IFNG,0.0,0.0
RAB5B,0.0,0.0
NUP107,0.0,0.0
CNOT2,0.0,0.0
KRR1,0.0,0.0
MRPL51,0.0,0.0
GAPDH,0.0,0.0
NOP2,0.0,0.0
CHD4,0.0,0.0
BLTP3B,0.0,0.0
ING4,0.0,0.0
CDCA3,0.0,0.0
CHPT1,0.0,0.0
USP5,0.0,0.0
TPI1,0.0,0.0
GNPTAB,0.0,0.0
SPSB2,0.0,0.0
COPZ1,0.0,0.0
ADGRD1,0.0,0.0
RFC5,0.0,0.0
LTBR,0.0,0.0
VPS29,0.0,0.0
SH2B3,0.0,0.0
MANSC1,0.0,0.0
DUSP16,0.0,0.0
CREBL2,0.0,0.0
ACAD10,0.0,0.0
GPRC5D,0.0,0.0
NAA25,0.0,0.0
CDK2AP1,0.0,0.0
VDR,0.0,0.0
OAS3,0.0,0.0
OAS2,0.0,0.0
ARHGDIB,0.0,0.0
GTF2H3,0.0,0.0
EIF2B1,0.0,0.0
DDX55,0.0,0.0
SLC38A1,0.0,0.0
SPRING1,0.0,0.0
SLC15A3,0.0,0.0
FBXO3,0.0,0.0
PFKFB4,0.0,0.0
NCAPG,0.0,0.0
INPP4B,0.0,0.0
GAB1,0.0,0.0
KLHL2,0.0,0.0
CPE,0.0,0.0
RPL34,0.0,0.0
WFS1,0.0,0.0
GRPEL1,0.0,0.0
FRG1,0.0,0.0
CLCN3,0.0,0.0
DHX15,0.0,0.0
SEPSECS,0.0,0.0
TRIM2,0.0,0.0
FBXW7,0.0,0.0
TBC1D19,0.0,0.0
NSD2,0.0,0.0
MFSD10,0.0,0.0
BST1,0.0,0.0
SNX25,0.0,0.0
LRP2BP,0.0,0.0
ZNF330,0.0,0.0
TBC1D9,0.0,0.0
NDUFC1,0.0,0.0
PHF12,0.0,0.0
WSB1,0.0,0.0
SLC9A3R1,0.0,0.0
NAT9,0.0,0.0
TMEM104,0.0,0.0
IFT20,0.0,0.0
ALDOC,0.0,0.0
SUPT6H,0.0,0.0
RAB34,0.0,0.0
SLAIN2,0.0,0.0
ELF2,0.0,0.0
OCIAD1,0.0,0.0
DCUN1D4,0.0,0.0
USP46,0.0,0.0
CHIC2,0.0,0.0
NFKB1,0.0,0.0
AREG,0.0,0.0
MANBA,0.0,0.0
UBE2D3,0.0,0.0
KLF3,0.0,0.0
UGDH,0.0,0.0
HIPK3,0.0,0.0
HTATIP2,0.0,0.0
FOXRED1,0.0,0.0
MS4A6A,0.0,0.0
MS4A4A,0.0,0.0
ST3GAL4,0.0,0.0
CPT1A,0.0,0.0
PRPF19,0.0,0.0
TRIM3,0.0,0.0
CHORDC1,0.0,0.0
ANAPC15,0.0,0.0
PANX1,0.0,0.0
CEP164,0.0,0.0
RNF141,0.0,0.0
CEP126,0.0,0.0
EIF4G2,0.0,0.0
IL10RA,0.0,0.0
UBE4A,0.0,0.0
DDX6,0.0,0.0
CBL,0.0,0.0
NECTIN1,0.0,0.0
KMT5B,0.0,0.0
DCPS,0.0,0.0
PUS3,0.0,0.0
JHY,0.0,0.0
CTSC,0.0,0.0
CCDC34,0.0,0.0
ZBTB16,0.0,0.0
ELP4,0.0,0.0
ZPR1,0.0,0.0
MTCH2,0.0,0.0
SC5D,0.0,0.0
CRTAM,0.0,0.0
B3GAT1,0.0,0.0
UNC93B1,0.0,0.0
HSPA8,0.0,0.0
VWA5A,0.0,0.0
DNAJC4,0.0,0.0
SIAE,0.0,0.0
LPXN,0.0,0.0
DTX4,0.0,0.0
ATG2A,0.0,0.0
EHD1,0.0,0.0
LOC105369632,0.0,0.0
ENO2,0.0,0.0
ATN1,0.0,0.0
RAD1,0.0,0.0
PFDN1,0.0,0.0
GZMK,0.0,0.0
TMCO6,0.0,0.0
SPARC,0.0,0.0
HMGCR,0.0,0.0
CERT1,0.0,0.0
FAF2,0.0,0.0
CLK4,0.0,0.0
ITK,0.0,0.0
ARSB,0.0,0.0
BTNL8,0.0,0.0
CCNG1,0.0,0.0
POLR3G,0.0,0.0
LMNB1,0.0,0.0
ARRDC3,0.0,0.0
GOLPH3,0.0,0.0
SUB1,0.0,0.0
FAM172A,0.0,0.0
LNPEP,0.0,0.0
MRPS27,0.0,0.0
HSPA9,0.0,0.0
MRPS30,0.0,0.0
CLIC5,0.0,0.0
EXOC2,0.0,0.0
COX7A2,0.0,0.0
TMEM30A,0.0,0.0
GMDS,0.0,0.0
SENP6,0.0,0.0
PRPF4B,0.0,0.0
SLC29A1,0.0,0.0
BTN2A1,0.0,0.0
FBRSL1,0.0,0.0
NNT,0.0,0.0
LY86,0.0,0.0
ERBIN,0.0,0.0
HARS2,0.0,0.0
CEP72,0.0,0.0
MAN2A1,0.0,0.0
TENT4A,0.0,0.0
DAP,0.0,0.0
BRD8,0.0,0.0
PDE4D,0.0,0.0
BRIX1,0.0,0.0
C12orf57,0.0,0.0
SLC12A7,0.0,0.0
EHHADH,0.0,0.0
SMC4,0.0,0.0
SELENOK,0.0,0.0
ACTR8,0.0,0.0
TBCCD1,0.0,0.0
TIMMDC1,0.0,0.0
CRBN,0.0,0.0
HGD,0.0,0.0
NPHP3,0.0,0.0
CD86,0.0,0.0
NIT2,0.0,0.0
PCCB,0.0,0.0
UBE3A,0.0,0.0
CEP70,0.0,0.0
SLC25A36,0.0,0.0
RNF7,0.0,0.0
TFDP2,0.0,0.0
XRN1,0.0,0.0
PDCD10,0.0,0.0
DBN1,0.0,0.0
HRH2,0.0,0.0
CPEB4,0.0,0.0
PPWD1,0.0,0.0
RAD50,0.0,0.0
ST8SIA4,0.0,0.0
GNPDA1,0.0,0.0
PCDH12,0.0,0.0
SKP1,0.0,0.0
NUP155,0.0,0.0
PPP2CA,0.0,0.0
NR3C1,0.0,0.0
TRIM23,0.0,0.0
BNIP1,0.0,0.0
SEC24A,0.0,0.0
TXNDC15,0.0,0.0
TTC33,0.0,0.0
RARS1,0.0,0.0
SMAD5,0.0,0.0
CSNK1A1,0.0,0.0
ERGIC1,0.0,0.0
ATP6V0E1,0.0,0.0
DUSP22,0.0,0.0
DNPH1,0.0,0.0
SRF,0.0,0.0
PTK7,0.0,0.0
LINC01590,0.0,0.0
NEDD9,0.0,0.0
CEP85L,0.0,0.0
ADTRP,0.0,0.0
ASF1A,0.0,0.0
RNGTT,0.0,0.0
SERINC1,0.0,0.0
HDDC2,0.0,0.0
HINT3,0.0,0.0
NCOA7,0.0,0.0
RIPOR2,0.0,0.0
SASH1,0.0,0.0
MTRF1L,0.0,0.0
PPARD,0.0,0.0
FANCE,0.0,0.0
SLC26A8,0.0,0.0
MAPK14,0.0,0.0
RHAG,0.0,0.0
STK38,0.0,0.0
SMIM8,0.0,0.0
TMEM14C,0.0,0.0
MAK,0.0,0.0
ST8SIA1,0.0,0.0
PTPN6,0.0,0.0
NT5DC3,0.0,0.0
SUDS3,0.0,0.0
GOLT1B,0.0,0.0
LDHB,0.0,0.0
PRKAB1,0.0,0.0
CMAS,0.0,0.0
HCFC2,0.0,0.0
CLEC4A,0.0,0.0
RWDD1,0.0,0.0
C2CD5,0.0,0.0
RAB35,0.0,0.0
PHC1,0.0,0.0
COX6A1,0.0,0.0
RIC8B,0.0,0.0
KLRB1,0.0,0.0
BTN3A3,0.0,0.0
TDP2,0.0,0.0
MRPL18,0.0,0.0
MCM3,0.0,0.0
PHACTR1,0.0,0.0
EPM2A,0.0,0.0
SNX3,0.0,0.0
TRIM38,0.0,0.0
PEX7,0.0,0.0
ZBTB24,0.0,0.0
FIG4,0.0,0.0
PERP,0.0,0.0
HECA,0.0,0.0
PHACTR2,0.0,0.0
SLC39A7,0.0,0.0
RPS12,0.0,0.0
PHF1,0.0,0.0
CUTA,0.0,0.0
QKI,0.0,0.0
TFEB,0.0,0.0
BYSL,0.0,0.0
FAM120B,0.0,0.0
TBP,0.0,0.0
BICRAL,0.0,0.0
GMNN,0.0,0.0
ACOT13,0.0,0.0
MDGA1,0.0,0.0
TSPO2,0.0,0.0
CILK1,0.0,0.0
FBXO9,0.0,0.0
MDN1,0.0,0.0
SAYSD1,0.0,0.0
BACH2,0.0,0.0
TREML2,0.0,0.0
ZNF451,0.0,0.0
BAG2,0.0,0.0
KHDRBS2,0.0,0.0
VNN2,0.0,0.0
FBXL4,0.0,0.0
CCNC,0.0,0.0
E2F3,0.0,0.0
ASCC3,0.0,0.0
GPLD1,0.0,0.0
ALDH5A1,0.0,0.0
CRYBG1,0.0,0.0
VNN1,0.0,0.0
SPTLC2,0.0,0.0
DAAM1,0.0,0.0
AHSA1,0.0,0.0
STYK1,0.0,0.0
SEC61A1,0.0,0.0
PPP1R12A,0.0,0.0
CROCC,0.0,0.0
POLR3E,0.0,0.0
RIOK2,0.0,0.0
YIPF1,0.0,0.0
NDC1,0.0,0.0
DGKG,0.0,0.0
FLYWCH1,0.0,0.0
UNKL,0.0,0.0
TBXAS1,0.0,0.0
PARP12,0.0,0.0
ALDH18A1,0.0,0.0
TARBP1,0.0,0.0
GATB,0.0,0.0
MXD1,0.0,0.0
CDK17,0.0,0.0
SLC2A3,0.0,0.0
CTDP1,0.0,0.0
ATP11B,0.0,0.0
USP13,0.0,0.0
MTA3,0.0,0.0
HPF1,0.0,0.0
CUL1,0.0,0.0
FAM114A2,0.0,0.0
CYFIP2,0.0,0.0
GINM1,0.0,0.0
USP36,0.0,0.0
KMT2C,0.0,0.0
PUM2,0.0,0.0
MRPL43,0.0,0.0
ZFR,0.0,0.0
TMCC3,0.0,0.0
ZNF280C,0.0,0.0
RC3H2,0.0,0.0
TRAF3IP2,0.0,0.0
SOAT1,0.0,0.0
PKP2,0.0,0.0
GDI2,0.0,0.0
PRDM1,0.0,0.0
ATG5,0.0,0.0
YBX3,0.0,0.0
WNK1,0.0,0.0
SZRD1,0.0,0.0
CCAR1,0.0,0.0
POLD1,0.0,0.0
SLC6A16,0.0,0.0
BICRA,0.0,0.0
RPL18,0.0,0.0
CA11,0.0,0.0
ISOC2,0.0,0.0
U2AF2,0.0,0.0
EPN1,0.0,0.0
ZNF275,0.0,0.0
LOC105373378,0.0,0.0
MTMR1,0.0,0.0
HAGH,0.0,0.0
RNF4,0.0,0.0
INTS13,0.0,0.0
TSPAN32,0.0,0.0
ATP2C2,0.0,0.0
HIPK2,0.0,0.0
RFXANK,0.0,0.0
TMEM161A,0.0,0.0
APPBP2,0.0,0.0
VMP1,0.0,0.0
WAPL,0.0,0.0
SPAG4,0.0,0.0
OGFR,0.0,0.0
GNA15,0.0,0.0
PIGV,0.0,0.0
SNRNP40,0.0,0.0
QSER1,0.0,0.0
MPC1,0.0,0.0
ACAA1,0.0,0.0
HDAC7,0.0,0.0
NCKAP1,0.0,0.0
ELMO2,0.0,0.0
MRPS35,0.0,0.0
GUCY1B1,0.0,0.0
SFSWAP,0.0,0.0
MON2,0.0,0.0
GPBP1,0.0,0.0
DGAT2,0.0,0.0
CS,0.0,0.0
LTK,0.0,0.0
KCNH2,0.0,0.0
NOP58,0.0,0.0
CTSA,0.0,0.0
CLPTM1L,0.0,0.0
RRM2B,0.0,0.0
ZNF800,0.0,0.0
TNFRSF17,0.0,0.0
SNX29,0.0,0.0
MRPS10,0.0,0.0
RSF1,0.0,0.0
VPS13D,0.0,0.0
CELF2,0.0,0.0
FAM120A,0.0,0.0
R3HDM1,0.0,0.0
ERCC8,0.0,0.0
ADAMTS6,0.0,0.0
H6PD,0.0,0.0
VAMP3,0.0,0.0
PER3,0.0,0.0
UTS2,0.0,0.0
TNFRSF9,0.0,0.0
LTBP1,0.0,0.0
RFC2,0.0,0.0
NOP16,0.0,0.0
TSPAN17,0.0,0.0
USP28,0.0,0.0
ATOSA,0.0,0.0
CNTLN,0.0,0.0
HSPA5,0.0,0.0
GEMIN8,0.0,0.0
OFD1,0.0,0.0
YTHDC2,0.0,0.0
CTPS2,0.0,0.0
ATP6V1H,0.0,0.0
POLR2B,0.0,0.0
ARAP2,0.0,0.0
GOPC,0.0,0.0
TPR,0.0,0.0
KATNIP,0.0,0.0
DTNBP1,0.0,0.0
C12orf4,0.0,0.0
SCML1,0.0,0.0
WWC3,0.0,0.0
ARHGAP6,0.0,0.0
MAP4,0.0,0.0
ARID1B,0.0,0.0
NEDD4L,0.0,0.0
RELT,0.0,0.0
FOXP3,0.0,0.0
TTC17,0.0,0.0
FOXN3,0.0,0.0
USE1,0.0,0.0
MCF2L2,0.0,0.0
NRIP2,0.0,0.0
AP5M1,0.0,0.0
ANAPC4,0.0,0.0
TRAPPC3,0.0,0.0
THRAP3,0.0,0.0
PHPT1,0.0,0.0
LY75,0.0,0.0
SDCCAG8,0.0,0.0
PTPRN,0.0,0.0
HHAT,0.0,0.0
KIF1B,0.0,0.0
TBC1D22A,0.0,0.0
SYNE2,0.0,0.0
ATP9A,0.0,0.0
FAM168A,0.0,0.0
MSMO1,0.0,0.0
FNIP2,0.0,0.0
RRP12,0.0,0.0
TNIP3,0.0,0.0
HEXB,0.0,0.0
PTCD2,0.0,0.0
JKAMP,0.0,0.0
ARHGEF5,0.0,0.0
NFE2L3,0.0,0.0
MCUR1,0.0,0.0
LIMA1,0.0,0.0
SLC4A8,0.0,0.0
MAPK9,0.0,0.0
PLEKHA5,0.0,0.0
COL23A1,0.0,0.0
FHIP1B,0.0,0.0
HERPUD1,0.0,0.0
HOMER3,0.0,0.0
POLQ,0.0,0.0
THOC3,0.0,0.0
HEBP2,0.0,0.0
MPHOSPH9,0.0,0.0
LPAR2,0.0,0.0
SLC12A2,0.0,0.0
TMED8,0.0,0.0
NUCB2,0.0,0.0
PYGM,0.0,0.0
SDK2,0.0,0.0
NUP133,0.0,0.0
NUCKS1,0.0,0.0
DNAJA2,0.0,0.0
BCL3,0.0,0.0
CLEC2D,0.0,0.0
FUNDC1,0.0,0.0
MAOB,0.0,0.0
RORA,0.0,0.0
TGFBR3,0.0,0.0
ATP1B3,0.0,0.0
PIGB,0.0,0.0
MAPK6,0.0,0.0
GNB5,0.0,0.0
RAB27A,0.0,0.0
HDHD5,0.0,0.0
UFD1,0.0,0.0
GUCY2C,0.0,0.0
PPP2R5B,0.0,0.0
ERLEC1,0.0,0.0
SIRT2,0.0,0.0
TBC1D25,0.0,0.0
CBFB,0.0,0.0
PDK3,0.0,0.0
HYAL2,0.0,0.0
HDAC4,0.0,0.0
RASSF1,0.0,0.0
HEATR6,0.0,0.0
COASY,0.0,0.0
TFE3,0.0,0.0
ACSL4,0.0,0.0
PSME4,0.0,0.0
INPP5A,0.0,0.0
GPKOW,0.0,0.0
GRIPAP1,0.0,0.0
ATP11A,0.0,0.0
POLR1A,0.0,0.0
TTC7A,0.0,0.0
IP6K2,0.0,0.0
SRBD1,0.0,0.0
ELP1,0.0,0.0
SPTB,0.0,0.0
PDZD4,0.0,0.0
SLC44A1,0.0,0.0
WDR1,0.0,0.0
VASH1,0.0,0.0
SEL1L,0.0,0.0
TRIP13,0.0,0.0
ATP6AP1,0.0,0.0
TCF3,0.0,0.0
TRIB2,0.0,0.0
MBD3,0.0,0.0
HLTF,0.0,0.0
FAM50A,0.0,0.0
FAM3A,0.0,0.0
PDCD2,0.0,0.0
RDH11,0.0,0.0
PRKACA,0.0,0.0
ADGRL1,0.0,0.0
ACTN1,0.0,0.0
ZFYVE26,0.0,0.0
EPN2,0.0,0.0
PTPN18,0.0,0.0
RPL31,0.0,0.0
MGAT4A,0.0,0.0
NCK2,0.0,0.0
WIPI1,0.0,0.0
SMG6,0.0,0.0
EXOC5,0.0,0.0
CLTCL1,0.0,0.0
RNF126,0.0,0.0
MNT,0.0,0.0
ZXDC,0.0,0.0
JMJD6,0.0,0.0
ST6GALNAC1,0.0,0.0
NDST1,0.0,0.0
ATP2B1,0.0,0.0
AP3M2,0.0,0.0
ST6GALNAC2,0.0,0.0
TESK2,0.0,0.0
CSNK2A2,0.0,0.0
EIF2B3,0.0,0.0
TCOF1,0.0,0.0
CDC42,0.0,0.0
OSBPL3,0.0,0.0
ROCK1,0.0,0.0
ROGDI,0.0,0.0
SNX24,0.0,0.0
TBC1D1,0.0,0.0
ANKRD44,0.0,0.0
KARS1,0.0,0.0
ADAT1,0.0,0.0
PDIA5,0.0,0.0
TBC1D22B,0.0,0.0
NDUFB4,0.0,0.0
SPEN,0.0,0.0
MYLK,0.0,0.0
ZC3H15,0.0,0.0
MAP2K4,0.0,0.0
PACC1,0.0,0.0
SLK,0.0,0.0
CYB5R4,0.0,0.0
COL17A1,0.0,0.0
GSTO2,0.0,0.0
SEC61A2,0.0,0.0
PRKCQ,0.0,0.0
ASB1,0.0,0.0
FAM107B,0.0,0.0
DGKA,0.0,0.0
MCM10,0.0,0.0
TRAM2,0.0,0.0
CALCRL,0.0,0.0
CNN2,0.0,0.0
ABCA7,0.0,0.0
DDX20,0.0,0.0
BTBD1,0.0,0.0
FAR2,0.0,0.0
SBNO2,0.0,0.0
PMS1,0.0,0.0
HMG20B,0.0,0.0
TAF11,0.0,0.0
WDR18,0.0,0.0
ANKS1A,0.0,0.0
ZNF76,0.0,0.0
BLTP3A,0.0,0.0
GNAI3,0.0,0.0
IPO5,0.0,0.0
OAT,0.0,0.0
WDR3,0.0,0.0
PKN2,0.0,0.0
ME1,0.0,0.0
CDK13,0.0,0.0
IARS2,0.0,0.0
MTHFD2,0.0,0.0
MYO9A,0.0,0.0
PFKP,0.0,0.0
IDI1,0.0,0.0
SP100,0.0,0.0
KLF6,0.0,0.0
PLPP1,0.0,0.0
NEO1,0.0,0.0
TRAM1,0.0,0.0
TNFRSF1A,0.0,0.0
STOML1,0.0,0.0
PKM,0.0,0.0
DHX29,0.0,0.0
METTL22,0.0,0.0
TP53BP1,0.0,0.0
RHOA,0.0,0.0
DHX8,0.0,0.0
PMS2P2,0.0,0.0
PRKCZ,0.0,0.0
ZFY,0.0,0.0
STAG3,0.0,0.0
MTFR1,0.0,0.0
ARFGEF1,0.0,0.0
ASPM,0.0,0.0
SLC9A7,0.0,0.0
FOXJ2,0.0,0.0
YBX1,0.0,0.0
PPP2R5A,0.0,0.0
ELAVL1,0.0,0.0
SMARCD1,0.0,0.0
NFYC,0.0,0.0
ZMYND12,0.0,0.0
ELOVL1,0.0,0.0
ATG2B,0.0,0.0
SPI1,0.0,0.0
POLR1H,0.0,0.0
ZBTB11,0.0,0.0
LRRC40,0.0,0.0
ISOC1,0.0,0.0
TRMT11,0.0,0.0
THUMPD1,0.0,0.0
MSANTD3,0.0,0.0
PHKA2,0.0,0.0
CTNNA1,0.0,0.0
TRIT1,0.0,0.0
MMP25,0.0,0.0
CRAMP1,0.0,0.0
DNAJC11,0.0,0.0
MYLIP,0.0,0.0
E2F2,0.0,0.0
PSMB1,0.0,0.0
JARID2,0.0,0.0
CDKL5,0.0,0.0
CDK11A,0.0,0.0
NADK,0.0,0.0
DLEC1,0.0,0.0
ADAM22,0.0,0.0
SYPL1,0.0,0.0
SPAG9,0.0,0.0
CELSR3,0.0,0.0
AASS,0.0,0.0
SS18L2,0.0,0.0
MPND,0.0,0.0
CRY1,0.0,0.0
PGLYRP1,0.0,0.0
PIGQ,0.0,0.0
TSR3,0.0,0.0
BAIAP3,0.0,0.0
CEACAM21,0.0,0.0
PAF1,0.0,0.0
VPS41,0.0,0.0
ELAC2,0.0,0.0
ARSD,0.0,0.0
PNPLA4,0.0,0.0
ADIPOR2,0.0,0.0
MARK4,0.0,0.0
CCDC124,0.0,0.0
PAFAH1B1,0.0,0.0
CACNA2D2,0.0,0.0
BLTP2,0.0,0.0
GAS7,0.0,0.0
TRAPPC6A,0.0,0.0
MATK,0.0,0.0
ST7L,0.0,0.0
TKTL1,0.0,0.0
RPUSD1,0.0,0.0
LUC7L,0.0,0.0
NFIX,0.0,0.0
IL32,0.0,0.0
IFRD1,0.0,0.0
PKD1,0.0,0.0
CD4,0.0,0.0
BTK,0.0,0.0
HFE,0.0,0.0
SCMH1,0.0,0.0
FYN,0.0,0.0
HIVEP2,0.0,0.0
ELOA,0.0,0.0
LYPLA2,0.0,0.0
CLCN6,0.0,0.0
MRC2,0.0,0.0
TSPAN9,0.0,0.0
BTBD7,0.0,0.0
MKS1,0.0,0.0
ABHD5,0.0,0.0
MBTD1,0.0,0.0
UTP18,0.0,0.0
RNF216,0.0,0.0
TTC19,0.0,0.0
PTBP1,0.0,0.0
ZNF200,0.0,0.0
IDS,0.0,0.0
FUZ,0.0,0.0
BAZ1B,0.0,0.0
RHOBTB2,0.0,0.0
HEATR5B,0.0,0.0
SEC62,0.0,0.0
CSDE1,0.0,0.0
REV3L,0.0,0.0
TENM1,0.0,0.0
POMT2,0.0,0.0
VTA1,0.0,0.0
ETV7,0.0,0.0
STAB1,0.0,0.0
SPRTN,0.0,0.0
ZNF207,0.0,0.0
UQCRC1,0.0,0.0
STARD3NL,0.0,0.0
CD9,0.0,0.0
NCAPD2,0.0,0.0
GIPR,0.0,0.0
NISCH,0.0,0.0
COX10,0.0,0.0
TBXA2R,0.0,0.0
LCP2,0.0,0.0
SLC25A5,0.0,0.0
NDUFAF7,0.0,0.0
RBM5,0.0,0.0
SARM1,0.0,0.0
POLDIP2,0.0,0.0
CD38,0.0,0.0
FKBP4,0.0,0.0
KDM1A,0.0,0.0
RBM6,0.0,0.0
RECQL,0.0,0.0
ARHGAP33,0.0,0.0
NDUFAB1,0.0,0.0
SLC22A16,0.0,0.0
SLC25A13,0.0,0.0
ST7,0.0,0.0
ST7-OT3,0.0,0.0
SLC4A1,0.0,0.0
HCCS,0.0,0.0
DVL2,0.0,0.0
UPF1,0.0,0.0
TFPI,0.0,0.0
CFLAR,0.0,0.0
CASP10,0.0,0.0
CYP51A1,0.0,0.0
C1orf112,0.0,0.0
FGR,0.0,0.0
CFH,0.0,0.0
NFYA,0.0,0.0
STPG1,0.0,0.0
NIPAL3,0.0,0.0
ENPP4,0.0,0.0
ANKIB1,0.0,0.0
KRIT1,0.0,0.0
ALS2,0.0,0.0
RAD52,0.0,0.0
CD99,0.0,0.0
HS3ST1,0.0,0.0
MAD1L1,0.0,0.0
SNX11,0.0,0.0
TMEM176A,0.0,0.0
ICA1,0.0,0.0
DBNDD1,0.0,0.0
SKAP2,0.0,0.0
MCUB,0.0,0.0
DBF4,0.0,0.0
POLR2J,0.0,0.0
ITGA3,0.0,0.0
ZFX,0.0,0.0
LAMP2,0.0,0.0
ITGA2B,0.0,0.0
GDE1,0.0,0.0
REX1BD,0.0,0.0
OSBPL7,0.0,0.0
MAP3K14,0.0,0.0
AP2B1,0.0,0.0
ZNF263,0.0,0.0
TNFRSF12A,0.0,0.0
MAP3K9,0.0,0.0
RALA,0.0,0.0
AGK,0.0,0.0
ALDH3B1,0.0,0.0
TTC22,0.0,0.0
PHTF2,0.0,0.0
FARP2,0.0,0.0
GGCT,0.0,0.0
PDK2,0.0,0.0
FBXL3,0.0,0.0
MYCBP2,0.0,0.0
ATOSB,0.0,0.0
DHX33,0.0,0.0
MEOX1,0.0,0.0
LIG3,0.0,0.0
RPAP3,0.0,0.0
ACSM3,0.0,0.0
REXO5,0.0,0.0
CIAPIN1,0.0,0.0
SPPL2B,0.0,0.0
PRKAR2B,0.0,0.0
RHBDD2,0.0,0.0
MSL3,0.0,0.0
CREBBP,0.0,0.0
TSPOAP1,0.0,0.0
MPO,0.0,0.0
GCFC2,0.0,0.0
WDR54,0.0,0.0
ABCB4,0.0,0.0
KMT2E,0.0,0.0
LARS2,0.0,0.0
PLAUR,0.0,0.0
ANLN,0.0,0.0
DEPDC1B,0.0,0.0
EIPR1,0.0,0.0
PNPLA6,0.0,0.0
ALG1,0.0,0.0
ABCF2,0.0,0.0
CHPF2,0.0,0.0
FUT8,0.0,0.0
UBA6,0.0,0.0
GAB2,0.0,0.0
ATP6V0A1,0.0,0.0
PIAS1,0.0,0.0
SLC4A7,0.0,0.0
APBA2,0.0,0.0
MAP2K3,0.0,0.0
TMSB10,0.0,0.0
ASTE1,0.0,0.0
RNF19A,0.0,0.0
GABARAPL2,0.0,0.0
SH3YL1,0.0,0.0
FAM136A,0.0,0.0
RANBP3,0.0,0.0
SARS1,0.0,0.0
CENPQ,0.0,0.0
BRD9,0.0,0.0
MIPEP,0.0,0.0
PRKCH,0.0,0.0
IFNGR1,0.0,0.0
SH2D2A,0.0,0.0
VRK2,0.0,0.0
TNFRSF1B,0.0,0.0
VEZT,0.0,0.0
POU2F2,0.0,0.0
SNX1,0.0,0.0
FAM13B,0.0,0.0
BMAL2,0.0,0.0
BCLAF1,0.0,0.0
SLC39A9,0.0,0.0
TFB1M,0.0,0.0
RABEP1,0.0,0.0
NUP160,0.0,0.0
BAK1,0.0,0.0
IKZF2,0.0,0.0
VCL,0.0,0.0
DAPK2,0.0,0.0
WIZ,0.0,0.0
NSMAF,0.0,0.0
PNKP,0.0,0.0
PHLPP2,0.0,0.0
SPDL1,0.0,0.0
STAU2,0.0,0.0
SLC66A1,0.0,0.0
RTN4R,0.0,0.0
PHF23,0.0,0.0
INPP4A,0.0,0.0
PSMA4,0.0,0.0
LSG1,0.0,0.0
PARP3,0.0,0.0
TDP1,0.0,0.0
AIFM2,0.0,0.0
SPATA7,0.0,0.0
MED17,0.0,0.0
RETSAT,0.0,0.0
CAPG,0.0,0.0
AP2S1,0.0,0.0
JADE2,0.0,0.0
ZFYVE16,0.0,0.0
MTREX,0.0,0.0
CLEC16A,0.0,0.0
FLT4,0.0,0.0
ADSS2,0.0,0.0
TIMP2,0.0,0.0
RFC1,0.0,0.0
TBC1D23,0.0,0.0
CUL3,0.0,0.0
MYOM2,0.0,0.0
TUBG2,0.0,0.0
RPL26L1,0.0,0.0
NSUN2,0.0,0.0
VCAN,0.0,0.0
FBXO42,0.0,0.0
MFAP3,0.0,0.0
METTL1,0.0,0.0
AGA,0.0,0.0
PI4K2B,0.0,0.0
BOD1L1,0.0,0.0
MAT2B,0.0,0.0
TRIO,0.0,0.0
BTN3A1,0.0,0.0
SLAMF7,0.0,0.0
AGPAT4,0.0,0.0
KCNG1,0.0,0.0
CD6,0.0,0.0
TACC3,0.0,0.0
UFL1,0.0,0.0
POLA2,0.0,0.0
ZC3H3,0.0,0.0
CAPN1,0.0,0.0
ACP3,0.0,0.0
MDH1,0.0,0.0
SLC30A9,0.0,0.0
MTMR11,0.0,0.0
COX15,0.0,0.0
CCDC88C,0.0,0.0
YAF2,0.0,0.0
ZMYND11,0.0,0.0
WAS,0.0,0.0
BID,0.0,0.0
MATR3,0.0,0.0
XYLT2,0.0,0.0
GLT8D1,0.0,0.0
HEBP1,0.0,0.0
DDX11,0.0,0.0
RNF14,0.0,0.0
LTF,0.0,0.0
RABGAP1,0.0,0.0
CEP68,0.0,0.0
MAP4K3,0.0,0.0
TYROBP,0.0,0.0
BRCA1,0.0,0.0
CD22,0.0,0.0
MBTPS2,0.0,0.0
PRICKLE3,0.0,0.0
EXTL3,0.0,0.0
CLK1,0.0,0.0
ELOVL5,0.0,0.0
ALOX5,0.0,0.0
KDM5D,0.0,0.0
UBR7,0.0,0.0
EHD3,0.0,0.0
PSMC4,0.0,0.0
MVP,0.0,0.0
RWDD2A,0.0,0.0
ATP2C1,0.0,0.0
AGPS,0.0,0.0
STEEP1,0.0,0.0
HSF2,0.0,0.0
DERA,0.0,0.0
DEF6,0.0,0.0
GCLM,0.0,0.0
UBR2,0.0,0.0
EHD2,0.0,0.0
DEPDC1,0.0,0.0
CCDC28A,0.0,0.0
RRAGD,0.0,0.0
PHF20,0.0,0.0
GLRX2,0.0,0.0
NR1H3,0.0,0.0
TYMP,0.0,0.0
NCAPH2,0.0,0.0
TOMM34,0.0,0.0
SEC63,0.0,0.0
VIM,0.0,0.0
RNASET2,0.0,0.0
CD44,0.0,0.0
SNAPC1,0.0,0.0
AKAP11,0.0,0.0
ZNF582,0.0,0.0
FHL1,0.0,0.0
VSIG2,0.0,0.0
ZFP64,0.0,0.0
MNAT1,0.0,0.0
SAMD4A,0.0,0.0
PLEKHB1,0.0,0.0
SERPINB1,0.0,0.0
SPAST,0.0,0.0
OSBPL5,0.0,0.0
RTF2,0.0,0.0
BIRC3,0.0,0.0
NLRP2,0.0,0.0
SLC45A4,0.0,0.0
RNF10,0.0,0.0
ZNF839,0.0,0.0
ZDHHC6,0.0,0.0
GRAMD1B,0.0,0.0
RB1CC1,0.0,0.0
ERP44,0.0,0.0
LIMS2,0.0,0.0
ALDH3A2,0.0,0.0
SREBF1,0.0,0.0
CBX5,0.0,0.0
TRPM7,0.0,0.0
SNAP23,0.0,0.0
PHGDH,0.0,0.0
COL9A3,0.0,0.0
EZR,0.0,0.0
MYL6,0.0,0.0
AGO1,0.0,0.0
CLSPN,0.0,0.0
RFFL,0.0,0.0
UNC13D,0.0,0.0
MFSD11,0.0,0.0
DPYSL2,0.0,0.0
GPATCH2,0.0,0.0
COMT,0.0,0.0
ADA2,0.0,0.0
VNN3P,0.0,0.0
SEC22C,0.0,0.0
CDC6,0.0,0.0
CDC23,0.0,0.0
SEMA6A,0.0,0.0
TINF2,0.0,0.0
GEMIN2,0.0,0.0
SLC7A8,0.0,0.0
FH,0.0,0.0
SEL1L3,0.0,0.0
ALKBH5,0.0,0.0
ZC3HC1,0.0,0.0
TMEM101,0.0,0.0
PSME1,0.0,0.0
HAUS4,0.0,0.0
CEBPE,0.0,0.0
OSGEP,0.0,0.0
TOX4,0.0,0.0
SLC22A17,0.0,0.0
RNF31,0.0,0.0
SCFD1,0.0,0.0
G2E3,0.0,0.0
HECTD1,0.0,0.0
HNRNPC,0.0,0.0
RPGRIP1,0.0,0.0
SUPT16H,0.0,0.0
AAAS,0.0,0.0
SUCO,0.0,0.0
CMTM6,0.0,0.0
MSH2,0.0,0.0
CRISP3,0.0,0.0
FKBP5,0.0,0.0
SRPK1,0.0,0.0
BRPF3,0.0,0.0
MRPS18A,0.0,0.0
TMEM14A,0.0,0.0
EFHC1,0.0,0.0
HSP90AB1,0.0,0.0
CDC5L,0.0,0.0
ITPR3,0.0,0.0
ZNF184,0.0,0.0
SIRT1,0.0,0.0
HNRNPH3,0.0,0.0
IFT74,0.0,0.0
JAK2,0.0,0.0
ABL1,0.0,0.0
SH3GLB1,0.0,0.0
SYDE2,0.0,0.0
PCSK5,0.0,0.0
HIVEP1,0.0,0.0
SMIM24,0.0,0.0
NUBP2,0.0,0.0
NANS,0.0,0.0
MAP3K1,0.0,0.0
HOOK2,0.0,0.0
ARCN1,0.0,0.0
TMEM38B,0.0,0.0
PSMD5,0.0,0.0
NUP188,0.0,0.0
CRAT,0.0,0.0
SH2D3C,0.0,0.0
TBC1D2,0.0,0.0
CREM,0.0,0.0
WHRN,0.0,0.0
CWF19L1,0.0,0.0
BTAF1,0.0,0.0
IKZF5,0.0,0.0
BLNK,0.0,0.0
SORBS1,0.0,0.0
BAMBI,0.0,0.0
WAC,0.0,0.0
MAP3K20,0.0,0.0
TXNL1,0.0,0.0
TGDS,0.0,0.0
RBM41,0.0,0.0
ANAPC5,0.0,0.0
SLC23A2,0.0,0.0
TMEM230,0.0,0.0
KDM2B,0.0,0.0
TASP1,0.0,0.0
OAS1,0.0,0.0
GCN1,0.0,0.0
RPLP0,0.0,0.0
PXN,0.0,0.0
RPH3A,0.0,0.0
KIF16B,0.0,0.0
PEBP1,0.0,0.0
BRAP,0.0,0.0
ERP29,0.0,0.0
FUS,0.0,0.0
ZNF302,0.0,0.0
GRAMD1A,0.0,0.0
CMTM1,0.0,0.0
GANAB,0.0,0.0
RBBP9,0.0,0.0
ESF1,0.0,0.0
P2RX7,0.0,0.0
NSFL1C,0.0,0.0
C3orf18,0.0,0.0
COQ9,0.0,0.0
TMEM40,0.0,0.0
CRLS1,0.0,0.0
PPP1R13B,0.0,0.0
ATRN,0.0,0.0
SMOX,0.0,0.0
SIGLEC1,0.0,0.0
DNAAF9,0.0,0.0
MAPKAPK5,0.0,0.0
ZNF343,0.0,0.0
CPXM1,0.0,0.0
MAVS,0.0,0.0
LZTS3,0.0,0.0
XRN2,0.0,0.0
TESC,0.0,0.0
SNX5,0.0,0.0
RPL6,0.0,0.0
GMIP,0.0,0.0
BIRC5,0.0,0.0
WDR7,0.0,0.0
LAG3,0.0,0.0
TFAP4,0.0,0.0
SPG21,0.0,0.0
DNAJB11,0.0,0.0
GOLGA3,0.0,0.0
MCOLN1,0.0,0.0
USP48,0.0,0.0
EFNB1,0.0,0.0
PDPR,0.0,0.0
AARS1,0.0,0.0
GLG1,0.0,0.0
KIF4A,0.0,0.0
PLEKHG2,0.0,0.0
PITPNM2,0.0,0.0
EXOC1,0.0,0.0
RBM27,0.0,0.0
OSBPL8,0.0,0.0
NLRC4,0.0,0.0
PUS7,0.0,0.0
DLD,0.0,0.0
MUL1,0.0,0.0
IRAK3,0.0,0.0
STRN4,0.0,0.0
LTBP4,0.0,0.0
MLF2,0.0,0.0
DDX24,0.0,0.0
ZBTB25,0.0,0.0
NECAP1,0.0,0.0
ARHGAP4,0.0,0.0
DHX32,0.0,0.0
RCOR1,0.0,0.0
GPATCH2L,0.0,0.0
BLVRB,0.0,0.0
MAEA,0.0,0.0
SPTLC1,0.0,0.0
PAPOLA,0.0,0.0
CCNK,0.0,0.0
RGS1,0.0,0.0
YPEL3,0.0,0.0
MRPS33,0.0,0.0
NDUFB2,0.0,0.0
NUDC,0.0,0.0
SCD,0.0,0.0
ABLIM1,0.0,0.0
ERMP1,0.0,0.0
CSF2RB,0.0,0.0
CBX7,0.0,0.0
PDGFB,0.0,0.0
RPL3,0.0,0.0
ZMAT5,0.0,0.0
SYNGR1,0.0,0.0
TAB1,0.0,0.0
ASCC2,0.0,0.0
MTMR3,0.0,0.0
APOL4,0.0,0.0
MYH9,0.0,0.0
CACNA1I,0.0,0.0
SAMM50,0.0,0.0
TXN2,0.0,0.0
FOXRED2,0.0,0.0
GRAP2,0.0,0.0
EIF3D,0.0,0.0
TNRC6B,0.0,0.0
IFT27,0.0,0.0
KIAA0930,0.0,0.0
TTLL12,0.0,0.0
TSPO,0.0,0.0
ARSA,0.0,0.0
RHBDD3,0.0,0.0
FBXO7,0.0,0.0
GTPBP1,0.0,0.0
POLDIP3,0.0,0.0
RAB36,0.0,0.0
PPP6R2,0.0,0.0
SUN2,0.0,0.0
CYB5R3,0.0,0.0
LMF2,0.0,0.0
PACSIN2,0.0,0.0
APOBEC3H,0.0,0.0
TTLL1,0.0,0.0
HMGXB4,0.0,0.0
TOM1,0.0,0.0
BIK,0.0,0.0
HMOX1,0.0,0.0
MCAT,0.0,0.0
THOC5,0.0,0.0
MCM5,0.0,0.0
NCF4,0.0,0.0
FAM118A,0.0,0.0
RAB18,0.0,0.0
ST13,0.0,0.0
COCH,0.0,0.0
AP4S1,0.0,0.0
POLE2,0.0,0.0
VCPKMT,0.0,0.0
CDKL1,0.0,0.0
NIN,0.0,0.0
PYGL,0.0,0.0
PSMC6,0.0,0.0
GNPNAT1,0.0,0.0
CDKN3,0.0,0.0
CNIH1,0.0,0.0
ATP6V1D,0.0,0.0
PLEK2,0.0,0.0
PIGH,0.0,0.0
PSMA3,0.0,0.0
VTI1B,0.0,0.0
TIMM9,0.0,0.0
GSTZ1,0.0,0.0
KIAA0586,0.0,0.0
PRMT5,0.0,0.0
RBM23,0.0,0.0
GZMB,0.0,0.0
PMM1,0.0,0.0
IL2RB,0.0,0.0
RBX1,0.0,0.0
EP300,0.0,0.0
CHADL,0.0,0.0
ZC3H7B,0.0,0.0
PHF5A,0.0,0.0
ACO2,0.0,0.0
TRMU,0.0,0.0
DESI1,0.0,0.0
CTSG,0.0,0.0
CERK,0.0,0.0
ZBED4,0.0,0.0
MLC1,0.0,0.0
HDAC10,0.0,0.0
ABHD4,0.0,0.0
KHNYN,0.0,0.0
FKBP3,0.0,0.0
SDR39U1,0.0,0.0
JOSD1,0.0,0.0
RTCB,0.0,0.0
TOMM22,0.0,0.0
CBY1,0.0,0.0
TECR,0.0,0.0
CDC34,0.0,0.0
MTAP,0.0,0.0
POLR2E,0.0,0.0
POLRMT,0.0,0.0
IZUMO4,0.0,0.0
GADD45B,0.0,0.0
MADCAM1,0.0,0.0
MKNK2,0.0,0.0
ARVCF,0.0,0.0
TRMT2A,0.0,0.0
RANBP1,0.0,0.0
ZDHHC8,0.0,0.0
KLHL22,0.0,0.0
MED15,0.0,0.0
SNAP29,0.0,0.0
CRKL,0.0,0.0
MMP11,0.0,0.0
SMARCB1,0.0,0.0
NDUFB7,0.0,0.0
MARCHF2,0.0,0.0
HNRNPM,0.0,0.0
MYO9B,0.0,0.0
NRP1,0.0,0.0
HSD17B7P2,0.0,0.0
PRTFDC1,0.0,0.0
TSPAN15,0.0,0.0
MACROH2A2,0.0,0.0
WASHC2A,0.0,0.0
MZF1,0.0,0.0
OCEL1,0.0,0.0
KCNK6,0.0,0.0
PRKY,0.0,0.0
CATSPERG,0.0,0.0
PSMD8,0.0,0.0
FBXL19,0.0,0.0
HSD3B7,0.0,0.0
SETD1A,0.0,0.0
BCL7C,0.0,0.0
CIRBP,0.0,0.0
ATP5F1D,0.0,0.0
BCL2L13,0.0,0.0
DDTL,0.0,0.0
OSM,0.0,0.0
MICALL1,0.0,0.0
HPS4,0.0,0.0
SRRD,0.0,0.0
PATZ1,0.0,0.0
TFIP11,0.0,0.0
GCAT,0.0,0.0
ANKRD54,0.0,0.0
EIF3L,0.0,0.0
SNU13,0.0,0.0
CCDC134,0.0,0.0
SH3BP1,0.0,0.0
DEPDC5,0.0,0.0
PICK1,0.0,0.0
TTC28,0.0,0.0
CENPM,0.0,0.0
TPTEP1,0.0,0.0
DDX17,0.0,0.0
TCF20,0.0,0.0
HSCB,0.0,0.0
LGALS1,0.0,0.0
GGA1,0.0,0.0
CABIN1,0.0,0.0
YPEL1,0.0,0.0
TBC1D10A,0.0,0.0
SF3A1,0.0,0.0
GGT5,0.0,0.0
RNF215,0.0,0.0
SEC14L3,0.0,0.0
SPECC1L,0.0,0.0
PPIL2,0.0,0.0
UPB1,0.0,0.0
SNRPD3,0.0,0.0
SLC25A1,0.0,0.0
PES1,0.0,0.0
GGT1,0.0,0.0
PPM1F,0.0,0.0
SLC35E4,0.0,0.0
CYTH4,0.0,0.0
ESS2,0.0,0.0
MFNG,0.0,0.0
LRP5L,0.0,0.0
DOCK3,0.0,0.0
DOCK9,0.0,0.0
UBE2D1,0.0,0.0
MCCC1,0.0,0.0
DNAJC10,0.0,0.0
GTF3C1,0.0,0.0
IL4R,0.0,0.0
USP33,0.0,0.0
SNRPA,0.0,0.0
EXOSC5,0.0,0.0
DYNC1I2,0.0,0.0
APBB1IP,0.0,0.0
LRCH4,0.0,0.0
FAM76B,0.0,0.0
SIRT6,0.0,0.0
CAPZB,0.0,0.0
GPR137B,0.0,0.0
JADE1,0.0,0.0
SLC25A43,0.0,0.0
UBE2A,0.0,0.0
CST7,0.0,0.0
PIAS2,0.0,0.0
AMPH,0.0,0.0
PPP1R12B,0.0,0.0
UBE2T,0.0,0.0
NFKB2,0.0,0.0
TRAF4,0.0,0.0
MLH1,0.0,0.0
UNG,0.0,0.0
FMO4,0.0,0.0
KLHL20,0.0,0.0
PLXNA2,0.0,0.0
SPAG5,0.0,0.0
ANKRD13A,0.0,0.0
ACACB,0.0,0.0
PAG1,0.0,0.0
TOP2B,0.0,0.0
GPATCH1,0.0,0.0
ICAM3,0.0,0.0
MBNL3,0.0,0.0
RAP1GAP,0.0,0.0
XAB2,0.0,0.0
ARHGEF1,0.0,0.0
MAP2K7,0.0,0.0
DGKD,0.0,0.0
ARAF,0.0,0.0
LAMP3,0.0,0.0
BAZ2A,0.0,0.0
UBE2K,0.0,0.0
REXO1,0.0,0.0
SAR1A,0.0,0.0
CDC14A,0.0,0.0
RAPGEF3,0.0,0.0
CEACAM1,0.0,0.0
SENP1,0.0,0.0
DUSP13,0.0,0.0
CIC,0.0,0.0
LIPE,0.0,0.0
FDFT1,0.0,0.0
PAFAH1B3,0.0,0.0
OPHN1,0.0,0.0
CARMIL1,0.0,0.0
PGM1,0.0,0.0
DDX1,0.0,0.0
DNM2,0.0,0.0
EPB41L2,0.0,0.0
STX7,0.0,0.0
KEAP1,0.0,0.0
TNS1,0.0,0.0
MKNK1,0.0,0.0
SP140,0.0,0.0
NRDC,0.0,0.0
PIK3C3,0.0,0.0
N4BP2,0.0,0.0
PPP2R5C,0.0,0.0
GNB1,0.0,0.0
EDN1,0.0,0.0
MLLT10,0.0,0.0
ZCWPW1,0.0,0.0
P2RY10,0.0,0.0
PCM1,0.0,0.0
LXN,0.0,0.0
TNRC6C,0.0,0.0
ITCH,0.0,0.0
SDF4,0.0,0.0
TP73,0.0,0.0
UBE2D4,0.0,0.0
THOC1,0.0,0.0
FKBP7,0.0,0.0
XRCC5,0.0,0.0
PTPN23,0.0,0.0
RBMS2,0.0,0.0
PDRG1,0.0,0.0
BCS1L,0.0,0.0
ALPK1,0.0,0.0
LLGL2,0.0,0.0
CLCN4,0.0,0.0
SDHA,0.0,0.0
SMARCE1,0.0,0.0
GSDMB,0.0,0.0
DHRS9,0.0,0.0
PTGS2,0.0,0.0
IGF2BP2,0.0,0.0
MAP3K13,0.0,0.0
ST6GAL1,0.0,0.0
FRY,0.0,0.0
PICALM,0.0,0.0
CLASP1,0.0,0.0
MRPS34,0.0,0.0
CLNS1A,0.0,0.0
TSG101,0.0,0.0
NCBP3,0.0,0.0
ATP2A3,0.0,0.0
SELENOO,0.0,0.0
PANX2,0.0,0.0
MCM2,0.0,0.0
FBXW11,0.0,0.0
PALS1,0.0,0.0
SMC1A,0.0,0.0
HSD17B10,0.0,0.0
MARK2,0.0,0.0
P4HA2,0.0,0.0
NFATC3,0.0,0.0
TRNT1,0.0,0.0
STK10,0.0,0.0
ACAP1,0.0,0.0
SCARB1,0.0,0.0
DERL2,0.0,0.0
SIDT1,0.0,0.0
NDE1,0.0,0.0
IRAG1,0.0,0.0
TMEM38A,0.0,0.0
AP1M1,0.0,0.0
PVR,0.0,0.0
XRCC1,0.0,0.0
MGLL,0.0,0.0
DPP8,0.0,0.0
RBM7,0.0,0.0
SLC24A1,0.0,0.0
ZNF37A,0.0,0.0
MARK3,0.0,0.0
SLC25A3,0.0,0.0
FNDC3B,0.0,0.0
FOSL2,0.0,0.0
FRYL,0.0,0.0
FSCN1,0.0,0.0
ACTB,0.0,0.0
PLD1,0.0,0.0
WDR62,0.0,0.0
DLG1,0.0,0.0
RAB7A,0.0,0.0
BCAP29,0.0,0.0
SEC31B,0.0,0.0
ARHGAP15,0.0,0.0
EXOSC7,0.0,0.0
KIFAP3,0.0,0.0
MCM6,0.0,0.0
REXO2,0.0,0.0
VPS9D1,0.0,0.0
ADD2,0.0,0.0
SLC25A40,0.0,0.0
TXK,0.0,0.0
ZNF532,0.0,0.0
LMAN1,0.0,0.0
IPCEF1,0.0,0.0
ZZEF1,0.0,0.0
MYDGF,0.0,0.0
ANO8,0.0,0.0
TUBE1,0.0,0.0
ARHGEF10L,0.0,0.0
ACTR6,0.0,0.0
ZNF638,0.0,0.0
TIPIN,0.0,0.0
SRI,0.0,0.0
EIF4G3,0.0,0.0
NUP37,0.0,0.0
GTSE1,0.0,0.0
SEMA3C,0.0,0.0
ACAT1,0.0,0.0
CELSR1,0.0,0.0
SLC35C2,0.0,0.0
RFX3,0.0,0.0
RIF1,0.0,0.0
CEACAM6,0.0,0.0
MTIF2,0.0,0.0
DDHD2,0.0,0.0
EPS15,0.0,0.0
MGST2,0.0,0.0
CHERP,0.0,0.0
ATG16L1,0.0,0.0
USP40,0.0,0.0
POMGNT1,0.0,0.0
MAST2,0.0,0.0
B4GALT1,0.0,0.0
CHMP5,0.0,0.0
NFX1,0.0,0.0
DIMT1,0.0,0.0
IPO11,0.0,0.0
IPO11-LRRC70,0.0,0.0
EIF2AK1,0.0,0.0
NME8,0.0,0.0
SNX10,0.0,0.0
MRPL28,0.0,0.0
WNT11,0.0,0.0
RRN3,0.0,0.0
CPNE3,0.0,0.0
BCORL1,0.0,0.0
TXLNA,0.0,0.0
NCOA1,0.0,0.0
AGBL5,0.0,0.0
KIF3C,0.0,0.0
MAPRE3,0.0,0.0
CAD,0.0,0.0
CD59,0.0,0.0
CD82,0.0,0.0
ATRX,0.0,0.0
AKR1B1,0.0,0.0
AK6,0.0,0.0
FCN1,0.0,0.0
PREP,0.0,0.0
SEH1L,0.0,0.0
WDR47,0.0,0.0
SLC25A24,0.0,0.0
MAP3K4,0.0,0.0
ZNF213,0.0,0.0
HBQ1,0.0,0.0
RBM22,0.0,0.0
RAB21,0.0,0.0
TMED2,0.0,0.0
L2HGDH,0.0,0.0
RTRAF,0.0,0.0
NID2,0.0,0.0
GMCL1,0.0,0.0
SF3B2,0.0,0.0
KLHL42,0.0,0.0
GNAS,0.0,0.0
DNM1L,0.0,0.0
ERGIC2,0.0,0.0
AURKA,0.0,0.0
CASS4,0.0,0.0
AAMDC,0.0,0.0
RFX2,0.0,0.0
CNOT3,0.0,0.0
PTPN4,0.0,0.0
DDX18,0.0,0.0
KHSRP,0.0,0.0
EDEM2,0.0,0.0
TPX2,0.0,0.0
ADD1,0.0,0.0
NOP14,0.0,0.0
SH3BP2,0.0,0.0
FTL,0.0,0.0
ERO1B,0.0,0.0
TXLNG,0.0,0.0
LAT2,0.0,0.0
HUWE1,0.0,0.0
ZW10,0.0,0.0
ACOX3,0.0,0.0
TRIP6,0.0,0.0
ACHE,0.0,0.0
SRRT,0.0,0.0
OGFOD1,0.0,0.0
NLK,0.0,0.0
PIGS,0.0,0.0
ATXN7L3,0.0,0.0
PSMC5,0.0,0.0
UIMC1,0.0,0.0
CETP,0.0,0.0
LPCAT2,0.0,0.0
GNAO1,0.0,0.0
EIF3I,0.0,0.0
WBP11,0.0,0.0
FAM234B,0.0,0.0
APLP2,0.0,0.0
PTPRC,0.0,0.0
UBA5,0.0,0.0
STK17B,0.0,0.0
CDC14B,0.0,0.0
ZNF510,0.0,0.0
ZNF506,0.0,0.0
DELE1,0.0,0.0
HSPB11,0.0,0.0
PHLPP1,0.0,0.0
IL12RB2,0.0,0.0
SMARCD3,0.0,0.0
WDR70,0.0,0.0
FYB1,0.0,0.0
STRADB,0.0,0.0
ME2,0.0,0.0
CCNT2,0.0,0.0
FAM135A,0.0,0.0
COL19A1,0.0,0.0
EPB41L3,0.0,0.0
MEF2C,0.0,0.0
EXD2,0.0,0.0
PCNP,0.0,0.0
HSP90AA1,0.0,0.0
SESN1,0.0,0.0
MID2,0.0,0.0
SRCAP,0.0,0.0
PUM3,0.0,0.0
CNOT4,0.0,0.0
PSEN1,0.0,0.0
CPOX,0.0,0.0
CLDND1,0.0,0.0
DLGAP4,0.0,0.0
OSTM1,0.0,0.0
IGSF9B,0.0,0.0
CROCCP3,0.0,0.0
NDC80,0.0,0.0
AP4E1,0.0,0.0
RSBN1,0.0,0.0
MAGI3,0.0,0.0
COL4A4,0.0,0.0
TCF7,0.0,0.0
COBLL1,0.0,0.0
DLG3,0.0,0.0
MRPL22,0.0,0.0
ZNF264,0.0,0.0
RRAGB,0.0,0.0
CYLD,0.0,0.0
SLC27A5,0.0,0.0
ZNF324,0.0,0.0
ZNF671,0.0,0.0
ZNF416,0.0,0.0
ZNF586,0.0,0.0
ZNF446,0.0,0.0
RPS5,0.0,0.0
PDS5B,0.0,0.0
YTHDC1,0.0,0.0
CHMP2B,0.0,0.0
SMAP2,0.0,0.0
ZMPSTE24,0.0,0.0
STARD7,0.0,0.0
HAL,0.0,0.0
SSH1,0.0,0.0
GSTP1,0.0,0.0
OXCT1,0.0,0.0
NUFIP1,0.0,0.0
GEMIN5,0.0,0.0
BCKDHB,0.0,0.0
NFE2L1,0.0,0.0
GSK3B,0.0,0.0
ITGB5,0.0,0.0
XPO1,0.0,0.0
RNF13,0.0,0.0
PALB2,0.0,0.0
DOP1A,0.0,0.0
LYRM2,0.0,0.0
KAT6A,0.0,0.0
TDRD3,0.0,0.0
TUT7,0.0,0.0
ULK2,0.0,0.0
TNPO1,0.0,0.0
PLOD1,0.0,0.0
P2RX5,0.0,0.0
ITGAE,0.0,0.0
DIS3,0.0,0.0
PIBF1,0.0,0.0
ABITRAM,0.0,0.0
DYNC2I2,0.0,0.0
SET,0.0,0.0
ASXL2,0.0,0.0
ITPKB,0.0,0.0
GUK1,0.0,0.0
CNIH3,0.0,0.0
C1orf35,0.0,0.0
MBOAT2,0.0,0.0
PARP1,0.0,0.0
PYCR2,0.0,0.0
LBR,0.0,0.0
SOX13,0.0,0.0
PPFIA4,0.0,0.0
PTPN7,0.0,0.0
ARL8A,0.0,0.0
PDIA6,0.0,0.0
RHOB,0.0,0.0
HNRNPLL,0.0,0.0
GALM,0.0,0.0
EML4,0.0,0.0
CHAC2,0.0,0.0
RPS27A,0.0,0.0
CNIH4,0.0,0.0
ARF1,0.0,0.0
DEGS1,0.0,0.0
RIT1,0.0,0.0
SLC27A3,0.0,0.0
UBAP2L,0.0,0.0
HAX1,0.0,0.0
CREB3L4,0.0,0.0
AQP10,0.0,0.0
KCNN3,0.0,0.0
C1orf43,0.0,0.0
ILF2,0.0,0.0
INTS3,0.0,0.0
SDE2,0.0,0.0
C1orf131,0.0,0.0
GALNT2,0.0,0.0
TTC13,0.0,0.0
MAP3K21,0.0,0.0
CEP170,0.0,0.0
CEP170P1,0.0,0.0
SRP9,0.0,0.0
NVL,0.0,0.0
WDPCP,0.0,0.0
SNRPG,0.0,0.0
TPM3,0.0,0.0
MEIS1,0.0,0.0
METTL21A,0.0,0.0
NBEAL1,0.0,0.0
SUMF1,0.0,0.0
LOC100130207,0.0,0.0
RHBDD1,0.0,0.0
ACKR3,0.0,0.0
HES6,0.0,0.0
ANKMY1,0.0,0.0
COPS7B,0.0,0.0
DIS3L2,0.0,0.0
FANCD2,0.0,0.0
TAMM41,0.0,0.0
VGLL4,0.0,0.0
RAB5A,0.0,0.0
CTDSP1,0.0,0.0
CNOT9,0.0,0.0
STK11IP,0.0,0.0
DYNC1LI1,0.0,0.0
OSBPL10,0.0,0.0
HSPD1,0.0,0.0
UBR3,0.0,0.0
CDCA7,0.0,0.0
TMEM177,0.0,0.0
CIAO1,0.0,0.0
ZNF514,0.0,0.0
SNRNP200,0.0,0.0
TPRKB,0.0,0.0
SFXN5,0.0,0.0
TEX261,0.0,0.0
DUSP11,0.0,0.0
RALB,0.0,0.0
RABL2A,0.0,0.0
SLC4A10,0.0,0.0
FBLN7,0.0,0.0
ZC3H8,0.0,0.0
LIPT1,0.0,0.0
AFF3,0.0,0.0
UBXN4,0.0,0.0
POLR2D,0.0,0.0
AMMECR1L,0.0,0.0
PKP4,0.0,0.0
SNAPIN,0.0,0.0
S100A8,0.0,0.0
ITGA9,0.0,0.0
PRCC,0.0,0.0
ALDH9A1,0.0,0.0
ATP1B1,0.0,0.0
TIPRL,0.0,0.0
NME7,0.0,0.0
POGK,0.0,0.0
MPC2,0.0,0.0
CREG1,0.0,0.0
GPA33,0.0,0.0
TBX19,0.0,0.0
TMCO1,0.0,0.0
XCL1,0.0,0.0
POU2F1,0.0,0.0
MGST3,0.0,0.0
COP1,0.0,0.0
UFC1,0.0,0.0
PPOX,0.0,0.0
NUF2,0.0,0.0
SDHC,0.0,0.0
PFDN2,0.0,0.0
CELSR2,0.0,0.0
CD53,0.0,0.0
C1orf162,0.0,0.0
SERBP1,0.0,0.0
KIAA0319L,0.0,0.0
EVA1B,0.0,0.0
PLK4,0.0,0.0
MAP3K6,0.0,0.0
GPN2,0.0,0.0
WDTC1,0.0,0.0
NBPF3,0.0,0.0
ITGB3BP,0.0,0.0
BCL10,0.0,0.0
PSMA5,0.0,0.0
PRKACB,0.0,0.0
PIGK,0.0,0.0
AZIN2,0.0,0.0
RPS8,0.0,0.0
KIF2C,0.0,0.0
MOB3C,0.0,0.0
MTF2,0.0,0.0
ZNF697,0.0,0.0
USP21,0.0,0.0
FCRL5,0.0,0.0
RAB13,0.0,0.0
METTL25B,0.0,0.0
ANP32E,0.0,0.0
MINDY1,0.0,0.0
ANXA9,0.0,0.0
SELENBP1,0.0,0.0
CERS2,0.0,0.0
ENSA,0.0,0.0
ARNT,0.0,0.0
POGZ,0.0,0.0
GOLPH3L,0.0,0.0
GABPB2,0.0,0.0
DTL,0.0,0.0
DYRK3,0.0,0.0
EIF2D,0.0,0.0
SMYD2,0.0,0.0
SUSD4,0.0,0.0
DUSP10,0.0,0.0
TP53BP2,0.0,0.0
ATP8B2,0.0,0.0
JTB,0.0,0.0
PIP5K1A,0.0,0.0
RFX5,0.0,0.0
CTSK,0.0,0.0
RORC,0.0,0.0
PIGM,0.0,0.0
ISG20L2,0.0,0.0
HDGF,0.0,0.0
ABL2,0.0,0.0
XPR1,0.0,0.0
RGS16,0.0,0.0
TOR1AIP1,0.0,0.0
PRUNE1,0.0,0.0
TUFT1,0.0,0.0
ADAMTSL4-AS1,0.0,0.0
SF3B4,0.0,0.0
ECM1,0.0,0.0
ZNF687,0.0,0.0
TARS2,0.0,0.0
SNX27,0.0,0.0
SETDB1,0.0,0.0
ADAMTSL4,0.0,0.0
MCL1,0.0,0.0
POMGNT2,0.0,0.0
GOLGA4,0.0,0.0
SLC5A6,0.0,0.0
TRAPPC14,0.0,0.0
SHPRH,0.0,0.0
AIG1,0.0,0.0
DYNLT1,0.0,0.0
TIAM2,0.0,0.0
ZMYM4,0.0,0.0
ARMT1,0.0,0.0
GNA12,0.0,0.0
C7orf50,0.0,0.0
WASH2P,0.0,0.0
RBAK,0.0,0.0
CDCA5,0.0,0.0
IGFBP3,0.0,0.0
PURB,0.0,0.0
RPL32P18,0.0,0.0
POMZP3,0.0,0.0
CCT6A,0.0,0.0
PSPH,0.0,0.0
ZNF92,0.0,0.0
ATXN7L1,0.0,0.0
MTFR2,0.0,0.0
SLC18B1,0.0,0.0
ABRACL,0.0,0.0
FGD2,0.0,0.0
PLA2G7,0.0,0.0
TNFRSF21,0.0,0.0
RNF44,0.0,0.0
MMUT,0.0,0.0
DOK3,0.0,0.0
ABT1,0.0,0.0
DAAM2,0.0,0.0
PRIM2,0.0,0.0
CRIP3,0.0,0.0
ARHGAP18,0.0,0.0
RPL7L1,0.0,0.0
TPBG,0.0,0.0
PHIP,0.0,0.0
MMS22L,0.0,0.0
RARS2,0.0,0.0
SCML4,0.0,0.0
TBC1D32,0.0,0.0
RNF217,0.0,0.0
TMEM168,0.0,0.0
SLC12A9,0.0,0.0
TRIM41,0.0,0.0
GIGYF1,0.0,0.0
SNX12,0.0,0.0
ZNF711,0.0,0.0
DIAPH2,0.0,0.0
NXF3,0.0,0.0
PRPS1,0.0,0.0
RADX,0.0,0.0
DOCK11,0.0,0.0
RBMX,0.0,0.0
FBXO25,0.0,0.0
NSDHL,0.0,0.0
ZNF185,0.0,0.0
RPL10,0.0,0.0
CSGALNACT1,0.0,0.0
ATP6V1B2,0.0,0.0
CCDC25,0.0,0.0
HMBOX1,0.0,0.0
BIN3,0.0,0.0
DOK2,0.0,0.0
SLC25A37,0.0,0.0
OGT,0.0,0.0
EBP,0.0,0.0
CCDC120,0.0,0.0
CASK,0.0,0.0
MEPCE,0.0,0.0
AGBL3,0.0,0.0
ZC3HAV1L,0.0,0.0
TMEM140,0.0,0.0
EPHA1,0.0,0.0
NOM1,0.0,0.0
LUC7L2,0.0,0.0
SH3KBP1,0.0,0.0
MSN,0.0,0.0
GPR174,0.0,0.0
HDAC8,0.0,0.0
ZNF182,0.0,0.0
CHST7,0.0,0.0
KRBOX4,0.0,0.0
NDUFB11,0.0,0.0
ZNF41,0.0,0.0
ZMYM3,0.0,0.0
TAF1,0.0,0.0
FAM193B,0.0,0.0
KLHL3,0.0,0.0
CTDSPL,0.0,0.0
CCNA2,0.0,0.0
EAF2,0.0,0.0
EIF2B5,0.0,0.0
DGKQ,0.0,0.0
FIP1L1,0.0,0.0
SLC26A1,0.0,0.0
LYAR,0.0,0.0
CENPC,0.0,0.0
ATP10D,0.0,0.0
OCIAD2,0.0,0.0
SCD5,0.0,0.0
PLAC8,0.0,0.0
ENOPH1,0.0,0.0
TRMT10A,0.0,0.0
KLHL8,0.0,0.0
SNCA,0.0,0.0
PYURF,0.0,0.0
TBCK,0.0,0.0
CAMK2D,0.0,0.0
TIFA,0.0,0.0
MANF,0.0,0.0
DCAF1,0.0,0.0
TCTA,0.0,0.0
NXPE3,0.0,0.0
IQSEC1,0.0,0.0
RPL32,0.0,0.0
SLC25A26,0.0,0.0
UBA3,0.0,0.0
TMF1,0.0,0.0
LRIG1,0.0,0.0
LIMD1,0.0,0.0
NFKBIZ,0.0,0.0
ABHD10,0.0,0.0
RUBCN,0.0,0.0
RABL3,0.0,0.0
ADPRH,0.0,0.0
ATG3,0.0,0.0
SRPRB,0.0,0.0
EIF2A,0.0,0.0
OSBPL11,0.0,0.0
NCEH1,0.0,0.0
TMEM44,0.0,0.0
SPATA5,0.0,0.0
METTL14,0.0,0.0
ZMAT2,0.0,0.0
USP53,0.0,0.0
SLC30A5,0.0,0.0
BTF3,0.0,0.0
FBXL17,0.0,0.0
TNFAIP8,0.0,0.0
FEM1C,0.0,0.0
COMMD10,0.0,0.0
ATG12,0.0,0.0
ARHGAP26,0.0,0.0
DDX46,0.0,0.0
TIMD4,0.0,0.0
RNF145,0.0,0.0
FBXO38,0.0,0.0
ZNF300,0.0,0.0
NHP2,0.0,0.0
RMND5B,0.0,0.0
BOD1,0.0,0.0
KCNMB1,0.0,0.0
FAM50B,0.0,0.0
GFOD1,0.0,0.0
GTF2H2,0.0,0.0
BDP1,0.0,0.0
PPIP5K2,0.0,0.0
MYO10,0.0,0.0
LOC105377622,0.0,0.0
MARCHF1,0.0,0.0
SFRP2,0.0,0.0
PDGFC,0.0,0.0
CBR4,0.0,0.0
ROPN1L,0.0,0.0
NDUFS6,0.0,0.0
MARCHF6,0.0,0.0
OTULINL,0.0,0.0
GIN1,0.0,0.0
RPL37,0.0,0.0
SKP2,0.0,0.0
PLK2,0.0,0.0
GZMA,0.0,0.0
PIK3R1,0.0,0.0
LHFPL2,0.0,0.0
SSBP2,0.0,0.0
IQGAP2,0.0,0.0
C1orf216,0.0,0.0
RPL11,0.0,0.0
SH3BGRL3,0.0,0.0
CERS5,0.0,0.0
SLC15A4,0.0,0.0
TDG,0.0,0.0
RITA1,0.0,0.0
SDSL,0.0,0.0
MMAB,0.0,0.0
GLTP,0.0,0.0
GIT2,0.0,0.0
TCHP,0.0,0.0
NUP58,0.0,0.0
MTMR6,0.0,0.0
SLC46A3,0.0,0.0
SLC7A1,0.0,0.0
LNX2,0.0,0.0
CCDC65,0.0,0.0
TARBP2,0.0,0.0
GPR84,0.0,0.0
N4BP2L1,0.0,0.0
CELA1,0.0,0.0
BRCA2,0.0,0.0
NEDD1,0.0,0.0
AMDHD1,0.0,0.0
SNRPF,0.0,0.0
TMEM117,0.0,0.0
ETV6,0.0,0.0
GABARAPL1,0.0,0.0
KIF21A,0.0,0.0
CPNE8,0.0,0.0
FGD4,0.0,0.0
AEBP2,0.0,0.0
ETFBKMT,0.0,0.0
ETNK1,0.0,0.0
PRICKLE1,0.0,0.0
TMTC3,0.0,0.0
C1RL,0.0,0.0
NDUFA9,0.0,0.0
PEX5,0.0,0.0
SCAF11,0.0,0.0
LLPH,0.0,0.0
RPL14P1,0.0,0.0
MARCHF9,0.0,0.0
POC1B,0.0,0.0
KANSL2,0.0,0.0
MAP3K12,0.0,0.0
B4GALNT3,0.0,0.0
CSAD,0.0,0.0
RTN1,0.0,0.0
SLC38A6,0.0,0.0
NAA30,0.0,0.0
DCAF5,0.0,0.0
RAB15,0.0,0.0
WDR89,0.0,0.0
EFCAB11,0.0,0.0
SLC24A4,0.0,0.0
CLBA1,0.0,0.0
WDR20,0.0,0.0
NIPA2,0.0,0.0
SLC12A6,0.0,0.0
MFAP1,0.0,0.0
TCF12,0.0,0.0
SORD,0.0,0.0
ZSCAN29,0.0,0.0
LYSMD2,0.0,0.0
SLC27A2,0.0,0.0
HDC,0.0,0.0
TMX1,0.0,0.0
CDH24,0.0,0.0
CUL4A,0.0,0.0
ESD,0.0,0.0
LMBR1L,0.0,0.0
MYG1,0.0,0.0
ESYT1,0.0,0.0
TMBIM6,0.0,0.0
ANKRD52,0.0,0.0
ZNF740,0.0,0.0
WDFY2,0.0,0.0
HNRNPA1L2,0.0,0.0
RB1,0.0,0.0
GRTP1,0.0,0.0
SBNO1,0.0,0.0
MORN3,0.0,0.0
VPS37B,0.0,0.0
RHOF,0.0,0.0
DENR,0.0,0.0
RBM26,0.0,0.0
MBNL2,0.0,0.0
ABHD13,0.0,0.0
ERP27,0.0,0.0
PARVG,0.0,0.0
PEX14,0.0,0.0
USP8,0.0,0.0
BARD1,0.0,0.0
STAT4,0.0,0.0
CARF,0.0,0.0
ASNSD1,0.0,0.0
METTL5,0.0,0.0
SSB,0.0,0.0
PPIG,0.0,0.0
FASTKD1,0.0,0.0
IDH1,0.0,0.0
CIR1,0.0,0.0
ITPRID2,0.0,0.0
FAM117B,0.0,0.0
WDR12,0.0,0.0
ABI2,0.0,0.0
ITGAV,0.0,0.0
SLC35A5,0.0,0.0
SLC49A4,0.0,0.0
SENP7,0.0,0.0
COX17,0.0,0.0
SMARCAL1,0.0,0.0
DNA2,0.0,0.0
RPS24,0.0,0.0
DUSP5,0.0,0.0
FBXO11,0.0,0.0
ATRAID,0.0,0.0
DTNB,0.0,0.0
ACTR1A,0.0,0.0
MFSD13A,0.0,0.0
MYOF,0.0,0.0
STAMBPL1,0.0,0.0
ATAD1,0.0,0.0
CALHM2,0.0,0.0
ASCC1,0.0,0.0
CEP55,0.0,0.0
KIF20B,0.0,0.0
ENTPD1,0.0,0.0
EXOC6,0.0,0.0
DBR1,0.0,0.0
DNAJC13,0.0,0.0
ANXA7,0.0,0.0
FAM149B1,0.0,0.0
PARP9,0.0,0.0
SECISBP2L,0.0,0.0
RNF185,0.0,0.0
TMOD3,0.0,0.0
G3BP2,0.0,0.0
SCARB2,0.0,0.0
CCNG2,0.0,0.0
USO1,0.0,0.0
ANXA3,0.0,0.0
PPA2,0.0,0.0
CENPE,0.0,0.0
INTS12,0.0,0.0
CASP6,0.0,0.0
LEF1,0.0,0.0
HADH,0.0,0.0
EGF,0.0,0.0
PAPSS1,0.0,0.0
SEC24B,0.0,0.0
PPP3CA,0.0,0.0
SLC39A8,0.0,0.0
MAPK8IP3,0.0,0.0
RGS3,0.0,0.0
GUCD1,0.0,0.0
BMP2K,0.0,0.0
NUP54,0.0,0.0
PDE5A,0.0,0.0
HERC3,0.0,0.0
LOC112268148,0.0,0.0
APH1B,0.0,0.0
INTS14,0.0,0.0
PARP16,0.0,0.0
SEMA7A,0.0,0.0
UBL7,0.0,0.0
ARHGAP24,0.0,0.0
FAM13A,0.0,0.0
HERC6,0.0,0.0
MMRN1,0.0,0.0
HERC5,0.0,0.0
ZGRF1,0.0,0.0
AP1AR,0.0,0.0
COPS4,0.0,0.0
HNRNPD,0.0,0.0
SEC31A,0.0,0.0
GPAT3,0.0,0.0
RAP1GDS1,0.0,0.0
BNIP2,0.0,0.0
GTF2A2,0.0,0.0
SRP14,0.0,0.0
SLC39A3,0.0,0.0
NARF,0.0,0.0
RPTOR,0.0,0.0
SECTM1,0.0,0.0
RNF157,0.0,0.0
CEP131,0.0,0.0
WDR45B,0.0,0.0
CBX4,0.0,0.0
DYM,0.0,0.0
SMAD4,0.0,0.0
TNFRSF11A,0.0,0.0
ZCCHC2,0.0,0.0
P3H4,0.0,0.0
NT5C3B,0.0,0.0
RETREG3,0.0,0.0
MIEN1,0.0,0.0
IGFBP4,0.0,0.0
TXNL4A,0.0,0.0
CACNA1A,0.0,0.0
SAMD1,0.0,0.0
FN3KRP,0.0,0.0
TBCD,0.0,0.0
ANAPC11,0.0,0.0
ARRB2,0.0,0.0
C18orf21,0.0,0.0
GALNT1,0.0,0.0
ESCO1,0.0,0.0
OSBPL1A,0.0,0.0
RMC1,0.0,0.0
PELP1,0.0,0.0
NPC1,0.0,0.0
SLC14A1,0.0,0.0
ZMYND15,0.0,0.0
RAB40B,0.0,0.0
WRAP53,0.0,0.0
MINK1,0.0,0.0
SAT2,0.0,0.0
PIK3R5,0.0,0.0
TP53,0.0,0.0
ARHGDIA,0.0,0.0
TMC6,0.0,0.0
SLC16A3,0.0,0.0
BRD4,0.0,0.0
NFIC,0.0,0.0
BAHD1,0.0,0.0
TPGS1,0.0,0.0
AKT1,0.0,0.0
EMP3,0.0,0.0
SAE1,0.0,0.0
GEMIN7,0.0,0.0
ADAMTS10,0.0,0.0
RNPEPL1,0.0,0.0
MYO1F,0.0,0.0
ERVK3-1,0.0,0.0
NLRP12,0.0,0.0
ZNF787,0.0,0.0
TIMM29,0.0,0.0
PSMB6,0.0,0.0
ZNF473,0.0,0.0
RPS11,0.0,0.0
RPL13A,0.0,0.0
NOSIP,0.0,0.0
ZNF614,0.0,0.0
ARHGEF19,0.0,0.0
EFHD2,0.0,0.0
URB1,0.0,0.0
DOP1B,0.0,0.0
APP,0.0,0.0
ZFP14,0.0,0.0
PRDM15,0.0,0.0
PFKL,0.0,0.0
VAV1,0.0,0.0
MVB12A,0.0,0.0
SH3GL1,0.0,0.0
DUS3L,0.0,0.0
DPP9,0.0,0.0
TMEM91,0.0,0.0
SIRT3,0.0,0.0
TMEM50B,0.0,0.0
IFITM3,0.0,0.0
PGGHG,0.0,0.0
COL6A1,0.0,0.0
IFNAR1,0.0,0.0
SOD1,0.0,0.0
COL6A2,0.0,0.0
TRPM2,0.0,0.0
SCYL1,0.0,0.0
RPRD1A,0.0,0.0
SLC39A6,0.0,0.0
GNAL,0.0,0.0
IMPA2,0.0,0.0
SCAMP2,0.0,0.0
HAPLN3,0.0,0.0
POLG,0.0,0.0
ABHD2,0.0,0.0
MFGE8,0.0,0.0
ZNF710,0.0,0.0
UNC45A,0.0,0.0
MCTP2,0.0,0.0
FURIN,0.0,0.0
IQGAP1,0.0,0.0
GLYR1,0.0,0.0
PMM2,0.0,0.0
LOC100130283,0.0,0.0
ITGAX,0.0,0.0
TGFB1I1,0.0,0.0
RUSF1,0.0,0.0
PARN,0.0,0.0
FTO,0.0,0.0
UQCRC2,0.0,0.0
PCSK6,0.0,0.0
ULK3,0.0,0.0
PML,0.0,0.0
SCAPER,0.0,0.0
CDAN1,0.0,0.0
ANP32A,0.0,0.0
COMMD4,0.0,0.0
UBE2Q2,0.0,0.0
PSTPIP1,0.0,0.0
ETFA,0.0,0.0
BCL2A1,0.0,0.0
HMG20A,0.0,0.0
SKIC8,0.0,0.0
BBS4,0.0,0.0
MAN2C1,0.0,0.0
DNAJA4,0.0,0.0
TLNRD1,0.0,0.0
TPM1,0.0,0.0
IGF1R,0.0,0.0
ARRDC4,0.0,0.0
PIF1,0.0,0.0
USP3,0.0,0.0
CDR2,0.0,0.0
IGSF6,0.0,0.0
DHX38,0.0,0.0
VPS53,0.0,0.0
ZNF287,0.0,0.0
UTP4,0.0,0.0
RANBP10,0.0,0.0
DPEP3,0.0,0.0
GFOD2,0.0,0.0
NOB1,0.0,0.0
PRPSAP2,0.0,0.0
PCTP,0.0,0.0
SGSM2,0.0,0.0
COPS3,0.0,0.0
NPEPPS,0.0,0.0
SCRN2,0.0,0.0
ARSG,0.0,0.0
G6PC3,0.0,0.0
BCAS3,0.0,0.0
SS18,0.0,0.0
TAF4B,0.0,0.0
AFG3L2,0.0,0.0
GID4,0.0,0.0
MED9,0.0,0.0
ZFHX3,0.0,0.0
MEAK7,0.0,0.0
CPNE2,0.0,0.0
NLRC5,0.0,0.0
KATNB1,0.0,0.0
KIFC3,0.0,0.0
CMTM3,0.0,0.0
CMTM2,0.0,0.0
MAP1LC3B,0.0,0.0
ZCCHC14,0.0,0.0
OSGIN1,0.0,0.0
GAS8,0.0,0.0
IRF8,0.0,0.0
RHOT2,0.0,0.0
RPS2,0.0,0.0
NDUFB10,0.0,0.0
PDPK1,0.0,0.0
DEF8,0.0,0.0
TCF25,0.0,0.0
GALNS,0.0,0.0
CHMP7,0.0,0.0
DOCK5,0.0,0.0
PLPBP,0.0,0.0
SFXN2,0.0,0.0
ADK,0.0,0.0
BATF,0.0,0.0
DCK,0.0,0.0
DPY19L4,0.0,0.0
DRAM2,0.0,0.0
CFAP161,0.0,0.0
WHAMM,0.0,0.0
N6AMT1,0.0,0.0
RWDD2B,0.0,0.0
USP16,0.0,0.0
CCT8,0.0,0.0
MAP3K7CL,0.0,0.0
BACH1,0.0,0.0
TSPAN7,0.0,0.0
TIAM1,0.0,0.0
SCAF4,0.0,0.0
RPGR,0.0,0.0
CDK20,0.0,0.0
PCGF6,0.0,0.0
FAM161B,0.0,0.0
MCU,0.0,0.0
CARNMT1,0.0,0.0
LSM11,0.0,0.0
KCTD18,0.0,0.0
HYCC2,0.0,0.0
FLACC1,0.0,0.0
TMEM237,0.0,0.0
RNF20,0.0,0.0
PPARGC1B,0.0,0.0
ELMO1,0.0,0.0
SLC26A2,0.0,0.0
MED7,0.0,0.0
PSD3,0.0,0.0
RRAGA,0.0,0.0
PXYLP1,0.0,0.0
RASA2,0.0,0.0
TMBIM4,0.0,0.0
RAB39B,0.0,0.0
CLIC2,0.0,0.0
AFF2,0.0,0.0
VPS37A,0.0,0.0
SFR1,0.0,0.0
ATP5MJ,0.0,0.0
VSIG4,0.0,0.0
UQCRB,0.0,0.0
FBXO32,0.0,0.0
NSMCE2,0.0,0.0
PRR14,0.0,0.0
FBRS,0.0,0.0
PHKG2,0.0,0.0
MFSD14A,0.0,0.0
SASS6,0.0,0.0
MALSU1,0.0,0.0
GALK2,0.0,0.0
PDE6D,0.0,0.0
EIF4A2,0.0,0.0
BRPF1,0.0,0.0
GHRL,0.0,0.0
SEC13,0.0,0.0
EXOG,0.0,0.0
NTAN1,0.0,0.0
ZFYVE9,0.0,0.0
SMG1,0.0,0.0
SYN2,0.0,0.0
ATAD2,0.0,0.0
TBC1D31,0.0,0.0
MS4A1,0.0,0.0
TYSND1,0.0,0.0
MTERF3,0.0,0.0
PTDSS1,0.0,0.0
PPP2R2B,0.0,0.0
RPL30,0.0,0.0
PABIR3,0.0,0.0
PABIR2,0.0,0.0
EEF1A1,0.0,0.0
HK1,0.0,0.0
PHF6,0.0,0.0
MAPK13,0.0,0.0
CD109,0.0,0.0
ZDHHC5,0.0,0.0
MED19,0.0,0.0
ZFAND3,0.0,0.0
NPTN,0.0,0.0
KAT6B,0.0,0.0
UTP14A,0.0,0.0
AIFM1,0.0,0.0
PDIA4,0.0,0.0
TTN,0.0,0.0
GRAP,0.0,0.0
DPH3,0.0,0.0
TRIM11,0.0,0.0
CCSAP,0.0,0.0
SH3RF1,0.0,0.0
GBP5,0.0,0.0
BUB3,0.0,0.0
DIPK1A,0.0,0.0
ATP5MC3,0.0,0.0
ELOC,0.0,0.0
LY96,0.0,0.0
TMSB4Y,0.0,0.0
BTG3,0.0,0.0
C21orf91,0.0,0.0
L3MBTL4,0.0,0.0
RABGEF1,0.0,0.0
MRPL39,0.0,0.0
GABPA,0.0,0.0
TSEN2,0.0,0.0
SLFN13,0.0,0.0
XPC,0.0,0.0
OBSCN,0.0,0.0
NEIL2,0.0,0.0
TNIK,0.0,0.0
NRGN,0.0,0.0
IMPACT,0.0,0.0
SDHAF4,0.0,0.0
C16orf74,0.0,0.0
TBCEL,0.0,0.0
ANKH,0.0,0.0
OTULIN,0.0,0.0
UBASH3B,0.0,0.0
ROBO3,0.0,0.0
RETREG1,0.0,0.0
DISP1,0.0,0.0
TOMM70,0.0,0.0
ANGPT1,0.0,0.0
PITPNC1,0.0,0.0
CC2D1B,0.0,0.0
PRKCA,0.0,0.0
ABCA5,0.0,0.0
UCHL1,0.0,0.0
MIA3,0.0,0.0
CCDC174,0.0,0.0
OXNAD1,0.0,0.0
RBM45,0.0,0.0
PLCL2,0.0,0.0
SAMSN1,0.0,0.0
USP25,0.0,0.0
ZCCHC10,0.0,0.0
C16orf87,0.0,0.0
MOV10,0.0,0.0
RHOC,0.0,0.0
DBI,0.0,0.0
HEATR3,0.0,0.0
NIFK,0.0,0.0
OXA1L,0.0,0.0
SLC7A7,0.0,0.0
LARP1,0.0,0.0
CNOT8,0.0,0.0
SETD9,0.0,0.0
MIER3,0.0,0.0
NUP205,0.0,0.0
ZKSCAN2,0.0,0.0
C9orf85,0.0,0.0
PIK3AP1,0.0,0.0
SLC25A28,0.0,0.0
TRMT44,0.0,0.0
GOLGA7B,0.0,0.0
KLF10,0.0,0.0
CXXC1,0.0,0.0
PPP4R1,0.0,0.0
CCDC144BP,0.0,0.0
MPPE1,0.0,0.0
EPHB1,0.0,0.0
VOPP1,0.0,0.0
APOOL,0.0,0.0
CYP2U1,0.0,0.0
PTPRN2,0.0,0.0
MARVELD1,0.0,0.0
AZIN1,0.0,0.0
ATP6V1C1,0.0,0.0
PIP4P2,0.0,0.0
OTUD6B,0.0,0.0
CDK19,0.0,0.0
GTF3C6,0.0,0.0
TTC39B,0.0,0.0
MMS19,0.0,0.0
NRG1,0.0,0.0
ODR4,0.0,0.0
LRP8,0.0,0.0
CBR1,0.0,0.0
EPB41,0.0,0.0
MIS18A,0.0,0.0
ALG8,0.0,0.0
FBXW5,0.0,0.0
SYNJ1,0.0,0.0
PAXBP1,0.0,0.0
IFNAR2,0.0,0.0
MRPL10,0.0,0.0
IFNGR2,0.0,0.0
GART,0.0,0.0
SON,0.0,0.0
DONSON,0.0,0.0
SV2A,0.0,0.0
ATP5MC1,0.0,0.0
RCAN1,0.0,0.0
UBE2Z,0.0,0.0
SNF8,0.0,0.0
CCDC24,0.0,0.0
RUNX1,0.0,0.0
RAPGEF6,0.0,0.0
CDC42SE2,0.0,0.0
CCAR2,0.0,0.0
USF1,0.0,0.0
ZSCAN12,0.0,0.0
TAGLN2,0.0,0.0
ELK4,0.0,0.0
SLC45A3,0.0,0.0
DUSP23,0.0,0.0
RNF166,0.0,0.0
NBL1,0.0,0.0
F11R,0.0,0.0
SPATA2L,0.0,0.0
FCER1G,0.0,0.0
NIT1,0.0,0.0
DEDD,0.0,0.0
ZNF276,0.0,0.0
EDA,0.0,0.0
CDA,0.0,0.0
PINK1,0.0,0.0
B4GALT3,0.0,0.0
NDUFS2,0.0,0.0
LOC100506403,0.0,0.0
CHAF1B,0.0,0.0
PAXIP1,0.0,0.0
HLCS,0.0,0.0
ACE,0.0,0.0
EFCAB14,0.0,0.0
CTBP1,0.0,0.0
TPPP3,0.0,0.0
ZDHHC1,0.0,0.0
ATP6V0D1,0.0,0.0
ZFYVE28,0.0,0.0
CARMIL2,0.0,0.0
C16orf86,0.0,0.0
RGS12,0.0,0.0
PSKH1,0.0,0.0
ZYX,0.0,0.0
CCDC117,0.0,0.0
CCDC107,0.0,0.0
GNE,0.0,0.0
TNFRSF13C,0.0,0.0
ARHGAP35,0.0,0.0
PTGIR,0.0,0.0
CALM3,0.0,0.0
ADGRG5,0.0,0.0
TMEM69,0.0,0.0
NAE1,0.0,0.0
BTG2,0.0,0.0
ARHGAP27,0.0,0.0
ADPGK,0.0,0.0
ADIPOR1,0.0,0.0
CYB5R1,0.0,0.0
PSMD4,0.0,0.0
ATP13A2,0.0,0.0
M1AP,0.0,0.0
PSMB4,0.0,0.0
HK2,0.0,0.0
GPBP1L1,0.0,0.0
C1R,0.0,0.0
ALDH4A1,0.0,0.0
THEM4,0.0,0.0
UBR1,0.0,0.0
AMFR,0.0,0.0
MED8,0.0,0.0
RGL4,0.0,0.0
CCDC17,0.0,0.0
GPAT4,0.0,0.0
EMSY,0.0,0.0
COPG2,0.0,0.0
PPP1R15B,0.0,0.0
SLC38A10,0.0,0.0
ZNF618,0.0,0.0
TMEM268,0.0,0.0
UBN2,0.0,0.0
BRAF,0.0,0.0
WDR19,0.0,0.0
SLC37A3,0.0,0.0
FMNL2,0.0,0.0
GAREM2,0.0,0.0
SPPL3,0.0,0.0
DRC1,0.0,0.0
RAB28,0.0,0.0
PRXL2B,0.0,0.0
PANK4,0.0,0.0
C12orf43,0.0,0.0
PEX10,0.0,0.0
RER1,0.0,0.0
WIPI2,0.0,0.0
LDLRAP1,0.0,0.0
TAB3,0.0,0.0
C2CD2,0.0,0.0
CREB3L1,0.0,0.0
AASDH,0.0,0.0
MMP14,0.0,0.0
FZD1,0.0,0.0
GATAD1,0.0,0.0
SUSD3,0.0,0.0
DHRS4,0.0,0.0
DDX19B,0.0,0.0
ST3GAL2,0.0,0.0
FCSK,0.0,0.0
RNF111,0.0,0.0
MX1,0.0,0.0
CCNB2,0.0,0.0
MYO1E,0.0,0.0
DYRK1A,0.0,0.0
KCNJ15,0.0,0.0
ERG,0.0,0.0
ETS2,0.0,0.0
TSPAN18,0.0,0.0
TMEM164,0.0,0.0
AGAP1,0.0,0.0
KRTCAP3,0.0,0.0
MRPL17,0.0,0.0
FAM86C1P,0.0,0.0
EIF5B,0.0,0.0
CATIP,0.0,0.0
CNOT11,0.0,0.0
TSPAN33,0.0,0.0
AHCYL2,0.0,0.0
CD1A,0.0,0.0
SPATA2,0.0,0.0
CD1C,0.0,0.0
CD1E,0.0,0.0
CDC25C,0.0,0.0
NCF1,0.0,0.0
CPA5,0.0,0.0
TSR2,0.0,0.0
ZC3H18,0.0,0.0
ZFAND2B,0.0,0.0
GDPD5,0.0,0.0
ALAS2,0.0,0.0
TMED4,0.0,0.0
MITD1,0.0,0.0
AUTS2,0.0,0.0
DUSP2,0.0,0.0
CNNM4,0.0,0.0
UBXN11,0.0,0.0
PTPDC1,0.0,0.0
GALNT14,0.0,0.0
NCK1,0.0,0.0
HPD,0.0,0.0
RHPN1,0.0,0.0
TPRG1L,0.0,0.0
PRXL2C,0.0,0.0
EYA3,0.0,0.0
CUL4B,0.0,0.0
DZIP1L,0.0,0.0
FANCC,0.0,0.0
LOC105376156,0.0,0.0
MRAS,0.0,0.0
WASF2,0.0,0.0
ABHD3,0.0,0.0
FAIM,0.0,0.0
RNF207,0.0,0.0
AK5,0.0,0.0
PPP2R5E,0.0,0.0
ERLIN2,0.0,0.0
COMMD7,0.0,0.0
TKFC,0.0,0.0
MTA2,0.0,0.0
TMEM138,0.0,0.0
FADS1,0.0,0.0
ROM1,0.0,0.0
EML3,0.0,0.0
INCENP,0.0,0.0
MS4A3,0.0,0.0
PLCH2,0.0,0.0
CPSF7,0.0,0.0
B3GAT3,0.0,0.0
EI24,0.0,0.0
CCDC15,0.0,0.0
FEZ1,0.0,0.0
STT3A-AS1,0.0,0.0
ESAM,0.0,0.0
MPZL2,0.0,0.0
SIDT2,0.0,0.0
TMEM25,0.0,0.0
KAT14,0.0,0.0
HYOU1,0.0,0.0
ST14,0.0,0.0
INTS4,0.0,0.0
CSTPP1,0.0,0.0
ARFGAP2,0.0,0.0
CELF1,0.0,0.0
HIKESHI,0.0,0.0
SESN3,0.0,0.0
ENDOD1,0.0,0.0
KLHL35,0.0,0.0
CAPN5,0.0,0.0
RPS3,0.0,0.0
LAMTOR1,0.0,0.0
ZC3H12C,0.0,0.0
TTC12,0.0,0.0
NCAM1,0.0,0.0
NPAT,0.0,0.0
ATM,0.0,0.0
AASDHPPT,0.0,0.0
GLB1L2,0.0,0.0
SLX4IP,0.0,0.0
TAGLN,0.0,0.0
SOGA1,0.0,0.0
SSRP1,0.0,0.0
CABLES2,0.0,0.0
DCUN1D2,0.0,0.0
TMCO3,0.0,0.0
TMEM218,0.0,0.0
TIRAP,0.0,0.0
EEF1AKMT1,0.0,0.0
LATS2,0.0,0.0
SAP18,0.0,0.0
KIAA1328,0.0,0.0
MIA2,0.0,0.0
HNMT,0.0,0.0
PDCD4,0.0,0.0
ADRA2A,0.0,0.0
CD226,0.0,0.0
RGS18,0.0,0.0
MTMR12,0.0,0.0
CCT5,0.0,0.0
ATPSCKMT,0.0,0.0
DLAT,0.0,0.0
NKAPD1,0.0,0.0
ARID5B,0.0,0.0
FCGR1A,0.0,0.0
CWC15,0.0,0.0
VPS51,0.0,0.0
LTO1,0.0,0.0
TRPT1,0.0,0.0
NUDT22,0.0,0.0
FERMT3,0.0,0.0
PLCB3,0.0,0.0
MRPL49,0.0,0.0
FAU,0.0,0.0
TM7SF2,0.0,0.0
PPP4C,0.0,0.0
CTF1,0.0,0.0
ALDOA,0.0,0.0
HIRIP3,0.0,0.0
TAOK2,0.0,0.0
TMEM219,0.0,0.0
CNKSR2,0.0,0.0
KLRF1,0.0,0.0
MPP7,0.0,0.0
ITGB1,0.0,0.0
PTPRJ,0.0,0.0
EIF3M,0.0,0.0
ZUP1,0.0,0.0
REXO4,0.0,0.0
HAUS6,0.0,0.0
CDKN2B,0.0,0.0
CDKN2A,0.0,0.0
C9orf72,0.0,0.0
ZCCHC7,0.0,0.0
ZNG1E,0.0,0.0
CEP78,0.0,0.0
AUH,0.0,0.0
AOPEP,0.0,0.0
INIP,0.0,0.0
UGCG,0.0,0.0
SNX30,0.0,0.0
STOM,0.0,0.0
GSN,0.0,0.0
MRRF,0.0,0.0
NR6A1,0.0,0.0
GBGT1,0.0,0.0
SURF1,0.0,0.0
SURF2,0.0,0.0
PLIN2,0.0,0.0
UHRF2,0.0,0.0
AK3,0.0,0.0
RPL7,0.0,0.0
TACC1,0.0,0.0
GOLGA7,0.0,0.0
PLPP5,0.0,0.0
GINS4,0.0,0.0
ADHFE1,0.0,0.0
MRPS28,0.0,0.0
LACTB2,0.0,0.0
TERF1,0.0,0.0
LRP12,0.0,0.0
SLC39A4,0.0,0.0
EBAG9,0.0,0.0
POLR2K,0.0,0.0
EIF3H,0.0,0.0
UTP23,0.0,0.0
NDUFB9,0.0,0.0
TATDN1,0.0,0.0
FAM83A,0.0,0.0
ZNF7,0.0,0.0
SURF6,0.0,0.0
RPL7A,0.0,0.0
DGKZ,0.0,0.0
ASB6,0.0,0.0
POLR3A,0.0,0.0
LRMDA,0.0,0.0
GLUD1,0.0,0.0
RPP30,0.0,0.0
ADD3,0.0,0.0
DNAJB12,0.0,0.0
EIF4EBP2,0.0,0.0
TCF7L2,0.0,0.0
FUOM,0.0,0.0
LRRC27,0.0,0.0
MTG1,0.0,0.0
GSTO1,0.0,0.0
CNNM2,0.0,0.0
PDCD11,0.0,0.0
ADM,0.0,0.0
LIN7C,0.0,0.0
PGAP2,0.0,0.0
TUT1,0.0,0.0
APIP,0.0,0.0
CDHR1,0.0,0.0
NRBF2,0.0,0.0
ZEB1,0.0,0.0
INPP5E,0.0,0.0
PTGES2,0.0,0.0
NTMT1,0.0,0.0
CIZ1,0.0,0.0
SLC25A25,0.0,0.0
SH3GLB2,0.0,0.0
MIGA2,0.0,0.0
LCN2,0.0,0.0
GPR107,0.0,0.0
SEC16A,0.0,0.0
PARD3,0.0,0.0
DPH7,0.0,0.0
NOTCH1,0.0,0.0
NACC2,0.0,0.0
USP6NL,0.0,0.0
COMMD3,0.0,0.0
MSRB2,0.0,0.0
FAM171A1,0.0,0.0
ST8SIA6,0.0,0.0
TIMM8B,0.0,0.0
IL18,0.0,0.0
PTS,0.0,0.0
MED21,0.0,0.0
CAMK4,0.0,0.0
PAN3,0.0,0.0
PFKM,0.0,0.0
TMEM123,0.0,0.0
SPEF2,0.0,0.0
MBNL1,0.0,0.0
NADK2,0.0,0.0
GPD1L,0.0,0.0
SLC30A6,0.0,0.0
RASGRP3,0.0,0.0
SAR1B,0.0,0.0
DYNLT5,0.0,0.0
HNRNPDL,0.0,0.0
HHEX,0.0,0.0
UTRN,0.0,0.0
PTPRK,0.0,0.0
GGPS1,0.0,0.0
ZNF117,0.0,0.0
ERV3-1-ZNF117,0.0,0.0
USP12,0.0,0.0
NMT2,0.0,0.0
RPP38,0.0,0.0
ATG10,0.0,0.0
ARL14EP,0.0,0.0
EPG5,0.0,0.0
PSTPIP2,0.0,0.0
HAUS1,0.0,0.0
SPC25,0.0,0.0
PDK1,0.0,0.0
PDE3B,0.0,0.0
TGOLN2,0.0,0.0
POC5,0.0,0.0
OLAH,0.0,0.0
FAM151B,0.0,0.0
TADA1,0.0,0.0
CWF19L2,0.0,0.0
JMY,0.0,0.0
ZNF773,0.0,0.0
ZNF776,0.0,0.0
SUV39H2,0.0,0.0
DCLRE1C,0.0,0.0
RAD17,0.0,0.0
PLOD2,0.0,0.0
PIP4K2A,0.0,0.0
SREK1IP1,0.0,0.0
LPCAT1,0.0,0.0
NMRAL1,0.0,0.0
UBALD1,0.0,0.0
LYSET,0.0,0.0
ING1,0.0,0.0
UBP1,0.0,0.0
RMND5A,0.0,0.0
C7orf31,0.0,0.0
JAZF1,0.0,0.0
CMIP,0.0,0.0
PID1,0.0,0.0
TRIP12,0.0,0.0
KCTD15,0.0,0.0
ZNF599,0.0,0.0
SREK1,0.0,0.0
CHD1,0.0,0.0
DGKE,0.0,0.0
HS2ST1,0.0,0.0
MSI2,0.0,0.0
LINC00467,0.0,0.0
TRAPPC8,0.0,0.0
ASAP1,0.0,0.0
SCOC,0.0,0.0
MR1,0.0,0.0
SRP19,0.0,0.0
CARHSP1,0.0,0.0
TXNDC11,0.0,0.0
DAB2,0.0,0.0
ACOXL,0.0,0.0
BCL2L11,0.0,0.0
CAST,0.0,0.0
CETN3,0.0,0.0
CYRIB,0.0,0.0
SMARCA5,0.0,0.0
BMP6,0.0,0.0
RASSF3,0.0,0.0
HNRNPU,0.0,0.0
RANBP2,0.0,0.0
NR4A2,0.0,0.0
RBMS1,0.0,0.0
CD96,0.0,0.0
SETBP1,0.0,0.0
ARL11,0.0,0.0
CYSLTR2,0.0,0.0
GEMIN6,0.0,0.0
DIP2C,0.0,0.0
EIF4E,0.0,0.0
TEX30,0.0,0.0
CSNK1G3,0.0,0.0
SRFBP1,0.0,0.0
FAM177A1,0.0,0.0
LOC101927178,0.0,0.0
MBIP,0.0,0.0
EXT2,0.0,0.0
TMEM18,0.0,0.0
NDUFC2,0.0,0.0
NUBPL,0.0,0.0
NEK7,0.0,0.0
FER,0.0,0.0
ANKRD50,0.0,0.0
UPF2,0.0,0.0
CDC123,0.0,0.0
SCLT1,0.0,0.0
C4orf33,0.0,0.0
TWF1,0.0,0.0
GXYLT1,0.0,0.0
SLC2A13,0.0,0.0
THRB,0.0,0.0
CRIM1,0.0,0.0
ABCB9,0.0,0.0
RILPL2,0.0,0.0
DHX37,0.0,0.0
UBC,0.0,0.0
ITPR1,0.0,0.0
ENKUR,0.0,0.0
CACNA2D4,0.0,0.0
OXSM,0.0,0.0
DLG5,0.0,0.0
UEVLD,0.0,0.0
TMEM86A,0.0,0.0
NOPCHAP1,0.0,0.0
TMEM263,0.0,0.0
ABTB3,0.0,0.0
UBE3B,0.0,0.0
ANK3,0.0,0.0
IPMK,0.0,0.0
EPS8,0.0,0.0
ACAD8,0.0,0.0
THYN1,0.0,0.0
TIAL1,0.0,0.0
PABPC3,0.0,0.0
CENPJ,0.0,0.0
FBXO4,0.0,0.0
TMEM267,0.0,0.0
CCL28,0.0,0.0
PARP8,0.0,0.0
CACUL1,0.0,0.0
DST,0.0,0.0
BAG3,0.0,0.0
GUF1,0.0,0.0
GLT1D1,0.0,0.0
AP1S3,0.0,0.0
RABGAP1L,0.0,0.0
TLCD4,0.0,0.0
MZT2B,0.0,0.0
SMPD4BP,0.0,0.0
MGAT5,0.0,0.0
GPATCH11,0.0,0.0
SACS,0.0,0.0
SAV1,0.0,0.0
VPS26B,0.0,0.0
VENTX,0.0,0.0
NCAPD3,0.0,0.0
VTI1A,0.0,0.0
QDPR,0.0,0.0
FHIP2A,0.0,0.0
TEX9,0.0,0.0
MMAA,0.0,0.0
LINC02491,0.0,0.0
NR3C2,0.0,0.0
KIN,0.0,0.0
BICD1,0.0,0.0
ANKAR,0.0,0.0
INPP1,0.0,0.0
ASAP2,0.0,0.0
ADAM17,0.0,0.0
FLI1,0.0,0.0
TMEM45B,0.0,0.0
WWC2,0.0,0.0
SLC25A4,0.0,0.0
PREPL,0.0,0.0
PREB,0.0,0.0
GLE1,0.0,0.0
ELK1,0.0,0.0
HCST,0.0,0.0
COX6B1,0.0,0.0
THRA,0.0,0.0
CCR7,0.0,0.0
FRMD8,0.0,0.0
PRDX5,0.0,0.0
BCL2L12,0.0,0.0
IRF3,0.0,0.0
PRMT1,0.0,0.0
RRAS,0.0,0.0
SCAF1,0.0,0.0
PRR12,0.0,0.0
ASL,0.0,0.0
SBDS,0.0,0.0
TRAP1,0.0,0.0
NSRP1,0.0,0.0
DNAJC8,0.0,0.0
AHDC1,0.0,0.0
IFI6,0.0,0.0
FFAR2,0.0,0.0
UBA2,0.0,0.0
CAPNS1,0.0,0.0
ROMO1,0.0,0.0
HNRNPR,0.0,0.0
ZNF436,0.0,0.0
ARMCX5,0.0,0.0
NECAB3,0.0,0.0
ID1,0.0,0.0
DYNLRB1,0.0,0.0
EIF2S2,0.0,0.0
ERGIC3,0.0,0.0
CEP250,0.0,0.0
LRFN3,0.0,0.0
KDM5C,0.0,0.0
TMEM115,0.0,0.0
PSMB2,0.0,0.0
ST3GAL3,0.0,0.0
HECTD3,0.0,0.0
KLC1,0.0,0.0
XRCC3,0.0,0.0
TUBGCP3,0.0,0.0
UXT,0.0,0.0
TIMM17B,0.0,0.0
S1PR4,0.0,0.0
ATG14,0.0,0.0
TRAF2,0.0,0.0
PLAAT1,0.0,0.0
HELB,0.0,0.0
RAP1B,0.0,0.0
RAB3IP,0.0,0.0
DYRK2,0.0,0.0
IDUA,0.0,0.0
FGFRL1,0.0,0.0
AUNIP,0.0,0.0
PIN1,0.0,0.0
EMC1,0.0,0.0
UBR4,0.0,0.0
HP1BP3,0.0,0.0
ADGRE2,0.0,0.0
SLC35E1,0.0,0.0
EPS15L1,0.0,0.0
F2RL3,0.0,0.0
UQCR11,0.0,0.0
GFER,0.0,0.0
COX7C,0.0,0.0
BCL11B,0.0,0.0
PPCS,0.0,0.0
OMG,0.0,0.0
KTN1,0.0,0.0
DLGAP5,0.0,0.0
L3HYPDH,0.0,0.0
ZBTB1,0.0,0.0
TRMT5,0.0,0.0
SGPP1,0.0,0.0
PZP,0.0,0.0
EVI2A,0.0,0.0
LOC101927057,0.0,0.0
HIVEP3,0.0,0.0
DYNC2I1,0.0,0.0
FAM78A,0.0,0.0
SLC10A3,0.0,0.0
MAP2K2,0.0,0.0
HNRNPH2,0.0,0.0
TIMM8A,0.0,0.0
ZC4H2,0.0,0.0
INTS11,0.0,0.0
NCLN,0.0,0.0
MCM8,0.0,0.0
PKMYT1,0.0,0.0
MBOAT7,0.0,0.0
TM9SF2,0.0,0.0
HROB,0.0,0.0
RNF113A,0.0,0.0
SEPTIN6,0.0,0.0
TMEM255A,0.0,0.0
NDUFA1,0.0,0.0
DMAC2L,0.0,0.0
PTGER2,0.0,0.0
FAM193A,0.0,0.0
GRK4,0.0,0.0
HS3ST3B1,0.0,0.0
GGA3,0.0,0.0
ARMC7,0.0,0.0
SLC25A19,0.0,0.0
MIF4GD,0.0,0.0
MSTO1,0.0,0.0
TTF1,0.0,0.0
GTF3C4,0.0,0.0
DDX31,0.0,0.0
ABCC4,0.0,0.0
RAP2A,0.0,0.0
TMTC4,0.0,0.0
RUNX2,0.0,0.0
CDKN1A,0.0,0.0
SOX4,0.0,0.0
GLO1,0.0,0.0
RREB1,0.0,0.0
SSR1,0.0,0.0
RIOK1,0.0,0.0
RPP40,0.0,0.0
EEF1E1,0.0,0.0
EREG,0.0,0.0
CLYBL,0.0,0.0
MYRF,0.0,0.0
AHNAK,0.0,0.0
EMC3,0.0,0.0
CNOT1,0.0,0.0
BBS2,0.0,0.0
PHAF1,0.0,0.0
GOT2,0.0,0.0
DOK4,0.0,0.0
KIR2DL1,0.0,0.0
OPRL1,0.0,0.0
ITPA,0.0,0.0
SLC2A4RG,0.0,0.0
SYMPK,0.0,0.0
GPCPD1,0.0,0.0
PANK2,0.0,0.0
CD93,0.0,0.0
GZF1,0.0,0.0
NAPB,0.0,0.0
CENPB,0.0,0.0
DTD1,0.0,0.0
RBCK1,0.0,0.0
STK35,0.0,0.0
SNRPB,0.0,0.0
AP5S1,0.0,0.0
RRBP1,0.0,0.0
BMP2,0.0,0.0
MKKS,0.0,0.0
LAMP5,0.0,0.0
SNRPB2,0.0,0.0
MGME1,0.0,0.0
TBC1D20,0.0,0.0
VASP,0.0,0.0
EML2,0.0,0.0
RTN2,0.0,0.0
TNFSF9,0.0,0.0
IL1B,0.0,0.0
CHCHD5,0.0,0.0
PAX8,0.0,0.0
INSIG2,0.0,0.0
CCDC93,0.0,0.0
GTF2F1,0.0,0.0
ALKBH7,0.0,0.0
CLPP,0.0,0.0
THOC2,0.0,0.0
SNRPD2,0.0,0.0
MED1,0.0,0.0
RPL23,0.0,0.0
ATG4C,0.0,0.0
CD70,0.0,0.0
C3,0.0,0.0
GPR108,0.0,0.0
TNFSF14,0.0,0.0
OPA3,0.0,0.0
SYNGR3,0.0,0.0
WDR24,0.0,0.0
ACTR2,0.0,0.0
ABHD17A,0.0,0.0
MIS18BP1,0.0,0.0
NRL,0.0,0.0
RNASE1,0.0,0.0
NEDD8,0.0,0.0
DAD1,0.0,0.0
TEP1,0.0,0.0
EPB41L4A,0.0,0.0
REEP5,0.0,0.0
QRICH2,0.0,0.0
SEC14L1,0.0,0.0
RHBDF2,0.0,0.0
ARHGEF6,0.0,0.0
MAP7D3,0.0,0.0
FGF13,0.0,0.0
ASH2L,0.0,0.0
TTI2,0.0,0.0
CDKN1C,0.0,0.0
KLF16,0.0,0.0
PGAP6,0.0,0.0
EGLN3,0.0,0.0
EAPP,0.0,0.0
SNX6,0.0,0.0
AP1M2,0.0,0.0
FXR2,0.0,0.0
MPDU1,0.0,0.0
PHF20L1,0.0,0.0
DNAAF11,0.0,0.0
CCNT1,0.0,0.0
KRI1,0.0,0.0
ILF3,0.0,0.0
SLC44A2,0.0,0.0
CDKN2D,0.0,0.0
HEATR5A,0.0,0.0
SIGLEC9,0.0,0.0
NGDN,0.0,0.0
RIPK3,0.0,0.0
ADCY4,0.0,0.0
RAB2B,0.0,0.0
BCL2L2,0.0,0.0
DTD2,0.0,0.0
PARP2,0.0,0.0
MAU2,0.0,0.0
CBFA2T3,0.0,0.0
TXNDC17,0.0,0.0
PUDP,0.0,0.0
NSUN5,0.0,0.0
MRPL34,0.0,0.0
PGLS,0.0,0.0
LSM7,0.0,0.0
SNX9,0.0,0.0
RTN4IP1,0.0,0.0
QRSL1,0.0,0.0
MTRES1,0.0,0.0
RSPH3,0.0,0.0
MLLT1,0.0,0.0
AFDN,0.0,0.0
ARPC1B,0.0,0.0
ZSWIM6,0.0,0.0
MAP1S,0.0,0.0
SSBP4,0.0,0.0
GDF15,0.0,0.0
LSM4,0.0,0.0
JUND,0.0,0.0
ZNF557,0.0,0.0
SLC27A1,0.0,0.0
PLVAP,0.0,0.0
GTPBP3,0.0,0.0
CNN1,0.0,0.0
STARD8,0.0,0.0
SAT1,0.0,0.0
GNL3L,0.0,0.0
SH3BP4,0.0,0.0
ECSIT,0.0,0.0
LDLR,0.0,0.0
ELOF1,0.0,0.0
PRKCSH,0.0,0.0
THEM6,0.0,0.0
ATP8B3,0.0,0.0
NECTIN2,0.0,0.0
APOE,0.0,0.0
TOMM40,0.0,0.0
GADD45G,0.0,0.0
XPO7,0.0,0.0
FAM98C,0.0,0.0
SAFB2,0.0,0.0
RPL36,0.0,0.0
ATP1B2,0.0,0.0
PLD2,0.0,0.0
FBXL16,0.0,0.0
EMC4,0.0,0.0
SGCE,0.0,0.0
CASD1,0.0,0.0
ZNF780B,0.0,0.0
LRFN1,0.0,0.0
SRD5A3,0.0,0.0
PAICS,0.0,0.0
PPAT,0.0,0.0
DGCR6L,0.0,0.0
DGCR8,0.0,0.0
YWHAH,0.0,0.0
GNAZ,0.0,0.0
ATF4,0.0,0.0
CDC42EP1,0.0,0.0
TPST2,0.0,0.0
TST,0.0,0.0
APOL2,0.0,0.0
RAC2,0.0,0.0
APOBEC3A,0.0,0.0
APOBEC3A_B,0.0,0.0
PEX1,0.0,0.0
PMS2P3,0.0,0.0
GNAI1,0.0,0.0
RNF6,0.0,0.0
CHTF18,0.0,0.0
MACF1,0.0,0.0
SMARCA4,0.0,0.0
KDM4B,0.0,0.0
TICAM1,0.0,0.0
METTL16,0.0,0.0
TUBA4A,0.0,0.0
AAMP,0.0,0.0
ECHS1,0.0,0.0
STEAP4,0.0,0.0
AKAP9,0.0,0.0
GNG11,0.0,0.0
SEM1,0.0,0.0
HIP1,0.0,0.0
PTPN12,0.0,0.0
POR,0.0,0.0
FGL2,0.0,0.0
STYXL1,0.0,0.0
APOBEC3F,0.0,0.0
SPECC1,0.0,0.0
RPAIN,0.0,0.0
DOCK4,0.0,0.0
TTBK2,0.0,0.0
CCDC32,0.0,0.0
INO80,0.0,0.0
ICE2,0.0,0.0
ALDH1A2,0.0,0.0
MINDY2,0.0,0.0
KNSTRN,0.0,0.0
DUT,0.0,0.0
ARPP19,0.0,0.0
VPS13C,0.0,0.0
LOXL1,0.0,0.0
COPB1,0.0,0.0
PSMA1,0.0,0.0
SUMF2,0.0,0.0
SPCS3,0.0,0.0
SERGEF,0.0,0.0
E2F8,0.0,0.0
DCTD,0.0,0.0
PIMREG,0.0,0.0
TMOD2,0.0,0.0
WDFY4,0.0,0.0
ARHGAP22,0.0,0.0
CALU,0.0,0.0
POT1,0.0,0.0
LSM8,0.0,0.0
CDHR3,0.0,0.0
PRKRIP1,0.0,0.0
IFT22,0.0,0.0
MKLN1,0.0,0.0
DNAJB9,0.0,0.0
LRRC4,0.0,0.0
CCDC136,0.0,0.0
TWSG1,0.0,0.0
KLHDC10,0.0,0.0
NDUFA5,0.0,0.0
MYO1B,0.0,0.0
MTX2,0.0,0.0
CHN1,0.0,0.0
OSGEPL1,0.0,0.0
ORMDL1,0.0,0.0
HAT1,0.0,0.0
MEA1,0.0,0.0
TREM1,0.0,0.0
GNMT,0.0,0.0
RDH10,0.0,0.0
SERP1,0.0,0.0
NR2C1,0.0,0.0
ARL1,0.0,0.0
MTERF2,0.0,0.0
SOCS2,0.0,0.0
WASHC3,0.0,0.0
APAF1,0.0,0.0
DUSP4,0.0,0.0
CLU,0.0,0.0
TNFRSF10B,0.0,0.0
SORBS3,0.0,0.0
PTK2B,0.0,0.0
PDLIM2,0.0,0.0
EPHX2,0.0,0.0
RNF170,0.0,0.0
TARDBP,0.0,0.0
TNFRSF8,0.0,0.0
ZNF706,0.0,0.0
LYPLA1,0.0,0.0
EGR1,0.0,0.0
SIL1,0.0,0.0
LOC100128966,0.0,0.0
CCDC77,0.0,0.0
SNX19,0.0,0.0
MSANTD2,0.0,0.0
PDZD11,0.0,0.0
SLC10A7,0.0,0.0
NUDCD1,0.0,0.0
MASTL,0.0,0.0
PLXDC2,0.0,0.0
EPC1,0.0,0.0
TAF12,0.0,0.0
TGFBI,0.0,0.0
DNAJC15,0.0,0.0
UFM1,0.0,0.0
WBP4,0.0,0.0
HSPH1,0.0,0.0
KBTBD7,0.0,0.0
ALG5,0.0,0.0
EXOSC8,0.0,0.0
ETF1,0.0,0.0
COPS5,0.0,0.0
AKAP1,0.0,0.0
ARAP3,0.0,0.0
COIL,0.0,0.0
CAT,0.0,0.0
PILRB,0.0,0.0
GJB6,0.0,0.0
TBC1D15,0.0,0.0
CCRL2,0.0,0.0
CCR2,0.0,0.0
POLR3GL,0.0,0.0
TNFSF10,0.0,0.0
PIK3CA,0.0,0.0
PDS5A,0.0,0.0
TMEM156,0.0,0.0
LRIF1,0.0,0.0
TMIGD3,0.0,0.0
CLCC1,0.0,0.0
GPSM2,0.0,0.0
CXCR4,0.0,0.0
ZRANB3,0.0,0.0
ACVR2A,0.0,0.0
POLK,0.0,0.0
PEX16,0.0,0.0
CRY2,0.0,0.0
KIF18A,0.0,0.0
TSHZ3,0.0,0.0
TRIM25,0.0,0.0
SCPEP1,0.0,0.0
SPOP,0.0,0.0
FAM117A,0.0,0.0
TMEM131L,0.0,0.0
TENT4B,0.0,0.0
ADCY7,0.0,0.0
CEP89,0.0,0.0
PLBD1,0.0,0.0
NAA50,0.0,0.0
PYROXD1,0.0,0.0
PSPC1,0.0,0.0
ZSCAN18,0.0,0.0
RNF2,0.0,0.0
TRMT1L,0.0,0.0
CSTA,0.0,0.0
POPDC2,0.0,0.0
B4GALT4,0.0,0.0
GORAB,0.0,0.0
WDR55,0.0,0.0
MAD2L1BP,0.0,0.0
SUPT7L,0.0,0.0
FCF1,0.0,0.0
IFI27L2,0.0,0.0
BBOF1,0.0,0.0
ACYP1,0.0,0.0
IFT43,0.0,0.0
DNAL1,0.0,0.0
IRF2BPL,0.0,0.0
ACOT2,0.0,0.0
AREL1,0.0,0.0
MLH3,0.0,0.0
TTLL5,0.0,0.0
FLVCR2,0.0,0.0
SLIRP,0.0,0.0
RBM25,0.0,0.0
ALDH6A1,0.0,0.0
GPR68,0.0,0.0
NRDE2,0.0,0.0
COQ6,0.0,0.0
ZNF410,0.0,0.0
DCAF4,0.0,0.0
YLPM1,0.0,0.0
C19orf25,0.0,0.0
HDHD3,0.0,0.0
RAB14,0.0,0.0
CNTRL,0.0,0.0
TRIM32,0.0,0.0
FBXW2,0.0,0.0
NEK6,0.0,0.0
BSPRY,0.0,0.0
PPP6C,0.0,0.0
NDUFA8,0.0,0.0
RBM18,0.0,0.0
VPS4B,0.0,0.0
SLC46A2,0.0,0.0
HSDL2,0.0,0.0
MAPKAP1,0.0,0.0
NR4A3,0.0,0.0
INVS,0.0,0.0
GALNT12,0.0,0.0
DENND1A,0.0,0.0
CSF3R,0.0,0.0
RHOQ,0.0,0.0
DNMT3A,0.0,0.0
CYSTM1,0.0,0.0
TMEM214,0.0,0.0
AVPI1,0.0,0.0
WDR11,0.0,0.0
ARMH3,0.0,0.0
KCNIP2,0.0,0.0
GOT1,0.0,0.0
GNA13,0.0,0.0
KANSL1,0.0,0.0
DUSP1,0.0,0.0
PANK3,0.0,0.0
RCL1,0.0,0.0
CAAP1,0.0,0.0
MOB3B,0.0,0.0
CD274,0.0,0.0
NUP43,0.0,0.0
MTHFD1L,0.0,0.0
CCDC170,0.0,0.0
PLEKHG1,0.0,0.0
MYCT1,0.0,0.0
TASL,0.0,0.0
DENND10,0.0,0.0
HELLS,0.0,0.0
C10orf88,0.0,0.0
LGALSL,0.0,0.0
ATAD2B,0.0,0.0
FKBP1B,0.0,0.0
ATL2,0.0,0.0
YPEL5,0.0,0.0
FAM98A,0.0,0.0
RASGRP3-AS1,0.0,0.0
YIPF4,0.0,0.0
AFTPH,0.0,0.0
BCL11A,0.0,0.0
SMNDC1,0.0,0.0
CRIPT,0.0,0.0
OGFRL1,0.0,0.0
IDE,0.0,0.0
ELOVL3,0.0,0.0
GPAM,0.0,0.0
CUTC,0.0,0.0
PYROXD2,0.0,0.0
MXI1,0.0,0.0
RPL21,0.0,0.0
MTIF3,0.0,0.0
GTF3A,0.0,0.0
STAU1,0.0,0.0
PI3,0.0,0.0
SNX21,0.0,0.0
SLPI,0.0,0.0
TTPAL,0.0,0.0
PREX1,0.0,0.0
SDC4,0.0,0.0
NCOA3,0.0,0.0
PIGT,0.0,0.0
VAPB,0.0,0.0
PARD6B,0.0,0.0
ATP5F1E,0.0,0.0
CHD6,0.0,0.0
PLCG1,0.0,0.0
TOX2,0.0,0.0
SRSF6,0.0,0.0
ARFGEF2,0.0,0.0
ZNFX1,0.0,0.0
ZNF831,0.0,0.0
CSE1L,0.0,0.0
FAM210B,0.0,0.0
ENKD1,0.0,0.0
SLC12A4,0.0,0.0
BATF3,0.0,0.0
MORF4L2,0.0,0.0
FAM199X,0.0,0.0
RAB9A,0.0,0.0
METTL8,0.0,0.0
TTC21B,0.0,0.0
TNFAIP6,0.0,0.0
SLC36A1,0.0,0.0
LPGAT1,0.0,0.0
KCNJ2,0.0,0.0
FAM124B,0.0,0.0
RAP2C,0.0,0.0
EXOSC9,0.0,0.0
B9D2,0.0,0.0
COQ8B,0.0,0.0
PFKFB2,0.0,0.0
AGO2,0.0,0.0
MXD4,0.0,0.0
ACSL3,0.0,0.0
RAB22A,0.0,0.0
CDH26,0.0,0.0
UBL3,0.0,0.0
SNAI1,0.0,0.0
CEACAM8,0.0,0.0
USP9X,0.0,0.0
BTN2A2,0.0,0.0
SIRT5,0.0,0.0
MRS2,0.0,0.0
RRP36,0.0,0.0
BTN2A3P,0.0,0.0
SNRPC,0.0,0.0
SERPINB6,0.0,0.0
XPO5,0.0,0.0
ABCC10,0.0,0.0
H1-3,0.0,0.0
NQO2,0.0,0.0
OARD1,0.0,0.0
UNC5CL,0.0,0.0
AARS2,0.0,0.0
RPS10,0.0,0.0
H2BC11,0.0,0.0
OR2B6,0.0,0.0
LYPD3,0.0,0.0
ZNF576,0.0,0.0
USP22,0.0,0.0
PEPD,0.0,0.0
STX16,0.0,0.0
PMEPA1,0.0,0.0
RNF114,0.0,0.0
DDX27,0.0,0.0
BCAS4,0.0,0.0
ZBP1,0.0,0.0
MTRR,0.0,0.0
FASTKD3,0.0,0.0
CHST8,0.0,0.0
ATP8A1,0.0,0.0
IQSEC2,0.0,0.0
VAMP7,0.0,0.0
STAMBP,0.0,0.0
NAGK,0.0,0.0
MCEE,0.0,0.0
PAIP2B,0.0,0.0
SNRNP27,0.0,0.0
MPHOSPH10,0.0,0.0
NDUFAF4,0.0,0.0
COL10A1,0.0,0.0
HJURP,0.0,0.0
STIL,0.0,0.0
SEPTIN7,0.0,0.0
EEPD1,0.0,0.0
HERPUD2,0.0,0.0
HNRNPA2B1,0.0,0.0
HYCC1,0.0,0.0
INHBA,0.0,0.0
FKBP9,0.0,0.0
ARL4A,0.0,0.0
CCZ1,0.0,0.0
POLM,0.0,0.0
RAMP3,0.0,0.0
MRM2,0.0,0.0
SMU1,0.0,0.0
SLC25A51,0.0,0.0
RECK,0.0,0.0
ACO1,0.0,0.0
TRIM24,0.0,0.0
CYREN,0.0,0.0
SRGN,0.0,0.0
ZMIZ2,0.0,0.0
PMS2,0.0,0.0
BBS9,0.0,0.0
PRXL2A,0.0,0.0
FYTTD1,0.0,0.0
LAX1,0.0,0.0
KIAA1191,0.0,0.0
COPA,0.0,0.0
CD244,0.0,0.0
LY9,0.0,0.0
SERAC1,0.0,0.0
SHLD2,0.0,0.0
ZNF205,0.0,0.0
SLC66A2,0.0,0.0
NAA60,0.0,0.0
RPL5,0.0,0.0
ODF2L,0.0,0.0
SPATA1,0.0,0.0
TRMT13,0.0,0.0
RWDD3,0.0,0.0
ZNF644,0.0,0.0
RPAP2,0.0,0.0
ECD,0.0,0.0
P4HA1,0.0,0.0
SLC25A16,0.0,0.0
ORMDL2,0.0,0.0
ATP7B,0.0,0.0
ZC3H13,0.0,0.0
ATF1,0.0,0.0
TSFM,0.0,0.0
ARHGAP9,0.0,0.0
MMP19,0.0,0.0
PFDN5,0.0,0.0
SPATS2,0.0,0.0
NR4A1,0.0,0.0
SPRYD7,0.0,0.0
PDE1B,0.0,0.0
LRP1,0.0,0.0
NFE2,0.0,0.0
SMUG1,0.0,0.0
EEF1AKMT3,0.0,0.0
KBTBD4,0.0,0.0
SARDH,0.0,0.0
ATPAF1,0.0,0.0
EBPL,0.0,0.0
WDR83,0.0,0.0
VPS26A,0.0,0.0
BHLHE41,0.0,0.0
RBM19,0.0,0.0
CIT,0.0,0.0
IFT81,0.0,0.0
ACADS,0.0,0.0
DDX54,0.0,0.0
MED13L,0.0,0.0
CDKN2C,0.0,0.0
RNF11,0.0,0.0
ITPR2,0.0,0.0
ADGRE5,0.0,0.0
CCDC91,0.0,0.0
NECAB1,0.0,0.0
WWP1,0.0,0.0
ACOT9,0.0,0.0
PRDX4,0.0,0.0
DDX39A,0.0,0.0
PKN1,0.0,0.0
TRIR,0.0,0.0
OLFM1,0.0,0.0
CAMSAP1,0.0,0.0
UBAC1,0.0,0.0
MRPS9,0.0,0.0
NPL,0.0,0.0
NIBAN1,0.0,0.0
PIGC,0.0,0.0
LAMC1,0.0,0.0
RC3H1,0.0,0.0
SP110,0.0,0.0
MRPL44,0.0,0.0
DOCK10,0.0,0.0
TTLL4,0.0,0.0
USP37,0.0,0.0
ITM2C,0.0,0.0
SERPINE2,0.0,0.0
DNAJB2,0.0,0.0
WNT10A,0.0,0.0
TMBIM1,0.0,0.0
EIF4E2,0.0,0.0
CAB39,0.0,0.0
REV1,0.0,0.0
TMEM127,0.0,0.0
CEP350,0.0,0.0
DHX9,0.0,0.0
RNASEL,0.0,0.0
DYNC1LI2,0.0,0.0
CCDC142,0.0,0.0
KCNMB4,0.0,0.0
USP15,0.0,0.0
GNS,0.0,0.0
CPM,0.0,0.0
MDM2,0.0,0.0
MPHOSPH6,0.0,0.0
KIAA0513,0.0,0.0
FBXL8,0.0,0.0
STX6,0.0,0.0
FHOD1,0.0,0.0
PCNX2,0.0,0.0
URB2,0.0,0.0
EGLN1,0.0,0.0
ABCB10,0.0,0.0
NTPCR,0.0,0.0
TAF5L,0.0,0.0
GLUL,0.0,0.0
EDAR,0.0,0.0
C2orf49,0.0,0.0
RAB11FIP5,0.0,0.0
ANKRD36,0.0,0.0
SPRY2,0.0,0.0
RCBTB2,0.0,0.0
LCP1,0.0,0.0
SETDB2,0.0,0.0
SCRN1,0.0,0.0
TNS3,0.0,0.0
CHST12,0.0,0.0
IGF2BP3,0.0,0.0
RAC1,0.0,0.0
KDELR2,0.0,0.0
NUP42,0.0,0.0
IL6,0.0,0.0
ZDHHC4,0.0,0.0
BZW2,0.0,0.0
TBRG4,0.0,0.0
HUS1,0.0,0.0
DBNL,0.0,0.0
CCM2,0.0,0.0
MYO1G,0.0,0.0
ITM2B,0.0,0.0
LMO7,0.0,0.0
COG3,0.0,0.0
VPS36,0.0,0.0
SCYL2,0.0,0.0
CKAP4,0.0,0.0
APPL2,0.0,0.0
PWP1,0.0,0.0
DRAM1,0.0,0.0
WASHC4,0.0,0.0
VILL,0.0,0.0
NEK3,0.0,0.0
RNASEH2B,0.0,0.0
RPL13AP25,0.0,0.0
CKAP2,0.0,0.0
TBC1D4,0.0,0.0
BORA,0.0,0.0
LRCH1,0.0,0.0
SUCLA2,0.0,0.0
RCBTB1,0.0,0.0
MED4,0.0,0.0
PHF11,0.0,0.0
SMYD5,0.0,0.0
CCT7,0.0,0.0
DSC2,0.0,0.0
RINT1,0.0,0.0
RFK,0.0,0.0
UBQLN1,0.0,0.0
NAA35,0.0,0.0
ANXA1,0.0,0.0
CTSL,0.0,0.0
CEMIP2,0.0,0.0
AGTPBP1,0.0,0.0
GOLM1,0.0,0.0
ISCA1,0.0,0.0
HAVCR2,0.0,0.0
USP30,0.0,0.0
FBXO21,0.0,0.0
RNFT2,0.0,0.0
P2RX4,0.0,0.0
BICDL1,0.0,0.0
DTX1,0.0,0.0
TRAFD1,0.0,0.0
CCDC146,0.0,0.0
CD36,0.0,0.0
OSTF1,0.0,0.0
WDR36,0.0,0.0
NREP,0.0,0.0
GGACT,0.0,0.0
TPGS2,0.0,0.0
SLC43A3,0.0,0.0
TIMM10,0.0,0.0
DHX34,0.0,0.0
TMEM258,0.0,0.0
C5AR2,0.0,0.0
TMEM165,0.0,0.0
CLOCK,0.0,0.0
ARGLU1,0.0,0.0
APC,0.0,0.0
ERCC5,0.0,0.0
TPP2,0.0,0.0
CARS2,0.0,0.0
ARHGAP32,0.0,0.0
STT3A,0.0,0.0
ETS1,0.0,0.0
SLC37A2,0.0,0.0
TMED7,0.0,0.0
HILPDA,0.0,0.0
SRPK2,0.0,0.0
SEMA4F,0.0,0.0
MDFIC,0.0,0.0
TROAP,0.0,0.0
TSPAN31,0.0,0.0
TFCP2,0.0,0.0
COQ10A,0.0,0.0
PAN2,0.0,0.0
ESPL1,0.0,0.0
ZC3H10,0.0,0.0
HNRNPA1,0.0,0.0
OS9,0.0,0.0
KCNH3,0.0,0.0
MAP7,0.0,0.0
CD164,0.0,0.0
AFG1L,0.0,0.0
AHI1,0.0,0.0
SMPD2,0.0,0.0
MICAL1,0.0,0.0
REPS1,0.0,0.0
STX11,0.0,0.0
PRADC1,0.0,0.0
CDK4,0.0,0.0
RDH5,0.0,0.0
TESPA1,0.0,0.0
PRR5L,0.0,0.0
MTO1,0.0,0.0
ANKRD6,0.0,0.0
KHDC1,0.0,0.0
SNX14,0.0,0.0
NT5E,0.0,0.0
AKIRIN2,0.0,0.0
ORC3,0.0,0.0
MAP3K7,0.0,0.0
LMO2,0.0,0.0
ITGA7,0.0,0.0
NAT10,0.0,0.0
PRRG4,0.0,0.0
CAPRIN1,0.0,0.0
ATP5MC2,0.0,0.0
DNAJC14,0.0,0.0
CD63,0.0,0.0
AVIL,0.0,0.0
GDF11,0.0,0.0
TTYH3,0.0,0.0
MTHFS,0.0,0.0
ABHD17C,0.0,0.0
RDX,0.0,0.0
TLR2,0.0,0.0
MYO7A,0.0,0.0
ARRB1,0.0,0.0
THAP12,0.0,0.0
ANKRD42,0.0,0.0
NUMA1,0.0,0.0
SYTL2,0.0,0.0
RAB30,0.0,0.0
CREBZF,0.0,0.0
NARS2,0.0,0.0
RNF121,0.0,0.0
MRPL15,0.0,0.0
TGS1,0.0,0.0
SDCBP,0.0,0.0
DDX60,0.0,0.0
SORL1,0.0,0.0
BUD13,0.0,0.0
TRPC6,0.0,0.0
DCUN1D5,0.0,0.0
FHDC1,0.0,0.0
CPEB2,0.0,0.0
FGFBP2,0.0,0.0
BPHL,0.0,0.0
GMPR,0.0,0.0
YIPF3,0.0,0.0
TMEM14B,0.0,0.0
TMEM63B,0.0,0.0
FRS3,0.0,0.0
IRF4,0.0,0.0
TUBB2A,0.0,0.0
LRRC1,0.0,0.0
UQCC2,0.0,0.0
FAM8A1,0.0,0.0
HMGA1,0.0,0.0
FLOT1,0.0,0.0
IER3,0.0,0.0
MDC1,0.0,0.0
TPMT,0.0,0.0
NRM,0.0,0.0
VARS2,0.0,0.0
TAF8,0.0,0.0
SLC37A4,0.0,0.0
FDX1,0.0,0.0
TM6SF1,0.0,0.0
C11orf1,0.0,0.0
GCHFR,0.0,0.0
BCAR3,0.0,0.0
TTLL7,0.0,0.0
KYAT3,0.0,0.0
GTF2B,0.0,0.0
RABGGTB,0.0,0.0
IFI44L,0.0,0.0
ARHGAP29,0.0,0.0
IFI44,0.0,0.0
RPL7P9,0.0,0.0
RTCA,0.0,0.0
IFT172,0.0,0.0
HADHB,0.0,0.0
PPM1B,0.0,0.0
PNPT1,0.0,0.0
DYNC2LI1,0.0,0.0
THUMPD2,0.0,0.0
CYP1B1,0.0,0.0
RAB1A,0.0,0.0
GCOM1,0.0,0.0
RSL24D1,0.0,0.0
ZNF280D,0.0,0.0
MAPKBP1,0.0,0.0
FXYD6,0.0,0.0
TMPRSS13,0.0,0.0
CASP5,0.0,0.0
ALKBH8,0.0,0.0
MAP2K5,0.0,0.0
SQOR,0.0,0.0
CTDSPL2,0.0,0.0
THBS1,0.0,0.0
NUSAP1,0.0,0.0
CYP19A1,0.0,0.0
NDUFAF1,0.0,0.0
KNL1,0.0,0.0
RTF1,0.0,0.0
PARP6,0.0,0.0
TUBGCP4,0.0,0.0
RMDN3,0.0,0.0
TMEM62,0.0,0.0
ADAM10,0.0,0.0
KIF13A,0.0,0.0
KLC4,0.0,0.0
PPIL1,0.0,0.0
FOXP4,0.0,0.0
SMPD4,0.0,0.0
WDR33,0.0,0.0
CCDC115,0.0,0.0
SAP130,0.0,0.0
BIN1,0.0,0.0
IMP4,0.0,0.0
HS6ST1,0.0,0.0
UGGT1,0.0,0.0
GYPC,0.0,0.0
ABI1,0.0,0.0
YME1L1,0.0,0.0
DNAJC1,0.0,0.0
NIPSNAP3A,0.0,0.0
LRRC8A,0.0,0.0
CDK9,0.0,0.0
ECPAS,0.0,0.0
KLF4,0.0,0.0
TOR1A,0.0,0.0
RALGPS1,0.0,0.0
IL1RN,0.0,0.0
ZNG1B,0.0,0.0
RPS6KC1,0.0,0.0
RTP4,0.0,0.0
CALCOCO2,0.0,0.0
RSAD1,0.0,0.0
VEZF1,0.0,0.0
TACO1,0.0,0.0
TEX2,0.0,0.0
DCAF7,0.0,0.0
LIMD2,0.0,0.0
KAT7,0.0,0.0
ACTL6A,0.0,0.0
VPS45,0.0,0.0
NDUFB5,0.0,0.0
MRPL47,0.0,0.0
TRA2B,0.0,0.0
MARCHF7,0.0,0.0
ERMN,0.0,0.0
TANK,0.0,0.0
BLK,0.0,0.0
SKIL,0.0,0.0
ST6GALNAC4,0.0,0.0
STXBP1,0.0,0.0
SLC2A8,0.0,0.0
TLN1,0.0,0.0
DERL1,0.0,0.0
CCN3,0.0,0.0
DMAC1,0.0,0.0
PLAA,0.0,0.0
IL11RA,0.0,0.0
UBAP2,0.0,0.0
APTX,0.0,0.0
RNF38,0.0,0.0
SIT1,0.0,0.0
ARPC5L,0.0,0.0
DNAJB5,0.0,0.0
SPAG8,0.0,0.0
DCTN3,0.0,0.0
TMEM8B,0.0,0.0
ARHGEF39,0.0,0.0
DENND4C,0.0,0.0
RPS6,0.0,0.0
CNPY3,0.0,0.0
DSCC1,0.0,0.0
RPL35,0.0,0.0
CDK5RAP2,0.0,0.0
ATP6V1G1,0.0,0.0
SLC31A2,0.0,0.0
SLC31A1,0.0,0.0
TLR4,0.0,0.0
ZNF189,0.0,0.0
STX17,0.0,0.0
PRPF4,0.0,0.0
FPGS,0.0,0.0
USP20,0.0,0.0
TEX10,0.0,0.0
PDCL,0.0,0.0
MRPL50,0.0,0.0
TSTD2,0.0,0.0
HEMGN,0.0,0.0
PSMB7,0.0,0.0
TRMO,0.0,0.0
GOLGA1,0.0,0.0
NCBP1,0.0,0.0
ANP32B,0.0,0.0
RNF138,0.0,0.0
PRPF38A,0.0,0.0
ZBTB46,0.0,0.0
DHX30,0.0,0.0
ZSCAN5A,0.0,0.0
SELENOS,0.0,0.0
CHSY1,0.0,0.0
SNRPA1,0.0,0.0
LLGL1,0.0,0.0
THAP1,0.0,0.0
C19orf12,0.0,0.0
FAAP24,0.0,0.0
ACTR10,0.0,0.0
ABHD12B,0.0,0.0
GCH1,0.0,0.0
LGALS3,0.0,0.0
DNAJB1,0.0,0.0
FBXW9,0.0,0.0
RFX1,0.0,0.0
DCAF15,0.0,0.0
CC2D1A,0.0,0.0
TRIM21,0.0,0.0
LRRC41,0.0,0.0
ZNF304,0.0,0.0
MCCC2,0.0,0.0
PDHA1,0.0,0.0
CA6,0.0,0.0
NDFIP1,0.0,0.0
EXOC4,0.0,0.0
ACAP3,0.0,0.0
C1orf159,0.0,0.0
PPFIA1,0.0,0.0
TMEM204,0.0,0.0
THOC6,0.0,0.0
NINJ1,0.0,0.0
NPHP4,0.0,0.0
PRKAB2,0.0,0.0
MAP1B,0.0,0.0
WDR44,0.0,0.0
TOP2A,0.0,0.0
STARD3,0.0,0.0
RARA,0.0,0.0
CHD1L,0.0,0.0
PEX11B,0.0,0.0
PIAS3,0.0,0.0
CCT6B,0.0,0.0
NUP210,0.0,0.0
AOC2,0.0,0.0
FCRLA,0.0,0.0
FIGNL1,0.0,0.0
GRSF1,0.0,0.0
JCHAIN,0.0,0.0
ANKRD17,0.0,0.0
UTP3,0.0,0.0
WBP2,0.0,0.0
H3-3B,0.0,0.0
TRIM47,0.0,0.0
ZRANB2,0.0,0.0
KDM6B,0.0,0.0
CLEC10A,0.0,0.0
GPS2,0.0,0.0
XAF1,0.0,0.0
DLG4,0.0,0.0
VPS13B,0.0,0.0
MATN2,0.0,0.0
PCBD2,0.0,0.0
SDF2,0.0,0.0
FLOT2,0.0,0.0
LANCL2,0.0,0.0
SEC61G,0.0,0.0
PNISR,0.0,0.0
SCLY,0.0,0.0
EMILIN2,0.0,0.0
TRIM5,0.0,0.0
RRP8,0.0,0.0
TIMM10B,0.0,0.0
EFR3A,0.0,0.0
PTCD3,0.0,0.0
IMMT,0.0,0.0
RAMP1,0.0,0.0
PTPRE,0.0,0.0
TMEM128,0.0,0.0
RAN,0.0,0.0
PRKAA1,0.0,0.0
CARD6,0.0,0.0
RAP1GAP2,0.0,0.0
CLUH,0.0,0.0
MYBBP1A,0.0,0.0
RPA1,0.0,0.0
EEFSEC,0.0,0.0
DIAPH1,0.0,0.0
PSMC3IP,0.0,0.0
TUT4,0.0,0.0
LRP3,0.0,0.0
GMFG,0.0,0.0
MAP3K10,0.0,0.0
LRRC47,0.0,0.0
SESN2,0.0,0.0
ATP5IF1,0.0,0.0
MED18,0.0,0.0
THEMIS2,0.0,0.0
CLIP1,0.0,0.0
HIP1R,0.0,0.0
ZNF317,0.0,0.0
PPAN,0.0,0.0
EIF3G,0.0,0.0
SHFL,0.0,0.0
DNMT1,0.0,0.0
ZNF426,0.0,0.0
SLC6A8,0.0,0.0
PLXNA3,0.0,0.0
MPP1,0.0,0.0
ZNF331,0.0,0.0
TMEM160,0.0,0.0
EIF2S3,0.0,0.0
ATG4D,0.0,0.0
PAK4,0.0,0.0
HELZ2,0.0,0.0
SAMD10,0.0,0.0
LSP1,0.0,0.0
TNNT3,0.0,0.0
TNNI2,0.0,0.0
ATXN10,0.0,0.0
TUBGCP2,0.0,0.0
PNPLA7,0.0,0.0
CEP85,0.0,0.0
YIPF2,0.0,0.0
OSBPL2,0.0,0.0
ADRM1,0.0,0.0
EXOSC2,0.0,0.0
UCK1,0.0,0.0
CHMP2A,0.0,0.0
UBE2M,0.0,0.0
TRIM28,0.0,0.0
METTL26,0.0,0.0
ZNF236,0.0,0.0
MTRFR,0.0,0.0
RPL27,0.0,0.0
NOL11,0.0,0.0
COX7B,0.0,0.0
F12,0.0,0.0
PRR7,0.0,0.0
NFATC1,0.0,0.0
CAP1,0.0,0.0
PPT1,0.0,0.0
RAB11FIP4,0.0,0.0
RLIM,0.0,0.0
HAUS8,0.0,0.0
ADGRE3,0.0,0.0
MRPS25,0.0,0.0
SH3BP5,0.0,0.0
TBC1D5,0.0,0.0
CAPN7,0.0,0.0
RFTN1,0.0,0.0
KCNC3,0.0,0.0
NR1H2,0.0,0.0
KIF3A,0.0,0.0
TUBG1,0.0,0.0
SH3BGRL,0.0,0.0
CHMP1A,0.0,0.0
GINS2,0.0,0.0
SYNE1,0.0,0.0
UBE4B,0.0,0.0
CASZ1,0.0,0.0
HABP4,0.0,0.0
SLC35D2,0.0,0.0
UBA1,0.0,0.0
TXLNGY,0.0,0.0
PPIL4,0.0,0.0
AKAP12,0.0,0.0
EPS8L1,0.0,0.0
GSE1,0.0,0.0
AAR2,0.0,0.0
RBM39,0.0,0.0
ZNF341,0.0,0.0
GGT7,0.0,0.0
ZNF227,0.0,0.0
ZNF141,0.0,0.0
COX4I1,0.0,0.0
EMC8,0.0,0.0
ERAL1,0.0,0.0
PRMT7,0.0,0.0
NIP7,0.0,0.0
CD101,0.0,0.0
CDK7,0.0,0.0
CD180,0.0,0.0
IRAK2,0.0,0.0
CAMK1,0.0,0.0
THUMPD3,0.0,0.0
VHL,0.0,0.0
BHLHE40,0.0,0.0
ARL8B,0.0,0.0
DPH6,0.0,0.0
KATNBL1,0.0,0.0
EMC7,0.0,0.0
GSTM1,0.0,0.0
TSPAN2,0.0,0.0
GSTM3,0.0,0.0
VAV3,0.0,0.0
SORT1,0.0,0.0
PTGFRN,0.0,0.0
LAMTOR5,0.0,0.0
NOTCH2,0.0,0.0
MRPS36,0.0,0.0
IER3IP1,0.0,0.0
MBD2,0.0,0.0
SARAF,0.0,0.0
CA1,0.0,0.0
SWAP70,0.0,0.0
BMAL1,0.0,0.0
AMPD3,0.0,0.0
SBF2,0.0,0.0
MICAL2,0.0,0.0
HSD17B4,0.0,0.0
ZFC3H1,0.0,0.0
RNF122,0.0,0.0
CTIF,0.0,0.0
DPF2,0.0,0.0
ERG28,0.0,0.0
DGLUCY,0.0,0.0
NUMB,0.0,0.0
COX16,0.0,0.0
EIF2S1,0.0,0.0
LOXL2,0.0,0.0
ELP3,0.0,0.0
CEPT1,0.0,0.0
NAPG,0.0,0.0
TERF2,0.0,0.0
PPHLN1,0.0,0.0
IL15RA,0.0,0.0
CCNH,0.0,0.0
TMEM241,0.0,0.0
DOCK2,0.0,0.0
KLRD1,0.0,0.0
KLRC1,0.0,0.0
DDB2,0.0,0.0
ACP2,0.0,0.0
RTL8C,0.0,0.0
RAB33A,0.0,0.0
RBMX2,0.0,0.0
PIWIL4,0.0,0.0
SPOCD1,0.0,0.0
YARS1,0.0,0.0
PHC2,0.0,0.0
GNL2,0.0,0.0
AGO4,0.0,0.0
HOOK1,0.0,0.0
BTF3L4,0.0,0.0
ECHDC3,0.0,0.0
ANKRD16,0.0,0.0
IL2RA,0.0,0.0
RSAD2,0.0,0.0
FKBP11,0.0,0.0
TMEM106C,0.0,0.0
SLC38A2,0.0,0.0
PLEKHA8P1,0.0,0.0
YWHAQ,0.0,0.0
KIDINS220,0.0,0.0
GRHL1,0.0,0.0
ROCK2,0.0,0.0
LPIN1,0.0,0.0
RBM17,0.0,0.0
IAH1,0.0,0.0
LDHA,0.0,0.0
IL6ST,0.0,0.0
NAV1,0.0,0.0
CDC73,0.0,0.0
TIMM17A,0.0,0.0
NARS1,0.0,0.0
RELCH,0.0,0.0
E2F5,0.0,0.0
IMPA1,0.0,0.0
LARS1,0.0,0.0
IPO8,0.0,0.0
ZBED3,0.0,0.0
PATJ,0.0,0.0
FBXO44,0.0,0.0
ZMYM5,0.0,0.0
XPO4,0.0,0.0
POMP,0.0,0.0
CDK8,0.0,0.0
ALOX5AP,0.0,0.0
HMGB1P5,0.0,0.0
MYH10,0.0,0.0
PEMT,0.0,0.0
SCO1,0.0,0.0
MPRIP,0.0,0.0
CHI3L1,0.0,0.0
PIK3C2B,0.0,0.0
DSTYK,0.0,0.0
SLC41A1,0.0,0.0
LGR6,0.0,0.0
TMCC2,0.0,0.0
AP3B1,0.0,0.0
PPP1R3D,0.0,0.0
SERINC3,0.0,0.0
DAP3,0.0,0.0
VPS4A,0.0,0.0
ANKEF1,0.0,0.0
PCED1A,0.0,0.0
BTBD3,0.0,0.0
PCNA,0.0,0.0
NXT1,0.0,0.0
POLR3F,0.0,0.0
RIN2,0.0,0.0
KHDC4,0.0,0.0
OSER1,0.0,0.0
ARHGEF11,0.0,0.0
DCAF8,0.0,0.0
IGHMBP2,0.0,0.0
TESMIN,0.0,0.0
TOE1,0.0,0.0
NASP,0.0,0.0
CTNNBL1,0.0,0.0
RBM38,0.0,0.0
CCNA1,0.0,0.0
RXFP2,0.0,0.0
EPSTI1,0.0,0.0
GIMAP6,0.0,0.0
MYH11,0.0,0.0
CEP20,0.0,0.0
MED10,0.0,0.0
PDZD2,0.0,0.0
MORC2,0.0,0.0
SLC2A11,0.0,0.0
C1QTNF6,0.0,0.0
SEC14L4,0.0,0.0
ADCK2,0.0,0.0
RTN3,0.0,0.0
AGAP3,0.0,0.0
KRBA1,0.0,0.0
ZNF767P,0.0,0.0
ACTR3B,0.0,0.0
C12orf29,0.0,0.0
TMEM254,0.0,0.0
TMTC1,0.0,0.0
KRAS,0.0,0.0
PLAAT2,0.0,0.0
LGALS12,0.0,0.0
RFXAP,0.0,0.0
EPHB2,0.0,0.0
TPT1,0.0,0.0
RFC3,0.0,0.0
MORC4,0.0,0.0
BEX2,0.0,0.0
TCEAL4,0.0,0.0
BEX1,0.0,0.0
FAM104A,0.0,0.0
SLC39A11,0.0,0.0
SRRM1,0.0,0.0
WDR74,0.0,0.0
BTBD2,0.0,0.0
PRAM1,0.0,0.0
KMT5C,0.0,0.0
HSPBP1,0.0,0.0
CSNK1G2,0.0,0.0
SLF1,0.0,0.0
CNDP2,0.0,0.0
MACROD1,0.0,0.0
LINC02009,0.0,0.0
